0.0;1.0359172473871168
0.002;0.9686622346993955
0.004;1.0654158647735912
0.006;0.907551939491175
0.008;0.9143785114392096
0.01;0.7983660232061689
0.012;0.7774930490051812
0.014;0.6157633951255488
0.016;0.6229641350252764
0.018000000000000002;0.45345890478046075
0.02;0.4497442894407029
0.022;0.4322183825915278
0.024;0.3675585287604345
0.026000000000000002;0.23872154975579715
0.028;0.24763851879168236
0.03;0.13398097844930795
0.032;0.20945721550762333
0.034;0.126656784683452
0.036000000000000004;0.02660709587008637
0.038;0.0968522299663619
0.04;0.06800845083207643
0.042;0.1034596306167794
0.044;0.07330588073915863
0.046;0.033864440013528035
0.048;-0.06108147062855498
0.05;0.07142665053721851
0.052000000000000005;-0.0789508919343191
0.054;-0.02237015917819391
0.056;0.0371874270406386
0.058;-0.02851849237732069
0.06;0.05969597952747676
0.062;0.040236794125377874
0.064;0.06528586742072448
0.066;0.022563324459338497
0.068;0.05190842765922133
0.07;-0.025659840368478758
0.07200000000000001;-0.027931303338492003
0.074;-0.038616461718592614
0.076;0.025724893994251954
0.078;-0.026172260262958654
0.08;-0.01420442056677357
0.082;-0.005236426300884153
0.084;0.03808449643710134
0.08600000000000001;0.0690581447515644
0.088;0.03609819824697143
0.09;-0.08436140660759371
0.092;0.08439359314748537
0.094;0.05303481126742299
0.096;0.04901234410326734
0.098;0.04276478648716752
0.1;0.0001606302964365057
0.10200000000000001;0.07233299731890354
0.10400000000000001;0.025830956591776127
0.106;-0.05072486545180772
0.108;0.0684171840052798
0.11;0.00287375028215189
0.112;-0.04769757939369419
0.114;0.02339407373251833
0.116;-0.03928743768189384
0.11800000000000001;0.06151789421908099
0.12;0.0009685256246478036
0.122;0.04590863115327443
0.124;0.043262839599322735
0.126;0.00034146336585628295
0.128;-0.02986640551117631
0.13;0.08335325947808582
0.132;0.06591856998405882
0.134;0.08055181690005679
0.136;0.08942071241474829
0.138;0.03373237681169044
0.14;-0.07198216753087355
0.14200000000000002;0.021350234451067457
0.14400000000000002;-0.002220300478834144
0.146;0.02061876551478445
0.148;-0.12152649160200861
0.15;-0.0018831054621692364
0.152;-0.009348274956294922
0.154;0.07823540733723927
0.156;-0.0015621481543421877
0.158;-0.013525124909714522
0.16;0.004470167881658535
0.162;0.030304026608304467
0.164;0.020406430028896756
0.166;0.022894218154000043
0.168;0.0013945787709343342
0.17;-0.0027744751625600195
0.17200000000000001;0.04337077958496516
0.17400000000000002;0.06627967274160218
0.176;0.1542551888677517
0.178;0.08266590609517509
0.18;-0.03510680871994067
0.182;0.09007247665460763
0.184;0.01317901814209399
0.186;0.06185516622844521
0.188;0.09042755522059329
0.19;-0.007053372666260459
0.192;0.039069075939568265
0.194;0.11957239388483479
0.196;0.02987547670858811
0.198;0.06096962453711412
0.2;-0.02078747944724061
0.202;0.019702992383548574
0.20400000000000001;0.0368954659454035
0.20600000000000002;0.07909850919606196
0.20800000000000002;0.04810258094869579
0.21;-0.005841151787985853
0.212;0.017029056457986448
0.214;-0.0146643977678683
0.216;0.11058524098216735
0.218;-0.01822413335941505
0.22;0.09110630251813218
0.222;-0.011125368945945506
0.224;0.06384643745893559
0.226;0.03163551129244029
0.228;0.04325882930563369
0.23;0.11712423277954095
0.232;-0.029884868937870776
0.234;0.12076593228833984
0.23600000000000002;0.0777418963244855
0.23800000000000002;0.08199643918396615
0.24;0.00811462586039375
0.242;0.023801138112349945
0.244;-0.035518799510308875
0.246;0.0006806899783104101
0.248;0.06398274625561959
0.25;0.12360669632325183
0.252;0.07917929100892411
0.254;0.0906867503482483
0.256;0.07623937793056218
0.258;0.02999389308383318
0.26;0.08032167526917511
0.262;0.049957718130330196
0.264;0.03558141981134645
0.266;0.07997552976983746
0.268;0.10806356192258389
0.27;-0.06738100565079773
0.272;0.04233676029521394
0.274;-0.005904038816573545
0.276;0.058086424015832555
0.278;0.19553922929207462
0.28;0.06103404160387761
0.28200000000000003;0.11974193721042545
0.28400000000000003;0.05772526395746522
0.28600000000000003;0.05580298404820576
0.28800000000000003;0.034564480940781656
0.29;0.02493973609589826
0.292;0.03190790066992214
0.294;-0.02082470620545135
0.296;0.10279541953928102
0.298;0.07998311581760795
0.3;0.08415934450844628
0.302;0.0027294084442155003
0.304;0.050783664529109235
0.306;0.04680190025096515
0.308;-0.022267022468792017
0.31;0.09795920814826078
0.312;0.14900095764666385
0.314;0.048487223240826376
0.316;0.028492024211610067
0.318;0.023634426961796712
0.32;0.018715007502743172
0.322;0.03295291099496157
0.324;0.036438190994811354
0.326;0.05991477418008297
0.328;0.056832888607669996
0.33;0.1075661325588417
0.332;0.07388149881020462
0.334;0.10154164872572846
0.336;0.07107708590395231
0.338;0.09317298156350677
0.34;0.03493773218626562
0.342;-0.01891641271112244
0.34400000000000003;0.0781637772632427
0.34600000000000003;0.16340567485847632
0.34800000000000003;0.09344033763308167
0.35000000000000003;0.005373944508711641
0.352;0.007665271794405314
0.354;0.06686000371256828
0.356;0.03782452936100829
0.358;0.1592357301740832
0.36;0.016591363035109108
0.362;0.09022887001144254
0.364;0.06988578736988331
0.366;0.01886555733941754
0.368;0.10082785701004812
0.37;0.10579702846401719
0.372;-0.00408475427895412
0.374;0.08932991925007187
0.376;0.015997582558058915
0.378;0.12106045090663711
0.38;0.10296142914372194
0.382;0.061464994729421046
0.384;0.0038447460979169207
0.386;-0.005296209880048308
0.388;0.09670167498294953
0.39;0.09123154000758413
0.392;0.09368880199775288
0.394;0.17288322710336
0.396;0.09343808174352156
0.398;0.031892139131436244
0.4;0.2077039711998796
0.402;0.09005634027810822
0.404;0.06285649146837015
0.406;0.04225090063009574
0.40800000000000003;0.015834707918481766
0.41000000000000003;-0.014331197453212485
0.41200000000000003;-0.008062696712351186
0.41400000000000003;0.08586147874006402
0.41600000000000004;0.02369469729434527
0.418;0.10356029306937194
0.42;0.05111812480163883
0.422;0.1983903073479526
0.424;0.047089137768098754
0.426;0.08996582330304666
0.428;0.007872042200455717
0.43;0.02948431695216193
0.432;0.08280452028594294
0.434;0.09890244350751097
0.436;0.061576832021017186
0.438;0.07563851794117789
0.44;0.019606207491767856
0.442;0.14165854891638427
0.444;0.048793513111011835
0.446;0.03897435472258436
0.448;0.1431678174164931
0.45;0.022559956107480135
0.452;0.1527312717984788
0.454;0.05730469341641835
0.456;0.029444559828667984
0.458;0.04807623745904424
0.46;0.034235815762930576
0.462;0.001203635065507233
0.464;0.028355817988677305
0.466;0.05062973719659436
0.468;0.10746094569580703
0.47000000000000003;0.05455352677993117
0.47200000000000003;0.05986371501687125
0.47400000000000003;0.07287817741392144
0.47600000000000003;0.0670119023067864
0.47800000000000004;0.046130049830570924
0.48;0.062131716428057905
0.482;0.07088918383889092
0.484;0.06947630560810049
0.486;0.10920764115447806
0.488;0.07405360746894604
0.49;0.05044076059195329
0.492;-0.0174169590454126
0.494;0.028538290442011394
0.496;0.15742298699749518
0.498;0.05079475226678608
0.5;0.09961141673765565
0.502;0.09961450516947888
0.504;0.03394574608513512
0.506;0.05946732222817741
0.508;0.13597259160095493
0.51;0.07954777333454788
0.512;0.039642115775051306
0.514;0.02630948362012643
0.516;0.11729311246393109
0.518;0.09245958250569945
0.52;0.03516596549876519
0.522;0.13173740347667004
0.524;0.05085419744099977
0.526;0.07243412254319215
0.528;0.13004850474107116
0.53;0.14462619906381058
0.532;0.07766022665793859
0.534;0.1288528234550276
0.536;0.13749353743350265
0.538;0.11160031078702266
0.54;0.1452365806235694
0.542;0.08071788784416471
0.544;0.05112563079835012
0.546;0.09234720491677996
0.548;0.04462246421336961
0.55;0.1143025528898151
0.552;0.049628258578341695
0.554;0.015872717545831527
0.556;0.11607680964220489
0.558;0.17448867853153602
0.56;0.1809604617527948
0.562;0.14725383044834023
0.5640000000000001;0.1516241319566357
0.5660000000000001;0.05512596033359894
0.5680000000000001;0.06938312697277212
0.5700000000000001;0.03274701006013449
0.5720000000000001;0.13494449888281704
0.5740000000000001;0.13876648747426928
0.5760000000000001;0.09358689821762504
0.578;0.15881642583185718
0.58;0.11357236978896697
0.582;0.12077105275427297
0.584;0.14305763675562055
0.586;0.12287908048432089
0.588;0.06833375757631086
0.59;0.05649636070742759
0.592;0.09950350713565688
0.594;0.0882679430743461
0.596;0.11208268474975823
0.598;0.1305593420170087
0.6;0.048420307425982224
0.602;0.021179576277529866
0.604;0.08114573357190391
0.606;0.1510323612452868
0.608;0.13124141459576324
0.61;0.17866200947204147
0.612;0.02078091264608345
0.614;0.10578966428924193
0.616;0.04493666400471425
0.618;0.16577560009085018
0.62;0.13103707652663474
0.622;-0.011990307661351285
0.624;0.09879451327776062
0.626;0.03176160171795077
0.628;0.08337853333547854
0.63;0.10448018846578598
0.632;0.15501139664806135
0.634;0.1081583292242576
0.636;0.1227976537822703
0.638;0.06032833200226064
0.64;0.052450187401628
0.642;0.08668420117767503
0.644;0.16531178609614885
0.646;0.054530132514476054
0.648;0.12308304221251709
0.65;0.1051039861663819
0.652;0.10419762781209935
0.654;0.10526675987557543
0.656;0.11971024192501578
0.658;0.08131434844186969
0.66;0.029920601073034042
0.662;0.11702689197176917
0.664;0.06370360283726653
0.666;0.11803468839669798
0.668;0.10346378594921254
0.67;0.07901209119905846
0.672;0.06890783539452393
0.674;0.16860632281476062
0.676;0.13777163415381483
0.678;0.1789318810583984
0.68;0.003170199152172898
0.682;0.10617019644430296
0.684;0.01465031459207422
0.686;0.09723814272010967
0.6880000000000001;0.09712818730752916
0.6900000000000001;0.008524272870800279
0.6920000000000001;0.1608840326836945
0.6940000000000001;0.04377485580637296
0.6960000000000001;0.04275078119153666
0.6980000000000001;0.06615937834193764
0.7000000000000001;0.08143200969719107
0.7020000000000001;0.06005479404232305
0.704;0.21003352619064652
0.706;0.0001639174311580116
0.708;0.09019182928779194
0.71;0.09556369791134534
0.712;0.11456330396963914
0.714;0.10855049455707044
0.716;0.10397549379698645
0.718;0.031397518267319485
0.72;0.08039073966194299
0.722;0.15932111025389864
0.724;0.13058184999076375
0.726;0.14061194936890442
0.728;0.10605487377247717
0.73;0.0787361536492175
0.732;0.1507748835022702
0.734;0.06408582294018297
0.736;0.13071138945795321
0.738;0.10314963310791961
0.74;0.10030084329391577
0.742;0.05052341996544394
0.744;0.08243025863110733
0.746;0.04912613032194434
0.748;0.18689279080298649
0.75;0.14840729440880132
0.752;0.1526371622016212
0.754;0.07836527803626087
0.756;0.041105734931681785
0.758;0.1701042074744274
0.76;0.162835189830637
0.762;0.23484386324320378
0.764;0.20508672346749982
0.766;0.16581277005242093
0.768;0.2779812302440064
0.77;0.2768280061407466
0.772;0.45016838144701526
0.774;0.3974611301210885
0.776;0.3714958446785078
0.778;0.5507275684975421
0.78;0.48814185711350794
0.782;0.6100554180902154
0.784;0.7135104151652206
0.786;0.8463982087986952
0.788;0.8891359592103473
0.79;0.9091640925296969
0.792;0.9918979387204573
0.794;1.0452136175289688
0.796;1.042321245740376
0.798;1.1058847639374174
0.8;1.212918060957827
0.802;1.105135872951632
0.804;1.0148241787275805
0.806;1.058502715770264
0.808;1.0308018442821199
0.81;0.9065750838744504
0.812;0.8882027576977614
0.8140000000000001;0.8194422567366365
0.8160000000000001;0.7813586313861219
0.8180000000000001;0.6813449029454892
0.8200000000000001;0.6511343788464636
0.8220000000000001;0.5000078986166405
0.8240000000000001;0.43905230716079635
0.8260000000000001;0.46670109300748236
0.8280000000000001;0.3716148325241181
0.8300000000000001;0.34176058232316914
0.8320000000000001;0.266577953741217
0.834;0.263252191282054
0.836;0.252368928267423
0.838;0.11923057140767218
0.84;0.27495938388801155
0.842;0.16927371347663944
0.844;0.0746090815708235
0.846;0.0849486858856415
0.848;0.04239174098278442
0.85;0.009783146708151697
0.852;0.16042136091424664
0.854;0.0770705036164349
0.856;0.0630167172822322
0.858;0.10985188645210467
0.86;0.16866336214888636
0.862;0.08697728872065724
0.864;0.08049186485403564
0.866;0.0988756516372391
0.868;0.03839538984202912
0.87;0.03917807352244916
0.872;0.14492818123763468
0.874;0.10680640195351661
0.876;0.09858874463250035
0.878;0.03930166572634028
0.88;0.08078083156058588
0.882;0.11459630679132214
0.884;0.03973497494019952
0.886;0.11783422591898314
0.888;0.08281788573529389
0.89;0.08977400490050085
0.892;0.08540613133885032
0.894;0.20480306417791116
0.896;0.11920952745808798
0.898;0.07614694676888756
0.9;0.12292105242288749
0.902;0.037954504630058006
0.904;0.03462451327769668
0.906;0.08982839081748843
0.908;0.08854336951924853
0.91;-0.001157652651611621
0.912;0.16891172249927203
0.914;0.14921731417178516
0.916;0.09166830900275272
0.918;0.10889695102299732
0.92;0.01656778190323409
0.922;0.10614613106928333
0.924;0.0644464299272709
0.926;0.1308673325523872
0.928;0.12716217063113838
0.93;0.08710286912231441
0.932;0.06481511966908271
0.934;-0.017266119862467608
0.936;0.13868747787977243
0.9380000000000001;0.08710262028725446
0.9400000000000001;0.1029421750392634
0.9420000000000001;0.013056740734240874
0.9440000000000001;0.11534853267854406
0.9460000000000001;0.03035959418182195
0.9480000000000001;-0.03304091938685749
0.9500000000000001;0.10837978216374945
0.9520000000000001;0.0628744479890509
0.9540000000000001;0.09548717507769916
0.9560000000000001;0.08207013663428099
0.9580000000000001;0.11094981138052784
0.96;0.06944314528289731
0.962;0.14677085906563264
0.964;0.038476925637704024
0.966;0.06324368484894405
0.968;0.07252998227171555
0.97;0.14274011130507977
0.972;0.13578543637941667
0.974;0.019138924093768744
0.976;0.14548321941273484
0.978;0.12154318954785512
0.98;0.08529074540020228
0.982;0.08833907141172441
0.984;0.08084044283809869
0.986;0.10803027445589584
0.988;0.14411375580784458
0.99;0.04580815000652799
0.992;0.08539722149207916
0.994;0.10778619336023038
0.996;0.0557432948822764
0.998;0.13087286544438043
1.0;0.12700395520371882
1.002;0.10035557122459243
1.004;0.12139725854175344
1.006;0.06602606041372541
1.008;0.11835119076828972
1.01;0.09474447581090684
1.012;0.11313660241339779
1.014;0.06098706581539263
1.016;0.09193558047495243
1.018;0.09291920897024175
1.02;0.027791432147103043
1.022;0.0361962676556734
1.024;0.13482747083738647
1.026;0.13861511084426986
1.028;0.0901327510584372
1.03;0.11604304131820828
1.032;0.10844206829770427
1.034;0.08177803594962813
1.036;0.06744244384700775
1.038;0.06000678451475847
1.04;0.18001508540403832
1.042;0.08343067997784981
1.044;0.147012197727198
1.046;0.1472490187939602
1.048;0.11665114730154034
1.05;0.06799297338047719
1.052;0.07075927605744213
1.054;0.05548498936031635
1.056;0.05220859456124525
1.058;0.11399894092889772
1.06;0.14791072842547012
1.062;0.08127206110914306
1.064;0.10352455330876362
1.066;-0.030479126509412993
1.068;0.1722912472454105
1.07;0.04203220452396061
1.072;0.11032553762067861
1.074;0.052158500988821785
1.076;0.011379887641379635
1.078;0.12080055449250456
1.08;0.025195709052644594
1.082;0.08209531305591837
1.084;0.045950503714701496
1.086;0.06748510232314761
1.088;0.176664110213471
1.09;0.11176430483903937
1.092;0.07724465225305947
1.094;0.0878204120275527
1.096;0.13432299679135545
1.098;0.02377988389222621
1.1;0.12542763872969503
1.102;0.17282734699598284
1.104;0.10858694619474601
1.106;0.003197051638329118
1.108;0.05276204406653881
1.11;0.12528238654297716
1.112;0.10451661775905358
1.114;0.0873164017365822
1.116;0.12096975938244325
1.118;0.06790990816623894
1.12;0.10050335751191299
1.122;0.07065798559123665
1.124;0.06688086576680896
1.1260000000000001;0.06746076858626505
1.1280000000000001;0.08703022581157685
1.1300000000000001;0.08069263466231628
1.1320000000000001;0.11077378123102857
1.1340000000000001;0.09455437165583191
1.1360000000000001;0.1182005706873106
1.1380000000000001;0.038318288618451685
1.1400000000000001;0.13869165600570107
1.1420000000000001;0.07075523363832906
1.1440000000000001;0.06438067373838566
1.1460000000000001;0.10811558482571779
1.1480000000000001;0.11041861549790052
1.1500000000000001;0.1022061991582141
1.1520000000000001;0.10746319803530352
1.154;0.11210946323271527
1.156;0.19158368776502616
1.158;0.0668993294624504
1.16;0.08192732067078547
1.162;0.12467712329595758
1.164;0.10877121175547212
1.166;0.006093003133615174
1.168;0.09814940851771867
1.17;0.14710383581940883
1.172;0.07460846951735443
1.174;0.07755135633258259
1.176;0.09623712106859932
1.178;0.08419680620337504
1.18;0.12104258643259866
1.182;0.0373940341810446
1.184;0.091306824175493
1.186;0.09717320246558742
1.188;-0.006754193746787568
1.19;0.11335469207791105
1.192;0.09405768149919788
1.194;0.03282863485747367
1.196;0.1112562640508139
1.198;0.07118299527231312
1.2;0.0324004192849967
1.202;0.04532064400950056
1.204;0.05557397090707179
1.206;-0.03861721943666967
1.208;0.11385834765642933
1.21;0.07524413581260847
1.212;-0.03377531193082568
1.214;0.07050190196716129
1.216;-0.0014814295650857623
1.218;0.12014320473380508
1.22;-0.025348797755541053
1.222;0.11540975230958214
1.224;0.07894062923021934
1.226;0.056979878007544525
1.228;0.069799915245046
1.23;0.05875459994144799
1.232;0.08112419718192648
1.234;0.07513100112873863
1.236;0.16825435839801783
1.238;0.11299207722307483
1.24;0.03509193577342871
1.242;0.10939954002596138
1.244;0.14733873480132081
1.246;0.11970314712509039
1.248;0.012749871265232707
1.25;0.1183485121726381
1.252;0.09870195582709185
1.254;0.055021072171648734
1.256;0.16602140561285433
1.258;0.08568498943478081
1.26;0.05081100992527096
1.262;0.06022180868651504
1.264;0.11105976270962069
1.266;0.06254428600162774
1.268;0.058305786591633615
1.27;0.12025452577586078
1.272;0.013750237563836004
1.274;0.10166087299611773
1.276;-0.010291241382782673
1.278;0.12169423880345208
1.28;0.04857865365019788
1.282;0.09033357385789406
1.284;-0.04276254419364535
1.286;0.004663702142970745
1.288;0.05513391373321341
1.29;0.045093931837072845
1.292;0.03321434651439092
1.294;0.030153444157126043
1.296;0.15576857891185864
1.298;0.0426922755370717
1.3;-0.0032877395186420577
1.302;0.09082314637717173
1.304;0.07222210293287251
1.306;-0.003350271325915949
1.308;0.042279921666120136
1.31;0.1829220773978599
1.312;0.10490017906497048
1.314;0.09835266166083356
1.316;0.17619654692547074
1.318;0.004525472596763544
1.32;0.05254316299400566
1.322;0.10417922815483205
1.324;0.02985651768212647
1.326;0.14110766302199185
1.328;0.026746065317728995
1.33;0.06237503751880231
1.332;0.040481098273582886
1.334;0.05747555206791468
1.336;0.07760146176459694
1.338;0.0716868110278821
1.34;0.05209478385641399
1.342;0.04119303529340489
1.344;0.07537301346994546
1.346;0.05386252788672949
1.348;0.07152406350400767
1.35;0.08402744845352686
1.352;0.0009267224432002799
1.354;0.049344599981786044
1.356;0.06207303972937335
1.358;0.030736057290756125
1.36;0.04806133462671397
1.362;0.051742171456313886
1.364;0.08219439470194054
1.366;0.03776220935458074
1.368;0.062356988935095364
1.37;-0.002532172151429736
1.372;0.04466346767898026
1.374;0.023948661114503285
1.3760000000000001;0.04323961337030058
1.3780000000000001;0.09085294484671116
1.3800000000000001;0.06867074841000612
1.3820000000000001;0.06897447078503162
1.3840000000000001;0.06623540822276097
1.3860000000000001;0.09296370983403537
1.3880000000000001;-0.0034521491749109137
1.3900000000000001;-0.00684487212549896
1.3920000000000001;0.05580374228964219
1.3940000000000001;-0.08231711422100135
1.3960000000000001;0.11267405311426382
1.3980000000000001;0.0545804064809256
1.4000000000000001;-0.023041368282316135
1.4020000000000001;0.09466438560235227
1.4040000000000001;-0.05405600102370611
1.4060000000000001;0.04709936814677347
1.408;0.02736302799312684
1.41;-0.0028418445770691386
1.412;0.0881634738527127
1.414;0.04384079925076353
1.416;0.026224442768939833
1.418;0.13782218922541756
1.42;0.04126556474898564
1.422;0.084802610276214
1.424;0.1269190093127695
1.426;0.03698865471242106
1.428;0.042566701227796655
1.43;0.12248443247010132
1.432;0.06772207357438693
1.434;0.07544067401522038
1.436;-0.005742422184972409
1.438;0.10976432125024639
1.44;0.031186413603836678
1.442;0.03770215185055895
1.444;0.002524311008064932
1.446;0.15759650051043117
1.448;0.1239090948187691
1.45;0.10796619260109519
1.452;-0.045562755661520085
1.454;0.011920281198856242
1.456;0.12874299959212
1.458;0.11746201930101967
1.46;0.06696224593133543
1.462;-0.0228520062520935
1.464;-0.0326029615141419
1.466;0.0915260308473898
1.468;0.03851932249279291
1.47;0.1443012807786448
1.472;-0.032602714895799086
1.474;-0.017141831598663018
1.476;0.02448862492712539
1.478;-0.01643238231692301
1.48;-0.05600611360171264
1.482;0.043797064782800696
1.484;0.10026196683246637
1.486;-0.040393931223784214
1.488;0.010555187046973457
1.49;0.06845353601857737
1.492;0.0613467763561371
1.494;-0.021812548397781288
1.496;-0.024964246714585907
1.498;-0.012935859757804244
1.5;-0.02404291782338858
1.502;0.0628042430692134
1.504;0.14200886496465687
1.506;-0.02539745964173617
1.508;0.03803333526837688
1.51;-0.025686132005499566
1.512;0.030259906212391798
1.514;-0.0181449222984321
1.516;-0.00020000502053803618
1.518;-0.05749786613542378
1.52;0.07375152575087188
1.522;0.02061740826728083
1.524;0.01224602439591219
1.526;-0.051653167741410454
1.528;0.05421347799205128
1.53;0.05528576506223033
1.532;-0.000816385237109335
1.534;0.1733917060402286
1.536;-0.013266924543416665
1.538;-0.022506763741280682
1.54;-0.03271795378487685
1.542;0.055349995711656136
1.544;0.004837381804140083
1.546;0.14865029873919539
1.548;0.04175049459518631
1.55;0.07631508274227793
1.552;0.05860887403410926
1.554;0.1298242003492518
1.556;-0.021993268646410002
1.558;0.004317951539401871
1.56;0.10091889719509509
1.562;0.03685097636950337
1.564;0.04360179349654489
1.566;0.1398656673543579
1.568;0.11755689416273464
1.57;0.2150387399794376
1.572;0.23591281633392922
1.574;0.3708560424772046
1.576;0.44504151488719995
1.578;0.4127596045847646
1.58;0.5326931233125872
1.582;0.5947208240391225
1.584;0.6174609152821787
1.586;0.7621459925784654
1.588;0.7788308634645658
1.59;0.824767743206037
1.592;0.8819829564927407
1.594;0.9082666988286625
1.596;1.0777132449238795
1.598;1.0764217622243344
1.6;1.0541834854255838
1.602;0.9498681708835227
1.604;0.9441254536258141
1.606;0.9468685307291722
1.608;0.8312999383441516
1.61;0.8346456257339202
1.612;0.7403535054788324
1.614;0.7116267228625128
1.616;0.6017885642093137
1.618;0.5729900264291369
1.62;0.5199351650089141
1.622;0.4279060259943171
1.624;0.39764850098769416
1.6260000000000001;0.3036108659041253
1.6280000000000001;0.16622819463322913
1.6300000000000001;0.1584753971891287
1.6320000000000001;0.20042415038816067
1.6340000000000001;0.08315350206757195
1.6360000000000001;0.08736358846384455
1.6380000000000001;0.06530326908643845
1.6400000000000001;0.07324969612214233
1.6420000000000001;0.022070882522601646
1.6440000000000001;0.033680194616150266
1.6460000000000001;-0.007457130560853779
1.6480000000000001;0.08098126605606597
1.6500000000000001;0.05479530837056825
1.6520000000000001;0.06832121747638902
1.6540000000000001;-0.10242341841644387
1.6560000000000001;-0.005879145819305419
1.6580000000000001;0.09138789230824666
1.6600000000000001;0.03771781095505377
1.6620000000000001;0.031221184028554103
1.6640000000000001;-0.04720950690575066
1.666;0.011222482890720451
1.668;0.08554896978595186
1.67;-0.0802938424156828
1.672;0.010285236068800645
1.674;0.08597061809113277
1.676;0.039005016162357325
1.678;-0.07043392524282631
1.68;-0.01784521173884567
1.682;-0.05419089104567941
1.684;-0.03684831426233457
1.686;-0.08028527149641422
1.688;0.09114478756499213
1.69;0.09003484209289564
1.692;0.01632742427816346
1.694;0.018124110538749467
1.696;0.004681198634456627
1.698;-0.005690844263598063
1.7;-0.0802800171374026
1.702;-0.031593171468358175
1.704;0.09280246756324742
1.706;-0.046644619924825076
1.708;-0.05133561131013653
1.71;-0.02964371803667251
1.712;-0.01986972292320326
1.714;0.0008089354267466035
1.716;-0.06017254007519116
1.718;0.005453954224013298
1.72;0.038785758798078995
1.722;0.020840862684105017
1.724;0.038802691172679545
1.726;-0.0763446882265798
1.728;0.008248042845040202
1.73;0.013271579309118618
1.732;-0.017334001323526735
1.734;-0.03666116476795816
1.736;0.049907137947610876
1.738;-0.010543496221073997
1.74;0.06146144132741654
1.742;0.0606392273343694
1.744;-0.011224442546222815
1.746;-0.012900127952337494
1.748;0.032343359690865985
1.75;-0.01671127485372854
1.752;0.024345085694057005
1.754;-0.03139306867129131
1.756;-0.07169678716528852
1.758;0.035595886555152355
1.76;-0.11381703255620157
1.762;-0.006673366860507627
1.764;0.020606211130856988
1.766;-0.004443755338375778
1.768;-0.02344307087047747
1.77;-0.04746947461460459
1.772;-0.05302797853993358
1.774;-0.004268107208642794
1.776;-0.03602996251437032
1.778;-0.01582165811661617
1.78;-0.0742297212984577
1.782;-0.020424836305875677
1.784;-0.058449222125419635
1.786;-0.07696040572898923
1.788;-0.05493783033202045
1.79;0.017616189193465245
1.792;0.052185052610133426
1.794;-0.07318265634877504
1.796;-0.035520808632700684
1.798;0.008228417190664333
1.8;-0.0068267750100333355
1.802;-0.004470611168118328
1.804;-0.08221578008505309
1.806;0.04738372015687593
1.808;0.06746711875344295
1.81;0.02446992139678196
1.812;-0.018366384625675275
1.814;0.05712178329718843
1.816;0.028923072643088667
1.818;-0.06746156756851718
1.82;0.0052700816391902175
1.822;-0.021579541295378552
1.824;-0.09594682836296883
1.826;-0.021037068057755168
1.828;0.040970983566761515
1.83;-0.02562367286727252
1.832;-0.03978251183501106
1.834;-0.04775526714779192
1.836;-0.03535126104838884
1.838;-0.08355004385837608
1.84;-0.010445199544388026
1.842;-0.06912541179670133
1.844;-0.06311712722791854
1.846;-0.08338719946673506
1.848;0.002204565406112087
1.85;-0.07649324850656661
1.852;-0.058078297297391626
1.854;-0.05723085532144302
1.856;-0.10194690827805816
1.858;-0.010151076912184268
1.86;-0.13705912481011248
1.862;-0.008533062954027372
1.864;0.028255804407790942
1.866;-0.025961906963039964
1.868;-0.0396461594668084
1.87;-0.14910353192305184
1.872;-0.0844796632676889
1.874;-0.003304993537173076
1.8760000000000001;-0.04607474736977012
1.8780000000000001;-0.024206840623821252
1.8800000000000001;-0.04830176775797454
1.8820000000000001;-0.16398507344195448
1.8840000000000001;-0.10346077175958061
1.8860000000000001;-0.03900661087763468
1.8880000000000001;0.003711729212357004
1.8900000000000001;-0.12954255224613664
1.8920000000000001;-0.06986022084787973
1.8940000000000001;-0.031401015454905735
1.8960000000000001;-0.18039477383844285
1.8980000000000001;0.03900378859419304
1.9000000000000001;-0.12326955824460742
1.9020000000000001;-0.08337511955861307
1.9040000000000001;-0.05719880376228419
1.9060000000000001;-0.1140953626843165
1.9080000000000001;-0.04860642365190814
1.9100000000000001;-0.07539984852314331
1.9120000000000001;0.012938803343247568
1.9140000000000001;-0.08797451508624621
1.9160000000000001;-0.01701465054207407
1.9180000000000001;0.0051673999883127125
1.92;0.02658722675754273
1.922;0.014187475869628693
1.924;0.04389714150004803
1.926;-0.057273557416838664
1.928;-0.005489590856508027
1.93;-0.06789401641620585
1.932;-0.07077821103131217
1.934;-0.07386655288335313
1.936;-0.03712486708631965
1.938;-0.08607982661509943
1.94;-0.04476606576761242
1.942;-0.1020143762540344
1.944;-0.11040407137348315
1.946;-0.04033091133593528
1.948;-0.07015033509510916
1.95;-0.05410177798203648
1.952;-0.025105451479863556
1.954;-0.08613434642598282
1.956;-0.11930448654223796
1.958;-0.06202857747534173
1.96;0.01053556152211127
1.962;0.0005890136951267333
1.964;-0.0580666649248549
1.966;-0.038541053315576945
1.968;-0.06936206695187766
1.97;-0.032601629699734645
1.972;-0.06879891375362099
1.974;-0.02851736269573832
1.976;-0.057015723740414505
1.978;-0.027855950438316873
1.98;-0.04823505872733797
1.982;-0.0596487318916035
1.984;-0.031233824674409806
1.986;-0.045955349088053384
1.988;-0.0925357743155939
1.99;-0.12604909052406252
1.992;-0.05118643403034401
1.994;0.0026202329497962973
1.996;-0.008179138126096365
1.998;0.014894394773461037
2.0;-0.06292483810841012
2.0020000000000002;-0.02632870652088739
2.004;-0.03819220948573239
2.0060000000000002;-0.05537812270697488
2.008;-0.10687319592722802
2.0100000000000002;-0.07024384587545908
2.012;-0.10131447872275601
2.0140000000000002;0.0018642829006718792
2.016;-0.06057556276377842
2.0180000000000002;-0.14253208085867675
2.02;-0.052064010839920044
2.0220000000000002;-0.1103457080287582
2.024;-0.05825008714717349
2.0260000000000002;-0.09556135210324111
2.028;-0.12246004877112246
2.0300000000000002;-0.14934987623320584
2.032;-0.020698973318899277
2.0340000000000003;-0.044376974723917426
2.036;-0.008137022287645422
2.0380000000000003;-0.11748343556734399
2.04;-0.050270529946448775
2.0420000000000003;-0.01590435599600616
2.044;-0.07867652956451185
2.0460000000000003;0.001229792625008469
2.048;-0.017925503508924516
2.05;-0.056630792604073936
2.052;-0.18377332574373212
2.054;-0.054473708855793695
2.056;-0.0736907425203107
2.058;-0.12133641250958943
2.06;-0.03647224870059961
2.062;-0.07754719249178522
2.064;-0.0646942198093215
2.066;-0.08376214507744202
2.068;-0.026496920218039184
2.07;0.011350292099307518
2.072;-0.11052199302831398
2.074;-0.0881947018699163
2.076;-0.04086824076779792
2.078;-0.08045797479303779
2.08;-0.0730021897177286
2.082;0.0022251969871463217
2.084;-0.10321826107361681
2.086;-0.005271228642162812
2.088;-0.17411239930979738
2.09;-0.06440862494912972
2.092;-0.12815928811245209
2.094;-0.08260885368416931
2.096;-0.11045491077544126
2.098;-0.08225953520578494
2.1;-0.08730083902013906
2.102;-0.08497216020050975
2.104;-0.016209453421888564
2.106;-0.04131608756742183
2.108;-0.013683958215960051
2.11;0.0037417794097085733
2.112;-0.09317705080063025
2.114;-0.1065573560403266
2.116;-0.0242552416647824
2.118;-0.11382669295626352
2.12;-0.14702001122600278
2.122;-0.04310700146645871
2.124;-0.1030706710617404
2.126;-0.11233569739578181
2.128;-0.15227292709680257
2.13;-0.14159883303109483
2.132;-0.10215348787093957
2.134;-0.06717814963770805
2.136;-0.1115153719356829
2.138;-0.08882772272430882
2.14;-0.0890887018707235
2.142;-0.09772758841401938
2.144;-0.1332820269999959
2.146;-0.06588649980096238
2.148;-0.09906566646950996
2.15;0.008678250406012111
2.152;-0.0469356990581114
2.154;-0.054369819376778095
2.156;-0.1289846799790423
2.158;-0.03966955519531076
2.16;-0.11541142404742408
2.162;-0.07316416773301378
2.164;-0.15503440294842033
2.166;-0.09499134797308792
2.168;-0.04748729802129031
2.17;0.009295458484647634
2.172;-0.09819989668474777
2.174;-0.05374265402123553
2.176;-0.09071019669109115
2.178;-0.12607279723994597
2.18;-0.0853332628496833
2.182;-0.14437474774954506
2.184;-0.02756337991770176
2.186;-0.05773894397972256
2.188;-0.019147588010258995
2.19;-0.08111711055326314
2.192;-0.07513956068170222
2.194;-0.04246048092944202
2.196;0.022332024271883494
2.198;-0.12588829254711142
2.2;0.0009309381207871503
2.202;-0.05989075254260641
2.204;-0.050285645405684816
2.206;-0.07623639144642676
2.208;-0.07746380262121996
2.21;0.006833708460612722
2.212;-0.07246248653730969
2.214;0.03598417055496703
2.216;-0.04756151047090368
2.218;-0.11263993889456335
2.22;-0.10123482432537524
2.222;-0.06276623349870002
2.224;-0.043163175966352996
2.226;0.029048821914544387
2.228;-0.0794103632745854
2.23;-0.10580863029104036
2.232;-0.13790862898135217
2.234;-0.09183085547082397
2.236;-0.07026529267409336
2.238;-0.131867670002353
2.24;-0.13022613365364757
2.242;-0.15199321100885618
2.244;-0.10826292216634277
2.246;-0.06368851997311584
2.248;-0.124172953970111
2.25;-0.06236840407720398
2.2520000000000002;-0.1106319389812235
2.254;-0.045011236012122716
2.2560000000000002;-0.054216255419079186
2.258;-0.07665407490624535
2.2600000000000002;-0.10130681546696478
2.262;0.01103313734533018
2.2640000000000002;-0.11249257827217894
2.266;-0.09371604291625991
2.2680000000000002;-0.10849688063141474
2.27;-0.05285630586492142
2.2720000000000002;-0.13342059402865653
2.274;-0.04854975236142541
2.2760000000000002;-0.0849322050061616
2.278;-0.08978117401110376
2.2800000000000002;0.012071706843520005
2.282;-0.09743122999032627
2.2840000000000003;-0.10568039514451512
2.286;-0.07012692545562492
2.2880000000000003;-0.1172501354774262
2.29;-0.13099027264777646
2.2920000000000003;-0.07027782394924513
2.294;-0.153789483954723
2.2960000000000003;-0.12080909129276243
2.298;-0.10670863749795245
2.3000000000000003;-0.09960446115311897
2.302;-0.19778281177671658
2.3040000000000003;-0.09633681015161841
2.306;-0.21091351971664796
2.308;-0.06127965160671861
2.31;-0.07756389307246744
2.312;-0.1362505843582945
2.314;-0.022763273856485702
2.316;-0.09684443464355144
2.318;-0.15259840659291152
2.32;-0.16526817053818138
2.322;-0.12308526396378812
2.324;-0.10093049568280471
2.326;-0.10748637930965135
2.328;-0.02181385439050959
2.33;-0.034413382300523786
2.332;-0.16569777442268457
2.334;-0.10142242556951277
2.336;-0.0789374126376551
2.338;-0.0788741703473673
2.34;-0.08368954191989068
2.342;-0.12738731329652028
2.344;-0.09347688439900269
2.346;-0.10593885907296482
2.348;-0.11242674506920489
2.35;-0.09080308610344519
2.352;-0.0678277994654545
2.354;-0.007911339206012016
2.356;-0.10414577304495662
2.358;-0.02938446374260488
2.36;-0.05708451146319274
2.362;0.0031197397593329262
2.364;-0.002167554789129486
2.366;0.05345934956843215
2.368;0.1224618842190583
2.37;0.13868499988483868
2.372;0.1633930559750833
2.374;0.12222523622074367
2.376;0.18279765355568922
2.378;0.4326282895515571
2.38;0.40727415534192335
2.382;0.4096109938269903
2.384;0.5567144816245144
2.386;0.5740843421340822
2.388;0.6691811154706093
2.39;0.7589771484863299
2.392;0.7919051666104576
2.394;0.8320813800658756
2.396;0.9072446830759466
2.398;0.8586410320348287
2.4;0.8458485281760042
2.402;0.9063623851646416
2.404;0.9002982321967001
2.406;0.8658123359896805
2.408;0.7307445192278206
2.41;0.7465114311616432
2.412;0.5996326233790537
2.414;0.6055133204183746
2.416;0.5400631777069707
2.418;0.4927571195594804
2.42;0.48180797586115065
2.422;0.32732701548104154
2.424;0.23877883690464496
2.426;0.12956556474900496
2.428;0.09959579439965269
2.43;0.1041355228956237
2.432;0.10489130499453167
2.434;0.019051175529884584
2.436;0.0363784005524358
2.438;-0.009885746956242877
2.44;-0.11576982047073973
2.442;0.011549926616052184
2.444;-0.051866751043241885
2.446;-0.040867732513278396
2.448;-0.13961429947565612
2.45;-0.09878478967372221
2.452;-0.1816962115447007
2.454;-0.11893277517005545
2.456;-0.11483871627396411
2.458;-0.2099254188823046
2.46;-0.13035667841856327
2.462;-0.12120854903285905
2.464;-0.06668766559350062
2.466;-0.10232121191907702
2.468;-0.13254681965881498
2.47;-0.1704856060100488
2.472;-0.07861431636495823
2.474;-0.01876957534389448
2.476;-0.15474357581852693
2.478;-0.09762751876706656
2.48;0.024893152038632696
2.482;-0.1627938818677321
2.484;-0.04698103055955646
2.486;-0.11157403238445962
2.488;-0.07764550637532563
2.49;-0.13730377759461593
2.492;-0.1665170483493805
2.494;-0.12000061868650501
2.496;-0.16569765375267723
2.498;0.0006688847769085182
2.5;-0.12418496310661398
2.5020000000000002;-0.07371416826908722
2.504;-0.05840728947518808
2.5060000000000002;-0.12888038433676646
2.508;-0.07851120708734083
2.5100000000000002;-0.10422747589443522
2.512;-0.14536190084276196
2.5140000000000002;-0.08165333316809063
2.516;-0.06771980125671952
2.5180000000000002;-0.04768811618998798
2.52;-0.0708811979867984
2.5220000000000002;-0.1354314386563396
2.524;-0.09477532603843841
2.5260000000000002;-0.07371428740714046
2.528;0.012314753432815281
2.5300000000000002;-0.11878791509704667
2.532;-0.053878286662098894
2.5340000000000003;-0.1466114537330523
2.536;-0.15690349351093988
2.5380000000000003;-0.07327931280260491
2.54;-0.11832825141819661
2.5420000000000003;-0.020928447272201764
2.544;-0.08143804140409346
2.5460000000000003;-0.05678122368560659
2.548;-0.08974685407299067
2.5500000000000003;-0.14403057052575663
2.552;-0.12272629766919471
2.5540000000000003;-0.09141044264941604
2.556;-0.1267540399746502
2.5580000000000003;-0.06303088525481244
2.56;-0.07473224953436021
2.562;-0.08493824349221879
2.564;-0.08391101386028633
2.566;-0.06460505384114212
2.568;-0.09166426071884815
2.57;-0.0030702133755945438
2.572;-0.08364835678398078
2.574;-0.08985960775233766
2.576;-0.1260965356824358
2.578;-0.094844158027202
2.58;-0.12094741700587898
2.582;-0.19603065983998233
2.584;-0.060354187273754654
2.586;-0.1211697452192324
2.588;-0.1071278316043919
2.59;-0.05291866985140016
2.592;-0.06312344435704993
2.594;-0.027057963472497032
2.596;-0.02606907096932
2.598;-0.037561847996626076
2.6;-0.033744406681979325
2.602;-0.12768375929597386
2.604;-0.11865598844325222
2.606;-0.0977654196190694
2.608;-0.0562665379213486
2.61;-0.0764858200907851
2.612;-0.04550813750245421
2.614;-0.09765452328356385
2.616;-0.13099406567868702
2.618;-0.10044832414721724
2.62;-0.14197492428205782
2.622;-0.06481866386523726
2.624;-0.1420947195186877
2.626;-0.08562181771154136
2.628;-0.14748065486850614
2.63;-0.1677231977343443
2.632;-0.049566406376083116
2.634;0.006999202996960982
2.636;-0.13301411835368807
2.638;-0.061226872078424845
2.64;-0.007582870847351583
2.642;-0.13463549413164932
2.644;-0.02119127956032857
2.646;-0.07707639995139814
2.648;-0.07051029753943193
2.65;-0.024851176316918022
2.652;-0.1199227754114851
2.654;-0.10908753060719249
2.656;-0.19926219067590664
2.658;-0.10724901241675289
2.66;-0.023355396847710236
2.662;-0.12113361586789873
2.664;-0.08656040232398872
2.666;-0.04776048839432956
2.668;-0.1540424561785252
2.67;-0.09215579069787601
2.672;-0.03583741615746808
2.674;-0.07495342881886113
2.676;-0.042873296069257175
2.678;-0.11286992068679148
2.68;-0.09173129660893872
2.682;-0.21114754181523274
2.684;-0.17921174262070336
2.686;-0.012243649790268568
2.688;-0.013216823903556316
2.69;-0.06407629167520831
2.692;-0.14902280340155866
2.694;-0.09667016157775302
2.696;-0.11477625722750649
2.698;-0.04466707823511805
2.7;-0.02681485507605126
2.702;-0.11375435707025676
2.704;-0.009963280911911246
2.706;-0.09017720133948894
2.708;-0.021793959438695
2.71;-0.13287779360007124
2.712;-0.11320114001957021
2.714;-0.14504397099823668
2.716;-0.14314881583443248
2.718;-0.048593264987119765
2.72;-0.07350695060281327
2.722;-0.047122813821347885
2.724;-0.13299793352481545
2.726;-0.0111518841287149
2.728;-0.1645512781892851
2.73;-0.09706516149463079
2.732;-0.056099107814172766
2.734;-0.14749120357429193
2.736;-0.11699225212693135
2.738;-0.16019426815589433
2.74;-0.17737150090208434
2.742;-0.10022854439674787
2.744;-0.022528133435387038
2.746;-0.08722404175466975
2.748;-0.13034917000278987
2.75;-0.08352213639783722
2.7520000000000002;-0.0812594969655576
2.754;-0.11947994764352116
2.7560000000000002;-0.17271618835452968
2.758;-0.0768870040052146
2.7600000000000002;-0.07330394815049096
2.762;-0.03577443093370727
2.7640000000000002;-0.09243946990004473
2.766;-0.1297586254083814
2.7680000000000002;-0.06345765745143161
2.77;-0.08115804530778807
2.7720000000000002;-0.034628825111049165
2.774;-0.12118461463046629
2.7760000000000002;-0.04954964896163975
2.778;-0.1504791198553204
2.7800000000000002;-0.13455862695473178
2.782;-0.09485198224317935
2.7840000000000003;-0.16448331258047605
2.786;-0.13976293974980175
2.7880000000000003;-0.1218128586772298
2.79;-0.061798125340370116
2.7920000000000003;-0.07954480800990443
2.794;-0.12359034574288967
2.7960000000000003;-0.07303347610900307
2.798;-0.04409063618342588
2.8000000000000003;-0.1188135082185034
2.802;-0.1432256913469016
2.8040000000000003;-0.1498976255884713
2.806;-0.007929042143938317
2.8080000000000003;-0.09640975534717929
2.81;-0.08884733709669732
2.8120000000000003;-0.03232592366163233
2.814;-0.10165985046302434
2.816;-0.05055077030890217
2.818;-0.1506560127465295
2.82;-0.13523150398503192
2.822;-0.12907456251458727
2.824;-0.04245411034362979
2.826;-0.10553175294993582
2.828;-0.06537620505353173
2.83;-0.09963746953722805
2.832;-0.10165579758620696
2.834;-0.10221279766309577
2.836;-0.11300914103145412
2.838;-0.22009097333793015
2.84;-0.052172236029147875
2.842;-0.189456819840657
2.844;-0.09394885133152077
2.846;-0.10649937899789438
2.848;-0.08112505223012732
2.85;-0.020104830613417043
2.852;-0.0908250389554558
2.854;-0.16042759794061862
2.856;-0.048695573043880586
2.858;-0.16611103976333538
2.86;-0.037941323782854454
2.862;-0.0655151207437052
2.864;-0.1310925275040022
2.866;0.06651753620474503
2.868;-0.16247231826278197
2.87;-0.11103404049258159
2.872;-0.0429045836538954
2.874;-0.09268848559782565
2.876;-0.18577869987943885
2.878;-0.06067197893860281
2.88;0.0642311843723767
2.882;0.02649807120951303
2.884;-0.01652671449639355
2.886;-0.08456196911392731
2.888;-0.10521073784690377
2.89;-0.07654831414256778
2.892;-0.0490281322994224
2.894;-0.12867326451307473
2.896;-0.05911974570420525
2.898;-0.06507096732444961
2.9;-0.04640632272292122
2.902;-0.008156537955671936
2.904;0.0031659526921542086
2.906;-0.03731265881203685
2.908;-0.13777152107362078
2.91;-0.10381093546185916
2.912;-0.07571866189516027
2.914;-0.11170176897208364
2.916;0.03470541749167515
2.918;-0.021533853870565084
2.92;-0.038900450845819855
2.922;-0.02033467268135647
2.924;-0.08379257991498203
2.926;-0.0239156175678083
2.928;-0.1065366074192329
2.93;-0.03167653298462525
2.932;-0.07246833085871544
2.934;-0.03176156099272898
2.936;-0.008528131699824311
2.938;-0.0852315148248876
2.94;-0.037719580912300585
2.942;-0.0993849458025785
2.944;-0.03827155911702143
2.946;-0.07443680983045732
2.948;-0.09547915021143287
2.95;-0.06518705034727916
2.952;-0.06026196143371013
2.954;0.0006512188238214783
2.956;-0.06799920850680113
2.958;-0.10369395639921337
2.96;-0.01602566857775614
2.962;-0.06504520484797904
2.964;-0.006520980893183377
2.966;0.00972474774014917
2.968;-0.024484050145398867
2.97;-0.04853261903365077
2.972;-0.012356587701461724
2.974;-0.06506928568119923
2.976;-0.050195863532559934
2.978;-0.12798666031311096
2.98;-0.051126700594937596
2.982;-0.03210267831890333
2.984;-0.08494434808389183
2.986;-0.022652881239369593
2.988;-0.08035412000693723
2.99;-0.07691889194514676
2.992;-0.05267582244968823
2.994;-0.09036217631931094
2.996;-0.07254849919836615
2.998;-0.06293557612895076
3.0;-0.04988944075383925
3.0020000000000002;-0.12225294318541997
3.004;-0.06493142518920635
3.0060000000000002;-0.04307483737411477
3.008;0.010875377810090271
3.0100000000000002;-0.09966808104589914
3.012;-0.01992817533074437
3.0140000000000002;-0.039001626034753434
3.016;-0.07386012058252214
3.0180000000000002;-0.11787175946051404
3.02;-0.03134798625508191
3.0220000000000002;-0.11537010683264426
3.024;0.054093924630284326
3.0260000000000002;-0.015935168029814685
3.028;-0.044609259297245796
3.0300000000000002;-0.07662796685645121
3.032;-0.04236094804350061
3.0340000000000003;-0.004771144987638046
3.036;-0.06883207933940713
3.0380000000000003;-0.04708629934421764
3.04;-0.09465251603068842
3.0420000000000003;-0.10372090586433017
3.044;-0.05994184346377086
3.0460000000000003;-0.034987920641135324
3.048;-0.09520759988869462
3.0500000000000003;0.0015271846136961503
3.052;-0.06743727448034291
3.0540000000000003;-0.07137012450383906
3.056;-0.007880230677555333
3.0580000000000003;-0.1270634110164584
3.06;-0.10957100574088807
3.0620000000000003;0.021502088174294193
3.064;-0.014961355753910971
3.0660000000000003;-0.07608599601487376
3.068;-0.05034158228015988
3.0700000000000003;-0.042680612247050664
3.072;-0.07833425118086176
3.074;0.034676702498137965
3.076;-0.03250536068404721
3.078;0.06124421203987846
3.08;-0.0023575870765135953
3.082;0.008864691392446514
3.084;-0.021543600358615102
3.086;-0.03175723496473793
3.088;-0.08122393289492769
3.09;-0.03426546351347009
3.092;-0.07167926131260599
3.094;0.00383343652567629
3.096;0.0737422703941564
3.098;-0.03126369318461175
3.1;-0.05708031642571633
3.102;-0.06376696981545482
3.104;-0.03460980272026293
3.106;-0.02988347067362158
3.108;-0.03304968988008966
3.11;0.03748566468228294
3.112;0.01084745174265974
3.114;-0.0555619291143616
3.116;-0.021903429857433522
3.118;-0.006713720297035014
3.12;0.03226448127651835
3.122;-0.025400120319231632
3.124;-0.027386509508886235
3.126;0.007184004877756375
3.128;0.02489760521869662
3.13;-0.09580675006308668
3.132;-0.10231388029442667
3.134;0.03613098237422274
3.136;-0.10655504442362396
3.138;-0.09636388460254545
3.14;-0.016231312438467763
3.142;0.028046828998455745
3.144;0.0017202304437656663
3.146;-0.045579826237508274
3.148;-0.03201323742943711
3.15;-0.026994498621422863
3.152;-0.021425957649849035
3.154;-0.008217589861914967
3.156;0.05795283015434347
3.158;-0.017758735335050117
3.16;0.061359953580171024
3.162;0.04745646437536059
3.164;0.15694864180671167
3.166;0.17635917374206675
3.168;0.046563384687197194
3.17;0.254137704674348
3.172;0.23056727340967323
3.174;0.3035339053512688
3.176;0.29018596173203365
3.178;0.426571748920697
3.18;0.45294584138663535
3.182;0.5713601509281734
3.184;0.523332629186899
3.186;0.6096456118176058
3.188;0.7531389765629994
3.19;0.7657316650020222
3.192;0.8357901893652137
3.194;0.946711530935725
3.196;0.8950977447109152
3.198;0.8737053023945616
3.2;0.9716897891661147
3.202;0.9613332708842984
3.204;0.997442408130406
3.206;0.9416555956575214
3.208;0.8321327226726364
3.21;0.789825338529382
3.212;0.6908756755483986
3.214;0.613275292876023
3.216;0.6353225404512985
3.218;0.507573301278255
3.22;0.46458561571552603
3.222;0.40409931346402195
3.224;0.3663198086463062
3.226;0.2263473254104431
3.228;0.2859514391127139
3.23;0.15782436710306663
3.232;0.16575924735416453
3.234;0.20755225598350718
3.236;0.13755195122391958
3.238;0.05769968420513118
3.24;0.02308333880776657
3.242;-0.031940612215839756
3.244;-0.06595666254047944
3.246;0.021538688815854964
3.248;0.024357929008178878
3.25;0.0015138111441841372
3.2520000000000002;-0.06188780260375098
3.254;-0.09704895210375286
3.2560000000000002;0.0012981077395400314
3.258;0.0018723722041542757
3.2600000000000002;-0.009981469392416988
3.262;-0.011389530511679222
3.2640000000000002;0.006761932465348747
3.266;-0.021172069457642276
3.2680000000000002;0.03525762708996727
3.27;-0.06651548557015845
3.2720000000000002;-0.09935151364187439
3.274;-0.030728048827728092
3.2760000000000002;-0.048824617501678914
3.278;0.008431915927180208
3.2800000000000002;0.09003935153281843
3.282;-0.0697968003644647
3.2840000000000003;-0.016790632520592562
3.286;-0.0721864338283634
3.2880000000000003;-0.004740330779537554
3.29;-0.002512932765028902
3.2920000000000003;-0.0025668151453164395
3.294;-0.016427085796839182
3.2960000000000003;0.038475566798689506
3.298;-0.07005274069705683
3.3000000000000003;-0.011091391402986364
3.302;-0.037257734243301636
3.3040000000000003;-0.03528409720280687
3.306;-0.08123952977773763
3.3080000000000003;-0.023637697459041256
3.31;0.06735263018102385
3.3120000000000003;0.03337688488956931
3.314;0.026463498014734528
3.3160000000000003;-0.09589411456830872
3.318;-0.011764688957977063
3.3200000000000003;0.04812275779383334
3.322;0.01412875855697919
3.3240000000000003;0.035257620288905105
3.326;-0.0691176539066087
3.3280000000000003;0.08251287734003668
3.33;0.02876041268060084
3.332;0.04337719522969971
3.334;-0.008107082582873492
3.336;0.08919935807050824
3.338;0.08345014187450675
3.34;-0.11429944648416207
3.342;-0.024407259143214628
3.344;0.0013323341630527572
3.346;-0.08074756373383142
3.348;-0.05119307661735489
3.35;-0.03291852319750097
3.352;0.022772254054803234
3.354;-0.04710297404885624
3.356;-0.067945985918969
3.358;-0.007559074493570084
3.36;0.044481864029878304
3.362;-0.006643575324507502
3.364;0.0030558580617446283
3.366;0.03425710428523365
3.368;0.049638921909341716
3.37;0.07863399728935709
3.372;0.1531718975125819
3.374;-0.05133246216582781
3.376;-0.004032560274150979
3.378;0.05977762167203687
3.38;0.05408946100177309
3.382;-0.04712803094777407
3.384;-0.04788564349750524
3.386;-0.013225236674813833
3.388;0.02622590877027022
3.39;-0.0901058653915402
3.392;0.047839876377443316
3.394;0.060669515971553456
3.396;-0.06289709047853723
3.398;0.0157809263823562
3.4;0.016938039249352256
3.402;0.03216397260976091
3.404;-0.0327714293855836
3.406;0.06912081513908293
3.408;-0.0016859834300244122
3.41;0.00595482928323824
3.412;0.03418176463310664
3.414;-0.09233551870323817
3.416;0.011851246365605073
3.418;0.010087107963531256
3.42;0.007023678282024397
3.422;-0.017387673280627076
3.424;-0.04672568039565993
3.426;0.06770788045115811
3.428;0.05094382437248077
3.43;0.022494376742502323
3.432;-0.05114912198567591
3.434;0.05845539157115323
3.436;0.03957106395068076
3.438;0.009632274053962622
3.44;0.04120767441492053
3.442;0.07278321845305705
3.444;0.06238108517308173
3.446;0.0639469430142807
3.448;0.02720119636173232
3.45;0.07570248359806997
3.452;-0.037847477007051405
3.454;0.0038438435800338504
3.456;0.1236876123289636
3.458;-0.06315577517956786
3.46;0.04643868436242213
3.462;0.09485611084175104
3.464;0.13960111539269623
3.466;0.01889077960137505
3.468;0.03655186065874239
3.47;0.12261863749460106
3.472;-0.012965108579745876
3.474;0.06269326115730414
3.476;0.06882114100071123
3.478;-0.009369172104360102
3.48;-0.05463270564826997
3.482;0.03644195099780288
3.484;0.011099593613988774
3.486;0.02785559456835897
3.488;0.02042566567263357
3.49;0.07593984364964691
3.492;0.010868519051553688
3.494;0.053480593942691675
3.496;0.08600457070680834
3.498;0.0900999848447907
3.5;0.11148338141994535
3.5020000000000002;0.04744688607930479
3.504;0.1296794443941227
3.5060000000000002;0.002313845018928763
3.508;0.05114768725663873
3.5100000000000002;-0.004325968339499574
3.512;-0.017306758180994024
3.5140000000000002;0.07012643989788664
3.516;-0.02680599919861843
3.5180000000000002;-0.018008145392149198
3.52;0.011166001139915276
3.5220000000000002;-0.0007295359900342802
3.524;-0.07132371267174265
3.5260000000000002;0.11122856359758451
3.528;0.03809148875193445
3.5300000000000002;0.053451203523181015
3.532;0.0033717058476553444
3.5340000000000003;0.02708731591560555
3.536;0.03743898793824925
3.5380000000000003;0.1188666219389437
3.54;0.01173691128858342
3.5420000000000003;0.07669877712987985
3.544;-0.008156848213699434
3.5460000000000003;0.11974724345035426
3.548;-0.004090755457817986
3.5500000000000003;0.1355082613329401
3.552;0.02076767310417172
3.5540000000000003;-0.0055172031289576
3.556;0.10208019368867807
3.5580000000000003;0.13994493375481834
3.56;-0.020617575767895906
3.5620000000000003;0.04967802545603661
3.564;0.11237182047890064
3.5660000000000003;0.14232500674573592
3.568;0.03324156352091265
3.5700000000000003;0.03610067512202704
3.572;0.05594593367278262
3.5740000000000003;0.04750953272296927
3.576;-0.07111857793520088
3.5780000000000003;-0.04567552826760595
3.58;0.1339641631830325
3.5820000000000003;0.10646835161096355
3.584;-0.00820306214995506
3.586;0.04836670878717176
3.588;0.1359449915167895
3.59;0.03600695022463763
3.592;-0.03313062260926773
3.594;0.07153073181876853
3.596;0.07799911148764163
3.598;-0.02321611256862543
3.6;0.05344625030296731
3.602;0.014234483362972422
3.604;-0.06296276077484796
3.606;0.03291405982134214
3.608;0.11602083261727697
3.61;0.039263498075824646
3.612;0.0656492230744349
3.614;0.050831645688630946
3.616;0.11080908493988849
3.618;0.13628723370922594
3.62;-0.03950683730978943
3.622;0.15045771680584064
3.624;0.09268731709005439
3.626;0.038269715930564656
3.628;0.04362839825402596
3.63;-0.012167730746956915
3.632;0.09349135050197138
3.634;0.13131074571716808
3.636;0.1029498318580547
3.638;0.11182168364427461
3.64;0.037483006517483604
3.642;0.03031075603437068
3.644;0.10352809456515137
3.646;-0.026640435312235596
3.648;0.09467190149531303
3.65;-0.02161861683336804
3.652;-0.02469577991755878
3.654;0.0006197889281582339
3.656;0.10357442687220746
3.658;0.10464542067361479
3.66;0.1035813783125149
3.662;0.08474614429160152
3.664;0.07465316209184028
3.666;0.03491385181839463
3.668;0.08572319572093681
3.67;0.042009715581411464
3.672;0.13034927073018512
3.674;0.06649775379083116
3.676;0.07019109049004103
3.678;0.1325659042884969
3.68;0.06858015122765321
3.682;0.12489048478120743
3.684;0.10592222194199571
3.686;-0.0007637156847842275
3.688;0.09542290439610943
3.69;0.014395603415881829
3.692;0.08542359828069526
3.694;0.09719374874326447
3.696;0.07903951063554208
3.698;0.09366219776895067
3.7;0.059183361180427385
3.702;0.09910277536687394
3.704;0.11942529872701191
3.706;0.09266714881645037
3.708;0.10548025133337205
3.71;0.03951813161072207
3.712;-0.015578974687003228
3.714;0.18137218660695958
3.716;0.07289562142130038
3.718;0.04127576900289319
3.72;0.1696873820253315
3.722;0.0493313259952184
3.724;0.045969998036521416
3.726;-0.012012457709895147
3.728;0.19371368835845043
3.73;-0.012225507539246214
3.732;-0.015703440752730224
3.734;0.12031688964709854
3.736;0.09298600929695264
3.738;0.08055572492083701
3.74;-0.007636154866056871
3.742;0.0776046720319799
3.744;0.07939742827627007
3.746;0.009409808961416438
3.748;-0.01216178962236393
3.75;0.06361212320824627
3.7520000000000002;0.13647504048516357
3.754;0.12156214221233039
3.7560000000000002;0.11744517063475951
3.758;0.05960395747894849
3.7600000000000002;0.06919990849240788
3.762;0.07844101048576242
3.7640000000000002;0.056809335324369215
3.766;0.13881677118512065
3.7680000000000002;0.08514700522387228
3.77;-0.013849905422862754
3.7720000000000002;0.12025935240338251
3.774;0.04731995775709144
3.7760000000000002;0.08019675371766319
3.778;0.18298638173112378
3.7800000000000002;-0.08087172671518386
3.782;0.0069927724837958866
3.7840000000000003;0.0428457015373636
3.786;0.034093598218309165
3.7880000000000003;0.03896726306990367
3.79;0.06718425894424751
3.7920000000000003;0.007250527386056624
3.794;0.03277450354942342
3.7960000000000003;0.058099821106492575
3.798;0.10801319717524978
3.8000000000000003;0.04077956514592551
3.802;0.06441227878515164
3.8040000000000003;0.001147810859489784
3.806;0.06069841690653255
3.8080000000000003;-0.010607143633642124
3.81;0.0755916618508766
3.8120000000000003;0.05690387540984107
3.814;-0.008761279153600338
3.8160000000000003;-0.05441047019803562
3.818;0.17705420757094703
3.8200000000000003;0.06990234365423686
3.822;0.10559962225973667
3.8240000000000003;0.1272444694574203
3.826;0.019639171262077336
3.8280000000000003;0.024366536626551055
3.83;0.04745439198261937
3.8320000000000003;0.13698710562162802
3.834;0.10758675077863374
3.8360000000000003;0.03735574392734156
3.838;0.03502185788284835
3.84;-0.007320644234563828
3.842;0.0758349647201152
3.844;0.157137957429351
3.846;0.1442111823552058
3.848;0.08385992935859936
3.85;0.10379613117993294
3.852;0.14139713053572564
3.854;0.12583457786993915
3.856;0.08711192140043371
3.858;0.16512496116910136
3.86;0.08755907941965996
3.862;0.009648580623877426
3.864;0.05468155750682506
3.866;0.06066973457761711
3.868;0.11788854321694525
3.87;0.051294553875064805
3.872;0.10566220631524248
3.874;0.034127737059163894
3.876;0.1260309018131598
3.878;0.05218421389864924
3.88;0.09460505621925895
3.882;0.1135397417536493
3.884;0.08833746779492449
3.886;0.12486573742903875
3.888;0.04525399519210927
3.89;0.07340946482389277
3.892;0.05973643008214774
3.894;0.03911216406475761
3.896;0.14962267374815982
3.898;0.015991134923814543
3.9;0.06831759077034953
3.902;0.080591015295202
3.904;0.07237954930470837
3.906;0.07105747901466941
3.908;0.10318347798548698
3.91;0.09145585905647666
3.912;0.10014149168437532
3.914;0.15652066799805311
3.916;0.04458720456100438
3.918;0.13294839214182919
3.92;0.06510777873322847
3.922;0.06489234217674615
3.924;0.08641360399158417
3.926;0.062466876662176096
3.928;0.10697770714208762
3.93;0.036142590752589084
3.932;0.034176067737432994
3.934;0.08245340392020961
3.936;0.12130037984756874
3.938;0.023327631297290582
3.94;0.037897459645688476
3.942;0.028547993256094625
3.944;0.1486879117132323
3.946;0.03619792529769473
3.948;0.05968462417788933
3.95;0.10387770418699499
3.952;0.11138563542052662
3.954;0.14224140970980587
3.956;0.08093581893993948
3.958;0.08711107014225614
3.96;0.19385864340260714
3.962;0.2630029012158628
3.964;0.14075657868945765
3.966;0.2623314790063478
3.968;0.23954421906426285
3.97;0.3178994293691039
3.972;0.35721773656567946
3.974;0.3913854302553293
3.976;0.4439515177135797
3.978;0.5676857354091884
3.98;0.5939609891066692
3.982;0.656627012319583
3.984;0.64467729038136
3.986;0.7736104246339461
3.988;0.8642549194399691
3.99;0.8667999097734698
3.992;0.9939832267016762
3.994;0.9583337401731848
3.996;0.9980456566428688
3.998;1.113495047018364
4.0;1.0096572589931452
4.002;1.037649502823846
4.0040000000000004;1.0810235560190777
4.006;1.043306258992131
4.008;0.9670708309806438
4.01;0.8787328981980873
4.0120000000000005;0.8496837821278009
4.014;0.7403398484804012
4.016;0.7124036021866369
4.018;0.6865294951324371
4.0200000000000005;0.6126759970979125
4.022;0.5109672639947799
4.024;0.4664895030813052
4.026;0.39692529851719993
4.0280000000000005;0.26106285274459007
4.03;0.36722129684858623
4.032;0.24408432026187055
4.034;0.18110218139332138
4.0360000000000005;0.3021705319711461
4.038;0.27760480561579265
4.04;0.2160676876309351
4.042;0.08497312683884921
4.0440000000000005;0.09583858087463065
4.046;0.1512158539070698
4.048;0.131359751800533
4.05;0.043736080347430956
4.0520000000000005;0.07727797278067854
4.054;0.14829232144278517
4.056;0.05962683590426829
4.058;0.20183671825929833
4.0600000000000005;0.056233208750114186
4.062;0.013817468361897373
4.064;0.15487990809866814
4.066;0.09232026401426108
4.0680000000000005;0.1122161034841373
4.07;-0.03091340142400556
4.072;0.02710178409819458
4.074;0.1818112797335092
4.0760000000000005;0.12308668689284313
4.078;0.1627050416817613
4.08;0.04624580790552759
4.082;0.07803450935412672
4.0840000000000005;0.10649040135196122
4.086;0.08357675299853892
4.088;0.10197208525297839
4.09;0.10376562851386242
4.0920000000000005;0.11827722975997514
4.094;0.11387819036360994
4.096;0.12183253970771896
4.098;0.10020746373064149
4.1;0.07906003344129486
4.102;0.037031874364032304
4.104;0.08722398657034108
4.106;0.0886194679763054
4.108;0.0655907946982777
4.11;0.06509485133625645
4.112;0.10203802259525345
4.114;0.029215859496293572
4.116;0.12085076149631595
4.118;0.15581941438141217
4.12;0.1094155727341441
4.122;0.11608050559131435
4.124;0.11320477106183362
4.126;0.11188408877175009
4.128;0.0610084960891875
4.13;0.11422232564601754
4.132;0.1534676928054897
4.134;0.10666114312490325
4.136;0.08160352366131127
4.138;0.09116757934891224
4.14;0.1566911860130808
4.142;0.16990237843696504
4.144;0.09176389592243754
4.146;0.1706405349708479
4.148;0.018659410926566825
4.15;0.09563959786058002
4.152;0.1070808864758061
4.154;0.03241463920122978
4.156;0.053487753883152155
4.158;0.12388036578825
4.16;0.0876848588704067
4.162;0.06659251418381672
4.164;0.035468550819665254
4.166;0.15169240922014793
4.168;0.13345206517826855
4.17;0.08193866283895841
4.172;0.18444744441442285
4.174;0.12302226435114155
4.176;0.16072216989013632
4.178;0.026241250099485122
4.18;0.10398000560767054
4.182;0.18400923872831387
4.184;0.06730961333782312
4.186;0.2237561986482065
4.188;0.12993917001247932
4.19;0.0978159915789286
4.192;0.08886828970085178
4.194;0.1418889140533497
4.196;0.09724841951739728
4.198;0.1168823510222206
4.2;0.018617997254928048
4.202;0.01995620391284403
4.204;0.06795081680365161
4.206;0.13517525421021848
4.208;0.014884058473254982
4.21;0.10640676831158893
4.212;0.1995090050290741
4.214;0.08263844427249453
4.216;0.03390021103240583
4.218;0.07754532394571251
4.22;0.02666631595370568
4.222;0.09950968611144037
4.224;0.09517534668324217
4.226;0.09969891600612521
4.228;0.07393544942775213
4.23;0.11628826198869799
4.232;-0.0021487520394705972
4.234;0.029414347575163702
4.236;0.05747298291308154
4.238;0.0979029298247033
4.24;0.12969016255360358
4.242;0.19351795839465163
4.244;0.11795633835256755
4.246;0.1378180148521622
4.248;0.12822690110966942
4.25;0.17774113198516905
4.252;0.083834476694953
4.2540000000000004;0.10430550071826537
4.256;0.08793585109620827
4.258;0.12780106373486352
4.26;0.09561378632824351
4.2620000000000005;0.10221912765379548
4.264;0.12468647341420919
4.266;-0.03314772109551839
4.268;0.010838352665998738
4.2700000000000005;0.045672686588451014
4.272;0.02700183988690323
4.274;0.12110933974420239
4.276;0.05940146437863134
4.2780000000000005;0.11562900619785701
4.28;0.1426606737501041
4.282;0.07502582870130844
4.284;0.03695950475177935
4.2860000000000005;0.1096530076559842
4.288;0.1261611845318946
4.29;0.18904265581533117
4.292;0.15465095966956627
4.2940000000000005;0.09357884516765166
4.296;0.11121436022708144
4.298;0.0909368881277894
4.3;0.11616075812045867
4.3020000000000005;0.13714543712055235
4.304;0.12143085608976018
4.306;0.1053858624558685
4.308;0.08971210570859207
4.3100000000000005;0.16246873415687094
4.312;0.07637407098514766
4.314;0.09583224987093508
4.316;0.12220010034044716
4.3180000000000005;0.057344753821232976
4.32;0.14538855945535173
4.322;0.032498126391022036
4.324;0.0013744523060455066
4.3260000000000005;0.10561431289970907
4.328;0.13793203045927854
4.33;0.13704969925325763
4.332;0.06845596225226334
4.3340000000000005;0.10158744244053722
4.336;0.07051093191284018
4.338;0.024245979543763174
4.34;0.04838403952604562
4.3420000000000005;0.05145924487584599
4.344;0.12491027080778688
4.346;0.013016379986112672
4.348;0.11419477087266397
4.3500000000000005;0.080979783065819
4.352;0.060626439821840204
4.354;0.15688601252883305
4.356;0.11466153512002056
4.358;0.004329817447150178
4.36;0.13237871122563544
4.362;0.025004330594433716
4.364;0.13153160410338222
4.366;0.1012751071599006
4.368;0.05529483593182049
4.37;0.07555232849118887
4.372;0.19808123225614993
4.374;0.08543223699534588
4.376;0.10517365539982379
4.378;0.19015470716684643
4.38;0.1464014198873772
4.382;0.040976427083112964
4.384;0.08551698307766506
4.386;0.1632501734282345
4.388;0.06615158488818079
4.39;0.09200994746148289
4.392;0.12422879383344607
4.394;0.08917074335165005
4.396;0.029087115814096495
4.398;0.10022789014183854
4.4;0.13863035815587632
4.402;0.032478685099821075
4.404;0.13235107135307056
4.406;0.08213831337884236
4.408;0.038032795405539235
4.41;0.013958537195032414
4.412;0.09411255489142314
4.414;0.06294049332077029
4.416;0.04597884297657506
4.418;0.13481466129054204
4.42;0.0660129958069545
4.422;0.17752773648444076
4.424;0.05876604351520873
4.426;0.022376036245322875
4.428;0.06575799130174398
4.43;0.14489307715879945
4.432;0.10215244663148748
4.434;0.031794754081146764
4.436;0.06742751648043013
4.438;0.05390326006760422
4.44;-0.043549316918725836
4.442;0.1023547507174096
4.444;0.1320271882134831
4.446;0.03426723871141085
4.448;0.06377696025527745
4.45;0.0757129496724128
4.452;0.13716194208764676
4.454;0.07556584533401278
4.456;0.10764540691216139
4.458;0.10750160680131055
4.46;0.07217891625304675
4.462;0.05809866557080168
4.464;0.03866835531802364
4.466;0.06899815755512134
4.468;0.10338946498864506
4.47;0.06376758701365502
4.472;0.08740748832248288
4.474;0.06003911267139227
4.476;0.1429187501885525
4.478;0.07470067379808831
4.48;0.14396708682719794
4.482;0.05686057079683039
4.484;0.015371466504665629
4.486;0.13312073592578383
4.488;0.12930552013308022
4.49;0.11432985435130152
4.492;0.06515296970007729
4.494;0.07326858975210641
4.496;0.08208063259750129
4.498;0.11204006055846548
4.5;0.12659962141271003
4.502;0.057614744336823696
4.5040000000000004;0.09114672234781651
4.506;0.041448155714493846
4.508;0.09449584258182783
4.51;0.1717687593566945
4.5120000000000005;0.11994614937404122
4.514;0.04652744383465252
4.516;0.13091998526782883
4.518;0.08461477287762009
4.5200000000000005;0.10597469172861565
4.522;0.07081127910493973
4.524;0.06899878903952142
4.526;0.05556447375759584
4.5280000000000005;0.04196814909149992
4.53;-0.004924271029461136
4.532;0.07986910724649367
4.534;0.046184498763168186
4.5360000000000005;0.08899693516405978
4.538;0.04095741817632612
4.54;0.007050528529612354
4.542;0.21247127872666133
4.5440000000000005;0.1026772231583876
4.546;0.12021673476967001
4.548;0.12058289156299062
4.55;0.12275142942581674
4.5520000000000005;0.14973941239376307
4.554;0.04228710107391417
4.556;0.12450438008857369
4.558;-0.017433748844414745
4.5600000000000005;-0.0007665700696320027
4.562;-0.0038478885040766075
4.564;0.05992283045028656
4.566;-0.0032579714137415117
4.5680000000000005;0.14780309853579646
4.57;0.08077719128239508
4.572;0.07875166643694881
4.574;0.033016785475603716
4.5760000000000005;0.0581688659291715
4.578;0.18104954264167084
4.58;0.020578284963745877
4.582;0.02692124958766233
4.5840000000000005;0.11415746237772646
4.586;0.06042978051631932
4.588;-0.009571304866940952
4.59;0.11081151989435625
4.5920000000000005;0.0677754651937926
4.594;0.13616647281019165
4.596;0.1104022163619722
4.598;-0.042284777693828046
4.6000000000000005;0.08574383584656126
4.602;0.11944491078979724
4.604;0.01682701578987117
4.606;0.04654713018513565
4.6080000000000005;0.15967540243308959
4.61;0.01999820320600066
4.612;0.20923798133635824
4.614;0.13985104175355556
4.616;0.0756950530407422
4.618;0.0725339478371528
4.62;0.10182177077878558
4.622;0.02329423950562664
4.624;0.021649843006685897
4.626;0.1090865276583895
4.628;0.026798905789567617
4.63;-0.004848734181907038
4.632;0.07508152781289047
4.634;0.0592446819139795
4.636;0.05074613939005191
4.638;0.08524081163873529
4.64;0.07316978450989248
4.642;0.015466854544286417
4.644;0.0376246473795144
4.646;0.10860445669370365
4.648;0.009951712938035207
4.65;0.0038608160120937943
4.652;0.11660553680751054
4.654;0.03440847654287773
4.656;0.08766315907064293
4.658;0.14691543483958958
4.66;0.10541435602826985
4.662;0.04820266665712816
4.664;0.1208422823063994
4.666;0.01170842885454891
4.668;0.12551617734522327
4.67;-0.02666215435954452
4.672;0.028856906537273366
4.674;-0.003957419745769193
4.676;0.15089339811199426
4.678;0.06900187352705975
4.68;-0.013724578830976872
4.682;0.1559546398697232
4.684;0.10684437766391562
4.686;0.04013342622761225
4.688;-0.017159021669339893
4.69;0.07286668834661951
4.692;0.03280050279173635
4.694;0.01470224413328642
4.696;0.03074107487317577
4.698;0.05299307965917195
4.7;0.00810038145032737
4.702;0.09245952974226722
4.704;0.05512118286991191
4.706;0.11423322572009367
4.708;-0.008317846641802226
4.71;-0.035638878372122235
4.712;0.07694763478676486
4.714;0.03894561999870892
4.716;0.023058012443337418
4.718;-0.01985117683339653
4.72;0.05182797682428977
4.722;0.013344225975881897
4.724;0.022513629116139727
4.726;0.09040505228696513
4.728;0.11187067130288232
4.73;0.10140051533643682
4.732;0.08746595144317024
4.734;0.1287037414120239
4.736;0.0364777728555609
4.738;0.05952229795488592
4.74;0.08114039286419909
4.742;0.08616286735547407
4.744;0.06140680711623709
4.746;0.04341830355809783
4.748;0.029736077420383682
4.75;0.09433509954778231
4.752;-0.024701489473599438
4.7540000000000004;0.07106791298452275
4.756;0.050279547136458186
4.758;0.11652133947198878
4.76;0.12734870301064397
4.7620000000000005;0.02941560529008918
4.764;0.1877487723830666
4.766;0.20520373142115383
4.768;0.13754068143362558
4.7700000000000005;0.26118045340831286
4.772;0.3366430906971343
4.774;0.29545574674787134
4.776;0.39541212823732036
4.7780000000000005;0.49648875640599993
4.78;0.5201149862937097
4.782;0.5349875161504418
4.784;0.6332614718816817
4.7860000000000005;0.7572252775017861
4.788;0.8286029392997738
4.79;0.8391226870281053
4.792;0.9543072666136726
4.7940000000000005;1.0295738938459582
4.796;1.0010486744762817
4.798;1.0342456575103032
4.8;0.9738570185374349
4.8020000000000005;1.0323992990609956
4.804;1.0344926934923493
4.806;1.0725578728780318
4.808;0.8470762352308467
4.8100000000000005;0.9116764015834317
4.812;0.7415989923064725
4.814;0.8231828690894786
4.816;0.7366873287370955
4.8180000000000005;0.5722235057847925
4.82;0.582257071641108
4.822;0.4756441048139468
4.824;0.37369170660880163
4.8260000000000005;0.3515166193822672
4.828;0.258225193579936
4.83;0.25434708805460937
4.832;0.20531612079733405
4.8340000000000005;0.13507121394896132
4.836;0.14919546653595828
4.838;0.1544943883110912
4.84;0.10259763594273333
4.8420000000000005;0.0947176452859203
4.844;0.10032929742375174
4.846;0.07315763319406857
4.848;0.011136457949543023
4.8500000000000005;0.004306608432709878
4.852;-0.008675089233414653
4.854;0.12320985370661869
4.856;0.006118463461563528
4.8580000000000005;0.008340385219558755
4.86;-0.02056743809792673
4.862;0.02551227388009015
4.864;-0.016207362663329013
4.866;0.00039206759889951967
4.868;-0.03541193475017284
4.87;0.07610046219286339
4.872;0.035443026585877724
4.874;0.003212500096096617
4.876;-0.039721951829407506
4.878;-0.03848567728007111
4.88;-0.006543313339747135
4.882;0.07510645301739777
4.884;0.10861426829439776
4.886;0.004405096557520017
4.888;-0.007463962985367993
4.89;0.060503361249891585
4.892;0.06510970771875207
4.894;-0.07720091606537494
4.896;0.0046805743442621985
4.898;-0.0165737291043142
4.9;0.018231857596918033
4.902;-0.025066679780740373
4.904;0.043211325278792484
4.906;-0.08160583696871586
4.908;0.06584274872265641
4.91;-0.028700847565202577
4.912;0.01020467835024282
4.914;-0.010269906455728731
4.916;0.026065293888074062
4.918;-0.0533853056150632
4.92;0.017100845129243137
4.922;0.005762659118438561
4.924;0.007744406169572887
4.926;0.05585034391212993
4.928;0.03309231339125237
4.93;0.03726587031788896
4.932;0.12303892015178286
4.934;0.09745405873095588
4.936;-0.006411564080000992
4.938;0.015765525604382682
4.94;-0.00014644344566987037
4.942;0.025884639129374977
4.944;0.07778538300559396
4.946;0.005857560987880425
4.948;-0.0022401684904047245
4.95;-0.012257742494247326
4.952;0.002833544818778834
4.954;0.008760627144710261
4.956;0.001236697257370598
4.958;0.03744008210266456
4.96;0.051825387848405256
4.962;0.06585847394867506
4.964;0.02246109071206789
4.966;-0.0346247030855002
4.968;0.028376762548123245
4.97;0.009894785465754943
4.972;-0.012169738700296757
4.974;-0.06364230535653
4.976;0.03176572763010295
4.978;0.0929676619411449
4.98;-0.040209286143346186
4.982;-0.0025939716141936313
4.984;-0.01929035725065275
4.986;-0.005167505272243175
4.988;-0.0024289476086688517
4.99;0.01331723565201039
4.992;0.10304085077983312
4.994;-0.02604234951318922
4.996;-0.08574841282994969
4.998;-0.03607786317707445
5.0;0.006763088273251857
5.002;0.030183757959644997
5.0040000000000004;-0.03538771395450495
5.006;0.12287743495308973
5.008;0.021656669533777737
5.01;0.04006851665571806
5.0120000000000005;0.047605222289511015
5.014;-0.07971155667665532
5.016;-0.08794765015029131
5.018;-0.04142316648568332
5.0200000000000005;0.05566970692739495
5.022;-0.07095364708530051
5.024;0.05667188432734017
5.026;0.006375425865386849
5.0280000000000005;-0.03962526299527613
5.03;-0.039417452291892606
5.032;-0.014219201788361453
5.034;-0.05525566775864375
5.0360000000000005;0.02371578084951498
5.038;0.05970344132342112
5.04;0.030695052448724367
5.042;-0.029464966232870135
5.0440000000000005;0.04374030154212385
5.046;0.007531779382610515
5.048;0.01915019695304461
5.05;-0.029799480614052493
5.0520000000000005;-0.03378652936436843
5.054;0.019966320738747004
5.056;0.08739146776112112
5.058;0.035287012273114815
5.0600000000000005;0.031326699148159484
5.062;0.007113079291406055
5.064;0.01594553666727375
5.066;-0.03252201118869045
5.0680000000000005;-0.09917599662518892
5.07;0.014665184514109452
5.072;-0.0803010636353319
5.074;-0.02789511924760254
5.0760000000000005;0.005192774192093552
5.078;0.017810967541927354
5.08;-0.07427853673039503
5.082;0.03333809185300793
5.0840000000000005;-0.07777503994348586
5.086;-0.058964675112001236
5.088;0.0792169517623861
5.09;-0.05554839319935658
5.0920000000000005;0.005106937261901565
5.094;-0.008995223840046649
5.096;-0.008891662193656134
5.098;-0.03923814637191068
5.1000000000000005;0.07394669109722306
5.102;0.04034583588022496
5.104;-0.05098841946975284
5.106;-0.11694649861361851
5.1080000000000005;0.010574372787439668
5.11;0.020188948077078016
5.112;-0.049190742405173495
5.114;0.08422077150355357
5.1160000000000005;-0.1569499227295658
5.118;-0.09024627417094026
5.12;-0.03746099839635428
5.122;-0.06821202039449778
5.124;-0.006905618704509418
5.126;-0.023493141118197534
5.128;-0.018856400192014032
5.13;0.011317965708316537
5.132;-0.0827308372160692
5.134;0.003260764022505469
5.136;0.016609034766632308
5.138;0.02512388599484876
5.14;0.0029019307477977548
5.142;-0.05703915017811989
5.144;-0.05067540271644054
5.146;-0.1285202140559205
5.148;-0.14234471274992808
5.15;-0.07782250243139976
5.152;-0.1177892501233835
5.154;-0.02233402425748307
5.156;-0.05111295486993704
5.158;0.012353562678895223
5.16;0.006191985740437819
5.162;-0.05971815730727555
5.164;0.033109139099282175
5.166;-0.029571030608718983
5.168;-0.04072125528915734
5.17;0.016076016299952624
5.172;-0.059352928178827646
5.174;-0.06364279422741703
5.176;0.013452723799901103
5.178;-0.05746599024911705
5.18;-0.06863575497360622
5.182;-0.08368253863695928
5.184;0.05645226185030451
5.186;-0.10074340633744217
5.188;0.031919563314344264
5.19;0.03971366810385975
5.192;0.006482331623771667
5.194;-0.048727221396092715
5.196;-0.06444006443056106
5.198;-0.07746881294082061
5.2;-0.005532376755395037
5.202;-0.00174068622319163
5.204;-0.028933560245712864
5.206;0.04360567978711891
5.208;-0.0354800034822157
5.21;-0.04272270571648748
5.212;-0.019643907784210986
5.214;-0.05154223954574865
5.216;-0.03125420358454016
5.218;0.0022684658198739577
5.22;-0.011837556123159627
5.222;-0.0470596375560023
5.224;-0.1390483902839641
5.226;-0.03071195936947098
5.228;-0.03681979886753543
5.23;-0.01191368540992849
5.232;0.030372268598533217
5.234;-0.10973146833948738
5.236;-0.10505369171067194
5.238;-0.03713379897536923
5.24;-0.06327190955814498
5.242;-0.029997677624957215
5.244;-0.029520822623188964
5.246;0.030151465486084383
5.248;-0.004321216518791936
5.25;-0.06976550726256742
5.252;-0.11035248337905021
5.2540000000000004;-0.10290428023599346
5.256;-0.01348594106727418
5.258;0.027142655078840262
5.26;0.03404347676646147
5.2620000000000005;-0.0788056403763551
5.264;0.07586345155374964
5.266;-0.14759303007376373
5.268;0.05693540085035414
5.2700000000000005;-0.01704616715741676
5.272;-0.10754807030852065
5.274;-0.1289120800754909
5.276;-0.017417344202421824
5.2780000000000005;-0.0376759165867821
5.28;-0.025470088843469144
5.282;0.00895673351641929
5.284;0.0026691600088700196
5.2860000000000005;-0.13882060535321822
5.288;-0.05212309008968132
5.29;-0.0661471680947682
5.292;-0.0030429931553983477
5.2940000000000005;-0.05267470419673506
5.296;-0.09868719111303798
5.298;-0.10777829574366576
5.3;-0.0569563649433401
5.3020000000000005;-0.04540546601181554
5.304;-0.08741676096311851
5.306;-0.07509056633660902
5.308;-0.14607882975819086
5.3100000000000005;-0.08178595682511415
5.312;-0.008824673777512733
5.314;-0.11232748068932469
5.316;-0.05902601393423939
5.3180000000000005;-0.07722417425698153
5.32;-0.09502159271292426
5.322;-0.15355448321802334
5.324;-0.09880781304589971
5.3260000000000005;-0.07045518034969786
5.328;-0.0666643611413811
5.33;-0.1406674228226189
5.332;-0.015874078336213557
5.3340000000000005;-0.1454278815678435
5.336;-0.10180135278220195
5.338;-0.08188016099571437
5.34;-0.07228832840899957
5.3420000000000005;-0.14328190553184691
5.344;-0.15415694017047885
5.346;-0.136038729415312
5.348;0.021568696066448997
5.3500000000000005;-0.10125277215034381
5.352;-0.01529687065049442
5.354;-0.05819588098394972
5.356;-0.10068076324174666
5.3580000000000005;-0.11041216960029017
5.36;-0.07124803129208518
5.362;-0.07153197494851911
5.364;-0.0665681473777335
5.3660000000000005;-0.06736405317771117
5.368;-0.061260457464472576
5.37;-0.08570449648064325
5.372;-0.11994212508342107
5.3740000000000006;-0.031364057324874677
5.376;-0.04865110825401961
5.378;-0.05049918479898016
5.38;-0.11331431083871574
5.382;-0.0022318170745091598
5.384;-0.03176562296000116
5.386;-0.029870617026354677
5.388;-0.08976660942266065
5.39;-0.06982295133842024
5.392;-0.021030038415105118
5.394;-0.07618526190680079
5.396;-0.019923951797766896
5.398;-0.050203669829919015
5.4;-0.0812978494554556
5.402;-0.14804065392332155
5.404;-0.10628204355805809
5.406;-0.05451505606710592
5.408;-0.08252764361421128
5.41;-0.04817237740801017
5.412;-0.03465319254909481
5.414;-0.0790698193509303
5.416;-0.04264401409712448
5.418;-0.00399583374649963
5.42;-0.020414770075619607
5.422;-0.007805302721664742
5.424;-0.06763828191923973
5.426;-0.025624671273844546
5.428;-0.040951818282729875
5.43;-0.04395713351329952
5.432;-0.08409003970673311
5.434;-0.0029800945584364524
5.436;0.06051469024252637
5.438;-0.05883170408420323
5.44;0.004680582807232353
5.442;-0.0962990781869095
5.444;-0.07367473399684435
5.446;-0.046168316396924286
5.448;-0.12144487707154214
5.45;-0.10411668617288047
5.452;-0.12757384469628785
5.454;-0.1253405722299481
5.456;-0.060698510152034764
5.458;-0.1444973261155097
5.46;-0.036608504260817125
5.462;-0.06897560821562382
5.464;-0.08330515964823286
5.466;-0.16419122914606085
5.468;-0.15294282918041963
5.47;-0.152869690182328
5.472;-0.11615834430561685
5.474;-0.0735340358903736
5.476;-0.11279779701547671
5.478;-0.06993705274056415
5.48;-0.09856324048182141
5.482;-0.07390145908550343
5.484;-0.018576110581110354
5.486;-0.06790372584331353
5.488;-0.0881141076983915
5.49;-0.12227393459337035
5.492;-0.10744925167146814
5.494;-0.009830291049280751
5.496;-0.06386135239929908
5.498;-0.10594364672862458
5.5;-0.12417519075710412
5.502;-0.08808772879549588
5.5040000000000004;-0.13761736062318186
5.506;-0.08329911867373714
5.508;-0.0698016476273451
5.51;-0.07957629777286615
5.5120000000000005;-0.058969979471921063
5.514;-0.11425992989536872
5.516;-0.09887710224532971
5.518;-0.1134900423454907
5.5200000000000005;-0.1241082204262442
5.522;-0.06410146679425462
5.524;-0.03461134765987775
5.526;0.014234571518346062
5.5280000000000005;-0.03656540910469641
5.53;-0.006795609741100869
5.532;-0.13438220218057517
5.534;-0.04173214223661176
5.5360000000000005;-0.0692165971061839
5.538;-0.05174887146225851
5.54;-0.04093838578775105
5.542;-0.00917329444990328
5.5440000000000005;-0.08473762583416042
5.546;-0.004854899934068582
5.548;-0.08993199582259467
5.55;-0.044315226307429983
5.5520000000000005;-0.15386092989109393
5.554;-0.10765433405292364
5.556;-0.041263453799997435
5.558;-0.11643173692332415
5.5600000000000005;-0.10157372324385078
5.562;0.02085058688064005
5.564;0.0015010222057118272
5.566;-0.024844694798211484
5.5680000000000005;0.06408867132540472
5.57;0.0970550797592988
5.572;0.17047979546989078
5.574;0.2277113320576334
5.5760000000000005;0.27492551024673895
5.578;0.36336348220983083
5.58;0.3701780104837656
5.582;0.5022552427975795
5.5840000000000005;0.5874434187189905
5.586;0.6263312077195882
5.588;0.6750751512669835
5.59;0.8314613979270689
5.5920000000000005;0.8155915746895707
5.594;0.8256047895963565
5.596;0.8942736057895675
5.598;0.8867369674616333
5.6000000000000005;0.9403557141652259
5.602;0.8699551826907201
5.604;1.0033578763819075
5.606;0.8101816884252423
5.6080000000000005;0.8489143640744721
5.61;0.7092880054105125
5.612;0.6345421597031184
5.614;0.5699477883593658
5.6160000000000005;0.5644863329786376
5.618;0.5099996762054969
5.62;0.3439205617184703
5.622;0.3857324324775047
5.6240000000000006;0.20752788091885183
5.626;0.15329801717741823
5.628;0.17708149482367586
5.63;0.10304232645835439
5.632;0.09067856512152464
5.634;0.004633770161190515
5.636;-0.007530542453876285
5.638;-0.05327290762124175
5.64;0.018794535503089113
5.642;-0.02453644220528435
5.644;-0.07082530630909717
5.646;-0.059092915275789255
5.648;-0.06685326977018917
5.65;-0.12174777399493637
5.652;-0.09817639521297475
5.654;-0.12000143984223731
5.656;-0.08806553039266053
5.658;-0.0780444812921367
5.66;-0.1183035482797347
5.662;-0.1538650979521021
5.664;-0.16818366649822566
5.666;-0.09244602193760346
5.668;-0.12287639337534387
5.67;-0.10763831683464288
5.672;-0.025912071122180802
5.674;-0.11874215216562142
5.676;-0.129829618255755
5.678;-0.08378539913606639
5.68;0.012698470726726571
5.682;-0.07047423598944183
5.684;-0.12966631517556357
5.686;-0.07108467078189264
5.688;-0.1340952716015919
5.69;-0.027239432610464312
5.692;-0.20921931318758702
5.694;-0.07735606334261776
5.696;-0.11836219147531785
5.698;-0.1040719409787007
5.7;-0.06431135150205927
5.702;-0.10037485204588617
5.704;-0.09201397254474916
5.706;-0.06330185501657719
5.708;-0.1345942650489814
5.71;-0.019289829483506382
5.712;-0.07930533358576417
5.714;-0.09246426743088257
5.716;-0.11640563185431924
5.718;-0.15247273551784968
5.72;-0.07833251736365802
5.722;-0.08880805207240433
5.724;-0.11474015101258767
5.726;-0.1472009451416093
5.728;-0.07846896460318727
5.73;-0.07768224704177878
5.732;-0.1630073533843006
5.734;-0.13686490353219044
5.736;-0.011160301134300582
5.738;-0.05046158099352104
5.74;-0.07059673306352092
5.742;-0.17513284554209302
5.744;-0.1283679007037541
5.746;-0.09990186140302361
5.748;0.003943536925635274
5.75;-0.09961652868400796
5.752;-0.008913442995637899
5.7540000000000004;-0.1663772235724038
5.756;-0.09330810369290232
5.758;-0.03814030291408435
5.76;-0.019867055704847536
5.7620000000000005;-0.25779469452980125
5.764;-0.09796833417887343
5.766;-0.07608653544097929
5.768;-0.16590897464428295
5.7700000000000005;-0.15079271344362574
5.772;-0.0939402092689022
5.774;-0.15165359286362268
5.776;-0.04702531074841913
5.7780000000000005;-0.1691326670823768
5.78;-0.1427680844012552
5.782;-0.11741887549046914
5.784;-0.03716629713353605
5.7860000000000005;-0.15923802857617808
5.788;-0.17980331324622967
5.79;-0.06452073385678703
5.792;-0.09905474319447656
5.7940000000000005;-0.047964752743579184
5.796;-0.08741652456608853
5.798;-0.09272093407469037
5.8;-0.14545681854633963
5.8020000000000005;-0.0594150252471258
5.804;0.0031153707934059166
5.806;-0.08610534292213398
5.808;-0.11473376862033988
5.8100000000000005;-0.04136904967493382
5.812;-0.13180791999076236
5.814;-0.0883995102980543
5.816;-0.1252398206915446
5.8180000000000005;-0.08809153126096508
5.82;-0.13698267231277447
5.822;0.05064614895280706
5.824;-0.08994524601206472
5.8260000000000005;-0.13436858792806997
5.828;-0.13033279137559609
5.83;-0.07730159596564287
5.832;-0.09194241488614752
5.8340000000000005;-0.12962464373005797
5.836;-0.10580162740659321
5.838;-0.15491384636978903
5.84;-0.03563814287006234
5.8420000000000005;-0.09375391329760371
5.844;-0.09930044597541958
5.846;-0.1381917260779708
5.848;-0.057342941917759266
5.8500000000000005;-0.07724273689587047
5.852;-0.07544463619399376
5.854;-0.14849059687745209
5.856;-0.052534919856788306
5.8580000000000005;-0.1510256117772646
5.86;-0.07058829689802727
5.862;-0.1541771530218859
5.864;-0.0895240055870456
5.8660000000000005;-0.07585856812215072
5.868;-0.09317802550676407
5.87;-0.16697959732761924
5.872;-0.07781292522872074
5.8740000000000006;-0.07571690002803033
5.876;-0.05420582830573615
5.878;-0.19108782472547176
5.88;-0.12777983230433942
5.882000000000001;-0.09361083207212816
5.884;-0.11682474437254524
5.886;-0.2020993953065965
5.888;-0.013315184791053578
5.89;-0.10918796591893207
5.892;-0.09496865286806298
5.894;-0.03463769410000421
5.896;-0.09231063848552185
5.898;-0.11602491830276992
5.9;-0.10796055767257576
5.902;-0.06934468113239864
5.904;-0.17378986178334227
5.906;-0.11693264042251292
5.908;-0.14735314676304642
5.91;-0.1390978921296939
5.912;-0.1802176297930856
5.914;-0.08949638713765223
5.916;-0.1466282591482645
5.918;-0.11893867132810423
5.92;-0.06273529980341286
5.922;-0.20423765242044722
5.924;-0.13825538184515412
5.926;-0.12676384308929065
5.928;-0.0593070744076244
5.93;-0.16447603245203182
5.932;-0.07636152950561402
5.934;-0.04657912677678127
5.936;-0.10987644905528596
5.938;-0.0904176842071644
5.94;-0.07361897270866585
5.942;-0.0583968266490687
5.944;-0.12439780324419314
5.946;-0.07867695273946518
5.948;-0.12288945942763535
5.95;-0.070148807858315
5.952;-0.1337808456476699
5.954;-0.12683876617812198
5.956;-0.05200324424038809
5.958;-0.10572004257697389
5.96;-0.0076081946606508105
5.962;-0.05917702754409364
5.964;-0.11622587257012526
5.966;0.001239703622878452
5.968;-0.09036587948985113
5.97;-0.1818715522559251
5.972;-0.04814852938977629
5.974;-0.016823240359813932
5.976;-0.06617566530516056
5.978;-0.07776478175839548
5.98;-0.09737665108606255
5.982;-0.03679507511913434
5.984;-0.1176912789603692
5.986;0.02579852298855359
5.988;-0.10595370125657178
5.99;-0.08624755122336043
5.992;-0.10177496051524368
5.994;-0.08458066490843937
5.996;-0.053092687725369195
5.998;-0.14698414789608422
6.0;-0.0859197163379826
6.002;-0.13885392835787083
6.0040000000000004;-0.128785150838546
6.006;-0.05975285956936566
6.008;-0.1794573733000029
6.01;-0.1558581575699405
6.0120000000000005;-0.034940217681573384
6.014;-0.12279642485392593
6.016;-0.06393449278303141
6.018;-0.24568462062176494
6.0200000000000005;-0.07825934281832755
6.022;-0.11847436254745147
6.024;-0.08513426170999147
6.026;-0.02103211821996223
6.0280000000000005;-0.20039740995522012
6.03;-0.04816725557397021
6.032;-0.14530749291715683
6.034;-0.06101577865343494
6.0360000000000005;-0.08840086952524562
6.038;-0.08008582707406367
6.04;-0.0628968028968299
6.042;-0.1234425880699807
6.0440000000000005;-0.059062731919286245
6.046;-0.09635708142024428
6.048;-0.012480225744422965
6.05;-0.16681470433593532
6.0520000000000005;-0.03512464214648566
6.054;-0.14412646677342408
6.056;-0.02748181659607314
6.058;-0.22768157348852697
6.0600000000000005;-0.10167127638344768
6.062;-0.025337721699292243
6.064;0.011072086286279648
6.066;-0.09026328446387122
6.0680000000000005;-0.11666544981881621
6.07;-0.08072643723812184
6.072;-0.020255960300669576
6.074;-0.06828606902037966
6.0760000000000005;-0.07412574225462111
6.078;-0.17788085234670453
6.08;-0.10929013941763562
6.082;-0.14336336007249986
6.0840000000000005;-0.150730689352606
6.086;-0.10740878050638142
6.088;-0.0725134322359263
6.09;-0.032708988769962866
6.0920000000000005;-0.0790980867253929
6.094;-0.03528629739207791
6.096;-0.08121368284619775
6.098;-0.08140986820219556
6.1000000000000005;-0.12208557694508623
6.102;-0.04544274507724647
6.104;-0.025714704216098352
6.106;0.021423492257600554
6.1080000000000005;-0.12389652024267656
6.11;-0.06453315934588771
6.112;-0.1396117075478988
6.114;-0.030488063892349662
6.1160000000000005;-0.11520452678239271
6.118;-0.08235447477643718
6.12;-0.030573688995385227
6.122;-0.08467793968690632
6.1240000000000006;-0.11972948992642383
6.126;-0.06111380361808644
6.128;-0.05717765056721133
6.13;-0.12155824146882807
6.132000000000001;-0.027936909676893218
6.134;-0.09627936934693834
6.136;-0.11641265859077246
6.138;-0.12709021092361347
6.140000000000001;-0.09538217817447919
6.142;-0.06386486652200621
6.144;0.0022321436350709045
6.146;-0.07291837226971139
6.148;-0.15313281595628336
6.15;-0.025551189346571107
6.152;-0.13594383806340202
6.154;0.027613908308639967
6.156;-0.07046618350951647
6.158;-0.12447787766439145
6.16;-0.07372876460156028
6.162;-0.0543130695296828
6.164;-0.07267816522550831
6.166;-0.12471708982369273
6.168;-0.054506430051279184
6.17;-0.17400107040456103
6.172;-0.101501750703404
6.174;-0.08577939163053219
6.176;-0.11119269221144312
6.178;-0.1287893296886873
6.18;-0.022244672485732357
6.182;-0.13810973605768367
6.184;-0.04196014408530468
6.186;-0.09460703218872374
6.188;-0.00739110472974068
6.19;-0.04642775554269803
6.192;-0.09834235636123392
6.194;-0.0798409631543361
6.196;-0.09419136979388698
6.198;-0.03537457265337649
6.2;-0.061376322768721826
6.202;-0.12293235285808227
6.204;-0.14452902096415166
6.206;-0.07643505998007405
6.208;0.005669141990364598
6.21;-0.09754667451913038
6.212;-0.08709488206419709
6.214;-0.1348829256641727
6.216;-0.08010863771796206
6.218;-0.07910770766392856
6.22;-0.11918910350237716
6.222;-0.06605096552058821
6.224;-0.06242305718034156
6.226;-0.06366272402175578
6.228;-0.07068892575150064
6.23;-0.04195778597090955
6.232;-0.03771357362288897
6.234;-0.01264151793543497
6.236;-0.0976697812241654
6.238;-0.024585071564802982
6.24;-0.03977294229847931
6.242;-0.07251875994356727
6.244;-0.030930764054148033
6.246;-0.06931907951671554
6.248;-0.12013670747599739
6.25;-0.01664368891980668
6.252;-0.00315822870888742
6.2540000000000004;-0.16748073069533037
6.256;0.0369218471108155
6.258;-0.03032374175794856
6.26;-0.04867273400588988
6.2620000000000005;-0.16524612086016205
6.264;-0.02262898386264585
6.266;0.023836074119890305
6.268;-0.07266981729964843
6.2700000000000005;-0.14179508990940834
6.272;-0.11298718310054633
6.274;-0.050158119848131774
6.276;-0.08648735125405364
6.2780000000000005;-0.037511031829989244
6.28;-0.09342289629477105
6.282;-0.06080633832609164
6.284;-0.07079810878460226
6.2860000000000005;-0.12430320665023524
6.288;-0.1419692033876374
6.29;-0.06567122869143727
6.292;-0.042692815608557144
6.2940000000000005;-0.018597446944745473
6.296;-0.057041934109386794
6.298;-0.03530637223745601
6.3;-0.08591199339692047
6.3020000000000005;0.011813762998076946
6.304;-0.05822323126348646
6.306;-0.03270047984091073
6.308;-0.2540172418954936
6.3100000000000005;-0.03485104508905605
6.312;-0.060687894091447044
6.314;-0.09834295880569642
6.316;-0.016344693708629794
6.3180000000000005;-0.04558469846354131
6.32;-0.03790322273773813
6.322;-0.17693904007032474
6.324;-0.12069172603022346
6.3260000000000005;-0.03509858912875019
6.328;-0.07381110634768524
6.33;-0.05923887454600789
6.332;-0.07574583774524252
6.3340000000000005;-0.04969976203009145
6.336;0.004247897226219412
6.338;-0.029472393977952347
6.34;-0.07611583129268265
6.3420000000000005;-0.016987166435550517
6.344;-0.10248451870606223
6.346;-0.06979245536653604
6.348;-0.13103692734423383
6.3500000000000005;0.09732113818224757
6.352;0.015393405863909138
6.354;-0.1024530867011767
6.356;0.03213179885675904
6.3580000000000005;-0.0794290995381838
6.36;0.024913715533422913
6.362;0.08983565603455942
6.364;0.11540863489039915
6.3660000000000005;0.06103702607086939
6.368;0.05940074328183374
6.37;0.18962067344548222
6.372;0.20153950113455468
6.3740000000000006;0.22944842903486323
6.376;0.37234812442718157
6.378;0.38278522751230404
6.38;0.46669828750010145
6.382000000000001;0.49236687460169143
6.384;0.585440663658294
6.386;0.6003181464393292
6.388;0.6970448527102523
6.390000000000001;0.8708531165968121
6.392;0.769175390224013
6.394;0.904768252456058
6.396;0.9196494837319847
6.398000000000001;0.9404706963245459
6.4;0.898919326456762
6.402;1.0095110137551255
6.404;0.9860669973623694
6.406;0.9093343925941701
6.408;0.9331026381758853
6.41;0.7836015162417523
6.412;0.7757304210823441
6.414;0.6177576406801482
6.416;0.49282717953272137
6.418;0.4175609467982065
6.42;0.4397125092652747
6.422;0.3491007748418353
6.424;0.3278472746031293
6.426;0.32848846177285607
6.428;0.2508687349470117
6.43;0.1852944918352868
6.432;0.09085141518123217
6.434;0.09857322653572692
6.436;0.017192086998245648
6.438;0.08295877719029701
6.44;0.0014636457713196813
6.442;0.046112712764085434
6.444;-0.0530104015970894
6.446;0.052733470519275835
6.448;-0.03454460738824503
6.45;-0.08832047494201328
6.452;0.01051476488409367
6.454;-0.012043159126174728
6.456;-0.05553879868751348
6.458;0.0021765652503745667
6.46;-0.02909637416037443
6.462;-0.12452845690680506
6.464;-0.14984081164757337
6.466;-0.023723916510712387
6.468;-0.04379278096237875
6.47;-0.10378467273246156
6.472;-0.0085649409831394
6.474;0.03062389359057257
6.476;0.008571221755426829
6.478;-0.08321510426287473
6.48;-0.0009294431325923627
6.482;0.04188790535355145
6.484;-0.009667914289804194
6.486;-0.045605005270898974
6.488;0.001961960083039692
6.49;-0.056665015078008266
6.492;-0.03758931015273487
6.494;-0.004710174127743327
6.496;-0.15379460424881708
6.498;-0.044610903095869264
6.5;0.0620604120293492
6.502;-0.0849280075290995
6.5040000000000004;-0.016620378179672542
6.506;-0.004173640372988053
6.508;0.06420177635639211
6.51;-0.06377812273595944
6.5120000000000005;-0.009830950577424433
6.514;-0.09413207562429543
6.516;0.02711882997674932
6.518;-0.09904129228932879
6.5200000000000005;-0.06264286564030203
6.522;-0.019997040433238966
6.524;-0.01734840250451196
6.526;-0.003360986644408582
6.5280000000000005;-0.018273635218274183
6.53;-0.0646348262778663
6.532;-0.0552029648996029
6.534;0.05062177904172475
6.5360000000000005;-0.06802514349662236
6.538;-0.09440529161937418
6.54;0.13286970233034115
6.542;-0.06851497908917227
6.5440000000000005;-0.020344156369728812
6.546;0.05235800171523428
6.548;0.032170478072714295
6.55;-0.05451594558790267
6.5520000000000005;0.030299272459810993
6.554;-0.06465823262795448
6.556;0.01180168634182634
6.558;-0.002703895506760954
6.5600000000000005;-0.08614714893074311
6.562;-0.018101062005368738
6.564;-0.052038536166628784
6.566;-0.05713879195632164
6.5680000000000005;-0.006258777934376467
6.57;-0.0027675983446089087
6.572;-0.005476698205169481
6.574;-0.007292664025333368
6.5760000000000005;0.02369540959892051
6.578;-0.04984329826935288
6.58;-0.045231022609809546
6.582;-0.0655642995475746
6.5840000000000005;0.017179172833772207
6.586;-0.04714689601003452
6.588;-0.06749052739953812
6.59;-0.023212495001517702
6.5920000000000005;-0.022164784211132726
6.594;-0.05219878029147954
6.596;0.02755487392270372
6.598;-0.04747953545944826
6.6000000000000005;-0.06485746702604085
6.602;-0.054932245887168774
6.604;-0.039369550957684206
6.606;-0.07351058219138686
6.6080000000000005;-0.03763488289948595
6.61;0.024148125012970194
6.612;0.019953184499451423
6.614;-0.0008489995765858412
6.6160000000000005;-0.08032779113823495
6.618;-0.02251265551381928
6.62;-0.08693094160067123
6.622;-0.17175709682568552
6.6240000000000006;0.037846015737341865
6.626;-0.042477829721519346
6.628;0.06955566594455524
6.63;-0.050656952910214
6.632000000000001;-0.04243530428090121
6.634;0.09467320756154372
6.636;-0.022674111528540934
6.638;-0.0013367720106875047
6.640000000000001;0.043569905683171005
6.642;0.08966267501546944
6.644;0.01714466338682534
6.646;-0.021900509758103183
6.648000000000001;0.010515721562481286
6.65;0.004982064850282777
6.652;-0.05370998851223292
6.654;-0.0858873805348459
6.656000000000001;-0.02403566254658805
6.658;0.025118106608186724
6.66;-0.11965626220672779
6.662;-0.06159587499888619
6.664;-0.023346361812972605
6.666;-0.03489047690232817
6.668;0.014882329949654362
6.67;-0.016539832162780304
6.672;0.024875872049333312
6.674;0.011897297493247543
6.676;-0.031324833082541026
6.678;-0.0629662370740222
6.68;0.07750842897720495
6.682;0.02307973884474775
6.684;0.07517295069626026
6.686;-0.036102905373360514
6.688;0.040995941569839885
6.69;0.05758821898995065
6.692;-0.0179657760544744
6.694;0.06298398237541704
6.696;0.08896254206392935
6.698;-0.04412948903365198
6.7;-0.022939342816549035
6.702;0.045826587301875006
6.704;0.010534474850335731
6.706;0.01839128738921379
6.708;-0.012843142106940281
6.71;0.06352472989477427
6.712;-0.01689316927290095
6.714;-0.005257109047697954
6.716;0.003758791046762997
6.718;-0.03307499630480929
6.72;-0.03032421190324578
6.722;0.02467944270348834
6.724;0.1241114920165933
6.726;0.01875579393022825
6.728;0.008580370265519766
6.73;0.027620884488023387
6.732;-0.021442314211396904
6.734;0.0025313670000748183
6.736;0.040798727200728115
6.738;0.02866959259068389
6.74;0.04836200535552244
6.742;-0.0326431390901776
6.744;0.039494143558058054
6.746;-0.02912021261876057
6.748;-0.042887209786337026
6.75;0.016451532422615853
6.752;-0.008088818327889512
6.7540000000000004;-0.011597449438666845
6.756;0.019567062677878222
6.758;-0.01754579572637937
6.76;-0.0017284741870896153
6.7620000000000005;0.017210038964925796
6.764;0.10325559506724998
6.766;0.028290047814628575
6.768;-0.038750317260282
6.7700000000000005;0.057757185953515054
6.772;0.012200963526019865
6.774;-0.014165787311548363
6.776;0.030244905160628784
6.7780000000000005;-0.04807251989997435
6.78;0.06075880850883997
6.782;0.03209385451539758
6.784;-0.022066735390508976
6.7860000000000005;-0.04781353744809899
6.788;-0.011797256182155023
6.79;0.12634355905938827
6.792;0.04449671140983735
6.7940000000000005;-0.002748074933640446
6.796;0.038565033915155415
6.798;-0.08059521437374617
6.8;0.046651045568738454
6.8020000000000005;-0.03577878970252552
6.804;0.08730032809551666
6.806;0.07307768905651515
6.808;0.020046368163628463
6.8100000000000005;-0.011869319706438595
6.812;-0.02662346937438744
6.814;0.03644931497926893
6.816;0.07512811044766864
6.8180000000000005;-0.04485296951801659
6.82;-0.05320412663983836
6.822;-0.03933240267073815
6.824;0.0072160356783997764
6.8260000000000005;-0.005696865508552307
6.828;0.021540783469268295
6.83;0.0696610430927992
6.832;-0.047907233258915716
6.8340000000000005;0.08055027100197137
6.836;-0.008770854978701968
6.838;0.06405780803899286
6.84;0.09650517672582307
6.8420000000000005;-0.04759457770881575
6.844;0.0625468173319684
6.846;-0.021752347689947056
6.848;0.044864937690204144
6.8500000000000005;0.08247848238978087
6.852;0.08643684485099495
6.854;-0.014208633500867075
6.856;-0.004105457660661199
6.8580000000000005;0.04541875788819187
6.86;0.04751129702456586
6.862;0.08243995237386667
6.864;-0.0011601959308947668
6.8660000000000005;0.012248830639074424
6.868;-0.0038781158261847262
6.87;0.10543320431284717
6.872;0.05458991717592114
6.8740000000000006;0.025541537716412765
6.876;0.05006343028615423
6.878;0.041067937932130365
6.88;0.07063536566200457
6.882000000000001;0.04722266454135814
6.884;0.05232025568069962
6.886;0.10261553332658266
6.888;0.020717555174523013
6.890000000000001;0.10504989060860945
6.892;0.07555044212054621
6.894;0.03911439674512866
6.896;0.046262954095211216
6.898000000000001;0.06310944020696702
6.9;-0.04289367871146477
6.902;0.004812711103889138
6.904;-0.008171241831944953
6.906000000000001;0.1184462817431481
6.908;0.029812867467361878
6.91;0.13339776995481012
6.912;0.04696592692021389
6.914;0.03467735854431882
6.916;0.05680267759763828
6.918;0.08050402771948698
6.92;0.02128624704751231
6.922;0.036839523454758556
6.924;0.12711483390561468
6.926;0.16324518039275554
6.928;-0.011313554445123414
6.93;0.12503925577972594
6.932;-0.030686305099577663
6.934;0.08717091253542107
6.936;0.05209129337435864
6.938;0.02083815991331707
6.94;0.04546756110127052
6.942;0.11256163732037071
6.944;0.050514212860481814
6.946;0.07757421067064468
6.948;0.061811545002471234
6.95;0.07368804565997386
6.952;0.04511148754200641
6.954;0.03162893362783878
6.956;0.08230071050866569
6.958;0.08196071499150884
6.96;0.04524816332628314
6.962;0.09588144375785418
6.964;0.04741009305216962
6.966;0.045286683439570714
6.968;0.04678359951320606
6.97;0.010379781614167652
6.972;0.11630691594682016
6.974;-0.00531312289699757
6.976;0.0840120252862955
6.978;0.04666620645983077
6.98;0.14105716769503937
6.982;0.11349200184515815
6.984;0.05854557853765956
6.986;0.08834450193589637
6.988;0.04319658347529256
6.99;0.047375482960904824
6.992;0.09112229243776954
6.994;0.02049743974776952
6.996;0.08678971061493394
6.998;0.14571196445901863
7.0;0.07185124564735444
7.002;0.08860532521700064
7.0040000000000004;0.06495659087418361
7.006;0.022800319343875816
7.008;0.11655219822233215
7.01;0.10494570209453581
7.0120000000000005;0.12612580336652734
7.014;-0.02154118025969539
7.016;0.1176937235794745
7.018;-0.03804237057756967
7.0200000000000005;0.09040935401612803
7.022;0.09418055149239497
7.024;0.033269738671711735
7.026;-0.05371641759335635
7.0280000000000005;0.09125788797430057
7.03;0.06410083967670992
7.032;0.038682556304425304
7.034;0.02838079880787006
7.0360000000000005;-0.03169640110849031
7.038;0.0860374540112923
7.04;0.08270662867983974
7.042;0.0460841510850727
7.0440000000000005;0.04840369026972631
7.046;0.044156794176257355
7.048;0.07577096930302087
7.05;-0.044996947293194714
7.0520000000000005;0.07591546246741669
7.054;0.10367502989340671
7.056;0.08223370883225897
7.058;0.10455990748787954
7.0600000000000005;0.030998142127398487
7.062;0.10475223167371259
7.064;0.021562750104012957
7.066;-0.05327034647440525
7.0680000000000005;0.03426208349092592
7.07;0.03924804534967384
7.072;-0.0008051919107193162
7.074;0.12545388681976255
7.0760000000000005;0.01566787200534908
7.078;0.042116457771125645
7.08;0.07565656344241149
7.082;0.06234273004685844
7.0840000000000005;0.007976107637686941
7.086;0.09523458108342313
7.088;0.14045381945421123
7.09;0.018654173244864028
7.0920000000000005;0.11098105116369442
7.094;0.11080667069871983
7.096;0.09727204916879292
7.098;0.00398701776961391
7.1000000000000005;0.025487334071091362
7.102;0.06547913467043093
7.104;0.10462784596883311
7.106;0.06228242672490859
7.1080000000000005;0.12741036359709063
7.11;0.0893631804472779
7.112;0.10461934099427304
7.114;0.12142939282308314
7.1160000000000005;0.09685515574279749
7.118;0.054244294608550625
7.12;0.020829649582655957
7.122;0.13290258598151858
7.1240000000000006;0.0653914354208916
7.126;0.004317399814570688
7.128;0.13500567958909873
7.13;0.04824379111706761
7.132000000000001;0.1318290479344878
7.134;0.1055439121745074
7.136;0.0830946274630827
7.138;0.12446883182981736
7.140000000000001;0.02191938201667029
7.142;0.0014482287214553913
7.144;0.11337688450456226
7.146;0.020627772854060977
7.148000000000001;0.030808432355697357
7.15;0.07730616332954034
7.152;0.11366637884030356
7.154;-0.001141759371197676
7.156000000000001;0.16242734540751108
7.158;0.22129116552570333
7.16;0.12669581350719297
7.162;0.20332174818318632
7.164000000000001;0.2612061871809755
7.166;0.17639566902891435
7.168;0.19803114043081896
7.17;0.22943992278390635
7.172;0.30907609860527535
7.174;0.3081830130656913
7.176;0.49741943820138934
7.178;0.5302430333502193
7.18;0.591552554994774
7.182;0.5733197697700321
7.184;0.727196692751031
7.186;0.6984760445971044
7.188;0.8280827290451434
7.19;0.9068055814766107
7.192;0.9453721368597177
7.194;1.0017668888957505
7.196;1.1019684126093663
7.198;1.1174361668929884
7.2;1.1467228515680499
7.202;1.0651015731678928
7.204;1.0436042468632163
7.206;1.0240900117332208
7.208;0.9942156981213287
7.21;0.8423916494458279
7.212;0.787294986192462
7.214;0.7499653437837044
7.216;0.7730391803649171
7.218;0.606576768043968
7.22;0.5555190297382699
7.222;0.4444038737684004
7.224;0.4172340219344733
7.226;0.24321875329575282
7.228;0.3682020336732463
7.23;0.3645681309119688
7.232;0.26180409912054947
7.234;0.312502568532285
7.236;0.23872921665417488
7.238;0.17900152849335774
7.24;0.18738003476840098
7.242;0.11860506335080648
7.244;0.14855281860461061
7.246;0.07163232730025934
7.248;0.08115347843888429
7.25;0.14678981818582243
7.252;0.06099838285282097
7.2540000000000004;0.037052062518335815
7.256;0.09014523242941716
7.258;0.07837699436269038
7.26;0.08545485043812721
7.2620000000000005;0.001579214899828485
7.264;0.013698600744910638
7.266;0.12758704248201705
7.268;0.10237697409996704
7.2700000000000005;0.07800953240805178
7.272;0.16323205536305982
7.274;0.11429351270556526
7.276;0.010868249450673037
7.2780000000000005;0.06697801456942526
7.28;0.1519249509029228
7.282;0.12674391255696285
7.284;0.1450609077792181
7.2860000000000005;0.04897701946149418
7.288;-0.0012166998000958246
7.29;0.06822946717186566
7.292;0.07838540686549489
7.2940000000000005;0.08048922196764849
7.296;0.1297713983142209
7.298;0.040602436019367194
7.3;0.0627368685726043
7.3020000000000005;0.08523806589533266
7.304;-0.0163474503633797
7.306;0.07546980160985135
7.308;0.037961009714055007
7.3100000000000005;0.07060882651497637
7.312;0.10415434140607743
7.314;0.18509848215504096
7.316;0.2039690650402313
7.3180000000000005;0.14200602006721819
7.32;0.011718608603795103
7.322;-0.04960149029195576
7.324;0.09617051987385193
7.3260000000000005;0.04683736158907355
7.328;0.14565279247201857
7.33;0.10759851286230612
7.332;0.13544341921643013
7.3340000000000005;0.03572541495494919
7.336;0.010861301993241368
7.338;0.10105500097707375
7.34;0.04150426858840887
7.3420000000000005;0.07558935178195915
7.344;0.07507777496505627
7.346;0.07023813909180569
7.348;0.009166700567131314
7.3500000000000005;0.0762061429432056
7.352;0.03500625466048449
7.354;0.12997697737825706
7.356;0.1328074080018918
7.3580000000000005;0.150282388783883
7.36;0.1660184800034754
7.362;0.025807577013534325
7.364;0.09799966081128769
7.3660000000000005;0.1288304845944287
7.368;0.20633792266977158
7.37;0.05344316324666353
7.372;0.06978112181091578
7.3740000000000006;0.07469187313857484
7.376;0.14866023916242263
7.378;0.035424718619893276
7.38;0.048321245270915025
7.382000000000001;0.050918690259254745
7.384;0.10437214650676788
7.386;0.08950494141306425
7.388;0.022129424041638743
7.390000000000001;0.19961266744813833
7.392;0.13076484199385538
7.394;0.06528143485230428
7.396;0.055558453364173366
7.398000000000001;0.040479870596872684
7.4;0.09616011576586136
7.402;0.14110707834128106
7.404;0.11588570109327338
7.406000000000001;0.13432463655068388
7.408;0.09778358828465518
7.41;0.1126748113370139
7.412;0.11092011409374505
7.414000000000001;0.07831937459554499
7.416;0.10549469480261538
7.418;0.13064896403149925
7.42;0.08564103621059521
7.422000000000001;0.1709627017738382
7.424;0.028993894091559627
7.426;0.11223056147098871
7.428;0.1079966971227389
7.43;0.08598284447833923
7.432;0.15632824475426937
7.434;0.13726646108980067
7.436;0.10295377126426641
7.438;0.12094731627686012
7.44;0.09098000533019876
7.442;0.02551540867841197
7.444;0.09143521553576563
7.446;0.10422397635561831
7.448;0.19215591292589823
7.45;0.14787024859166326
7.452;0.099175441945555
7.454;0.14836972515164523
7.456;0.07137340619538748
7.458;0.044409875630640736
7.46;0.07041325625220864
7.462;0.05390179696375505
7.464;0.05328209217378005
7.466;0.04313301048246698
7.468;0.1276736535266869
7.47;0.06153258374041137
7.472;0.06980536642183911
7.474;0.09546678486050722
7.476;0.16065329391768662
7.478;0.10673021612389925
7.48;0.08513744809601656
7.482;0.1615432449146984
7.484;0.08640311306822594
7.486;0.06988465861518853
7.488;0.1035584836180525
7.49;0.07675381517408877
7.492;0.15137499419413963
7.494;0.08650232849222926
7.496;0.10617437604300851
7.498;0.13664531915136968
7.5;0.11043328150652906
7.502;0.15681419025584062
7.5040000000000004;0.07388038203395875
7.506;0.07176723657777323
7.508;0.0320301537816049
7.51;0.05096631001044153
7.5120000000000005;0.10668921473816936
7.514;0.0550421980465903
7.516;0.12121084453923575
7.518;0.07707110827080686
7.5200000000000005;0.06748454518676769
7.522;0.12642245838680588
7.524;0.05560273849302754
7.526;0.14615728974984063
7.5280000000000005;0.055549476605175764
7.53;-0.01894348601036358
7.532;0.1395572228181265
7.534;0.03744416171570597
7.5360000000000005;-0.02505942976834309
7.538;0.09884663255305322
7.54;0.059990473558722834
7.542;0.1427346551058262
7.5440000000000005;0.114411846940358
7.546;0.16715393012450822
7.548;0.11298974654347506
7.55;0.03106159843427364
7.5520000000000005;0.1724813235905109
7.554;0.16836584441552369
7.556;0.003876569124933893
7.558;0.11403356634537631
7.5600000000000005;0.1446793534063781
7.562;0.0783660693566004
7.564;0.10034916589074583
7.566;0.07770016845602987
7.5680000000000005;0.05866588668406382
7.57;0.05750692195489394
7.572;0.12357117158445356
7.574;0.10083868096141489
7.5760000000000005;0.10017553616845981
7.578;0.08481667435627434
7.58;0.08126221621689804
7.582;0.09377580019360479
7.5840000000000005;0.06806819614769341
7.586;0.16942951849875243
7.588;0.038346343350998735
7.59;0.12015879155613814
7.5920000000000005;0.06248303554943619
7.594;0.06037737862141698
7.596;0.09132204023795155
7.598;0.04655352314780375
7.6000000000000005;0.12206766816366438
7.602;0.0388950733520545
7.604;0.038818215818513
7.606;0.10838300210315123
7.6080000000000005;0.10049129627931962
7.61;0.0492760372633228
7.612;0.13467318333273645
7.614;0.12310609429759241
7.6160000000000005;0.10184505217185116
7.618;0.09853530730807586
7.62;0.11881658127750667
7.622;0.1239273871803139
7.6240000000000006;0.18348808823930568
7.626;0.15379324088502383
7.628;0.028315815536372024
7.63;0.10849606200700529
7.632000000000001;0.1156100638362674
7.634;0.17052831991242517
7.636;0.08212655323031756
7.638;0.07105412692316668
7.640000000000001;0.11441234186600764
7.642;0.16900724576298715
7.644;0.15058636522066263
7.646;0.12236856380150889
7.648000000000001;0.02312277377901842
7.65;0.09870383240659905
7.652;0.06645286297653025
7.654;0.23373084074215683
7.656000000000001;0.0952905396096624
7.658;0.13210858590517144
7.66;0.1801498535332902
7.662;0.07824577967915321
7.664000000000001;0.03825565706423625
7.666;0.1655218080246506
7.668;0.10483742283145472
7.67;0.04718164373482211
7.672000000000001;0.08016273390307148
7.674;0.11621037092028604
7.676;0.09006540299246032
7.678;0.1335207096968294
7.68;0.07600224375720388
7.682;0.04266792399319107
7.684;0.09149180086972163
7.686;0.04797361288234883
7.688;0.0979299214328765
7.69;0.04917912334811219
7.692;0.12457867685613219
7.694;0.14939535374166768
7.696;0.1285842921630327
7.698;0.12127119839105491
7.7;0.1418676620941982
7.702;0.15653509930336293
7.704;0.06422639936515952
7.706;0.09133628775049583
7.708;0.09679665942020015
7.71;0.02540754542615342
7.712;0.0241298295397675
7.714;0.0725460322264776
7.716;0.08173898636718852
7.718;0.08210569825530528
7.72;0.14222872702374428
7.722;0.12875195737361234
7.724;0.07580085440332779
7.726;0.09191590668514249
7.728;0.07460302954588179
7.73;0.06690256149874432
7.732;0.058445769206626766
7.734;0.07567528217616284
7.736;0.06615843920360023
7.738;0.07067018583627963
7.74;0.11794136987857688
7.742;0.12529816369953828
7.744;0.12577516997242444
7.746;0.1699058106405477
7.748;0.026841466092654982
7.75;0.028634105185080264
7.752;0.06984899486999507
7.7540000000000004;0.15854792437193843
7.756;0.11686475559923468
7.758;0.08459375336916788
7.76;0.15526381854377141
7.7620000000000005;0.11191944925730364
7.764;0.11934436401548872
7.766;-0.03414515776897831
7.768;0.1476611182173562
7.7700000000000005;0.13843091016828743
7.772;0.12492904194994145
7.774;0.09596059965604457
7.776;0.08947724427381758
7.7780000000000005;0.12689023961710255
7.78;0.18956272026010168
7.782;0.030651480224190772
7.784;0.0702062329041989
7.7860000000000005;0.09798750077133214
7.788;0.10147888793350032
7.79;0.12052606379491312
7.792;0.0684136811130381
7.7940000000000005;0.07714836446211985
7.796;0.01723330557382903
7.798;0.09686222338374
7.8;0.03652016025868615
7.8020000000000005;0.09045634685002739
7.804;-0.038064143860145394
7.806;0.10091232968249529
7.808;0.1124483110252801
7.8100000000000005;0.01258750718316927
7.812;0.026495283218157147
7.814;0.15121807863603415
7.816;0.10248744671617631
7.8180000000000005;0.12975972951562215
7.82;0.17540718415016548
7.822;-0.016768242778336842
7.824;0.0306809286165714
7.8260000000000005;0.12804069810432295
7.828;0.1638941302925831
7.83;0.09967730764035003
7.832;0.15617524384954967
7.8340000000000005;0.11500234795984897
7.836;0.11103235077250682
7.838;0.017351228609645927
7.84;0.012548637117574743
7.8420000000000005;0.1448551542535486
7.844;0.005221713203701267
7.846;0.1448175246846411
7.848;0.04628757967124441
7.8500000000000005;0.08639059545894363
7.852;0.08590765035924407
7.854;0.12855424870013044
7.856;-0.002547793229106532
7.8580000000000005;0.08417737186128924
7.86;0.0034632621539177483
7.862;-0.04698256530004358
7.864;0.05763215107183661
7.8660000000000005;0.14523745656068565
7.868;-0.006194620458918734
7.87;0.05608034954345341
7.872;0.09422904184082727
7.8740000000000006;0.007487872311880084
7.876;0.06899255410960033
7.878;0.07605546194955333
7.88;0.10960401055078453
7.882000000000001;0.1495335633336265
7.884;0.0969791833885379
7.886;0.05329667412213518
7.888;0.11692757901609173
7.890000000000001;-0.04676999716732329
7.892;0.00639303726753776
7.894;0.08047242022587403
7.896;-0.04179933347652355
7.898000000000001;-0.06154034303744123
7.9;0.15201474623169742
7.902;0.06189087426814896
7.904;0.037527843267069635
7.906000000000001;0.09818795434415768
7.908;-0.011443641446653594
7.91;0.06205833702749002
7.912;-0.009250656875294555
7.914000000000001;0.05464978854887768
7.916;0.09002271598798967
7.918;0.11434452716400484
7.92;0.03666347531577679
7.922000000000001;-0.02762486314972444
7.924;0.044847981628820824
7.926;0.07059395381144919
7.928;0.12918553792288762
7.930000000000001;0.03555013969050235
7.932;0.04179607828088948
7.934;0.0764539184098364
7.936;0.08333267055668812
7.938;0.04412168865857013
7.94;0.1544791713795652
7.942;0.09275364974183893
7.944;-0.02405207636607272
7.946;0.17827672379693066
7.948;0.09918640860493053
7.95;0.10567517373046335
7.952;0.11302075933681804
7.954;0.10062304252747957
7.956;-0.01452157035867846
7.958;0.12790593408806866
7.96;0.07142415666577166
7.962;0.15624539276701835
7.964;0.17343513502697605
7.966;0.2224650802892676
7.968;0.23816787300768524
7.97;0.2722019323721031
7.972;0.3129982931071811
7.974;0.3163526862245327
7.976;0.38222914177631573
7.978;0.4023383548368521
7.98;0.5221086629544387
7.982;0.720328350313365
7.984;0.6609287471833238
7.986;0.8904569985858937
7.988;0.7886415860691396
7.99;0.9134964805313919
7.992;1.0705902794689264
7.994;0.961323339958996
7.996;0.9448166234301753
7.998;1.0483734265831952
8.0;0.997420291118261
8.002;1.0493648274336906
8.004;0.9998555316111083
8.006;1.0843321348533925
8.008000000000001;0.9587069839077181
8.01;0.9256374496305426
8.012;0.7784856511515331
8.014;0.699399925045033
8.016;0.6563297805232731
8.018;0.6077337980359534
8.02;0.5649450720659792
8.022;0.390555820232543
8.024000000000001;0.38027974044519564
8.026;0.33293854652470795
8.028;0.27008025049032636
8.03;0.2637555896696757
8.032;0.24698051472571333
8.034;0.21817331668814677
8.036;0.04086443033948536
8.038;0.08302468330776883
8.040000000000001;0.04051031186722079
8.042;0.07816568818293597
8.044;0.08411451770499456
8.046;0.0330151919920202
8.048;0.059008812586508544
8.05;0.015255943521065685
8.052;0.05095683277965078
8.054;0.05301239578352874
8.056000000000001;0.13833315029940318
8.058;0.07772965624635678
8.06;0.07217575841365675
8.062;0.06189539814813255
8.064;0.06960204553282275
8.066;0.06867820647543468
8.068;0.04036823718379457
8.07;-0.008998974309695693
8.072000000000001;0.13591799968055435
8.074;0.023449621582526326
8.076;0.0831401088160017
8.078;0.09443221548982433
8.08;0.08434740261859283
8.082;0.09491356226365061
8.084;0.013999192756561876
8.086;0.053218810832439165
8.088000000000001;0.007889414366839612
8.09;0.0769400058843624
8.092;0.056799616752938584
8.094;0.0071744854374299685
8.096;0.012825496346813386
8.098;0.0887648012021521
8.1;0.026616408484099425
8.102;0.02889065506719446
8.104000000000001;0.0019140438924389117
8.106;0.06365938251412447
8.108;0.011416374918505258
8.11;0.06224018713078047
8.112;0.08749633814935108
8.114;0.09614918124050281
8.116;0.08422106883215971
8.118;0.1185966292217302
8.120000000000001;0.012422955231970907
8.122;0.054009999171219576
8.124;0.04981606060226704
8.126;-0.04548806032086411
8.128;-0.0453099006277573
8.13;0.11702908963984175
8.132;0.10210849258136084
8.134;-0.016135700044807508
8.136000000000001;0.010486545555310978
8.138;-0.03068110046144172
8.14;0.060409680495329826
8.142;0.11011343711719243
8.144;-0.042991385163383036
8.146;-0.05949140344047064
8.148;0.006293722081879356
8.15;-0.019107956210495172
8.152000000000001;0.015856123420301856
8.154;0.043816375170227566
8.156;-0.006637523481445529
8.158;0.019764899663372245
8.16;0.10762274161404449
8.162;0.0230570006933025
8.164;0.0394797385353281
8.166;0.06572105855921581
8.168000000000001;0.10957820271951796
8.17;-0.03739897118580528
8.172;0.029417208217521536
8.174;0.10138714005454942
8.176;0.1148223052960263
8.178;0.10874888978926767
8.18;0.08699215065055407
8.182;-0.017131499663937146
8.184000000000001;-0.010287448059283773
8.186;0.05499470055476654
8.188;0.1036846082049504
8.19;0.042955416225922846
8.192;0.06504579426424972
8.194;0.1357866448756568
8.196;-0.0023860898146702385
8.198;-0.02994136083298643
8.2;0.12970771035363038
8.202;0.008806048150405137
8.204;0.011082872729894217
8.206;-0.04527850818630387
8.208;0.05770233835322519
8.21;0.004741551492927688
8.212;-0.059892270125488783
8.214;0.09607974254286714
8.216;-0.0032450634897561066
8.218;0.1282012925621095
8.22;0.05507856903659014
8.222;0.07414893102941036
8.224;0.048558004476808254
8.226;0.004792526730972102
8.228;0.010847746398470368
8.23;0.01667822661983993
8.232;0.08440147673450937
8.234;0.04859809814948702
8.236;-0.09072065485309024
8.238;-0.04538657891120221
8.24;-0.0001128974994760619
8.242;0.05636271431791111
8.244;-0.06694630551932025
8.246;-0.05922245489888153
8.248;0.019653526694504896
8.25;-0.021761342024764187
8.252;0.007127977981338537
8.254;0.06497645776711378
8.256;-0.0010303094787332493
8.258000000000001;-0.06616009359070558
8.26;-0.05718500869627306
8.262;0.020099131151019516
8.264;-0.03286943652908331
8.266;0.025295610868759047
8.268;0.008861497888612615
8.27;0.11569118973420374
8.272;-0.014896992607231183
8.274000000000001;0.01735723552465627
8.276;-0.05335105067514553
8.278;0.00013130353475644153
8.28;-0.004613329367327274
8.282;0.017140117340019745
8.284;0.00980537025419063
8.286;0.027321690764674528
8.288;0.04995518385394854
8.290000000000001;0.0021389518128923854
8.292;0.006889517145683742
8.294;0.04230808101735783
8.296;-0.013981709820876273
8.298;0.01401983000733462
8.3;0.10249178420272864
8.302;0.03430535058729014
8.304;0.07478976729935785
8.306000000000001;0.042107483729681185
8.308;0.023371989178151916
8.31;-0.04910483298739622
8.312;-0.05791596114887805
8.314;0.035340159334407074
8.316;-0.022158512483717908
8.318;-0.09463820867638817
8.32;0.002111653064499898
8.322000000000001;0.021214585581390256
8.324;0.04401455674623965
8.326;0.005046095448037574
8.328;-0.015546313581849068
8.33;-0.01537667583960732
8.332;0.02144591033059471
8.334;0.028947736684616594
8.336;-0.08976503323265966
8.338000000000001;-0.01866524267293622
8.34;-0.014343515170678979
8.342;-0.0660861719479087
8.344;-0.02405410987922885
8.346;-0.04405802511593907
8.348;-0.0211817124953375
8.35;0.056387195609347934
8.352;0.047173644260659786
8.354000000000001;-0.04606044611186905
8.356;-0.016201240244158848
8.358;0.010846520905146522
8.36;0.0039285930492286274
8.362;0.044972441978034426
8.364;-0.03436951592128163
8.366;0.003043221222163781
8.368;-0.024678643919843025
8.370000000000001;0.0032584832930906797
8.372;0.04980207954804637
8.374;0.0580001714850633
8.376;0.038453847699999114
8.378;-0.14136520591173588
8.38;0.060889051752787166
8.382;-0.043529381914567004
8.384;0.01724277282439667
8.386000000000001;-0.03376143213846802
8.388;-0.023499203873789346
8.39;-0.002183014228933291
8.392;0.003515291913564384
8.394;0.06181162544118379
8.396;-0.023351942714306843
8.398;-0.004430327754464494
8.4;-0.0858899255184202
8.402000000000001;0.001593363483061109
8.404;0.10545349848281578
8.406;0.014776939331597076
8.408;0.10313600711330932
8.41;0.0019988997493663556
8.412;-0.006913429068327032
8.414;-0.07327332996790631
8.416;-0.04665339303622839
8.418000000000001;-0.0018867840042079993
8.42;-0.04925046594347972
8.422;0.019345305013885202
8.424;-0.03686612760708798
8.426;-0.0554292178287686
8.428;0.032357681628175886
8.43;-0.1072216744414061
8.432;0.03220220765763612
8.434000000000001;-0.035325371738835626
8.436;-0.02269448705017697
8.438;-0.01975376190481681
8.44;-0.0792637916527638
8.442;-0.09008482289703795
8.444;-0.04966912787121955
8.446;0.021598737671426133
8.448;-0.031433430031374346
8.45;-0.02672531892448609
8.452;0.017445082970941883
8.454;-0.08722685025522006
8.456;-0.01008058079972485
8.458;0.04451707458642126
8.46;-0.04713654412660276
8.462;-0.00539820683879751
8.464;0.01773189695455277
8.466;0.0029022550318893864
8.468;0.04972674396911342
8.47;-0.09149213001847256
8.472;-0.0675179901279378
8.474;-0.004223747555288076
8.476;-0.12394723352578503
8.478;0.03932706155077247
8.48;0.02594731724057763
8.482;-0.1181317496255976
8.484;-0.006539359018426883
8.486;-0.1048432908998009
8.488;0.009094204875711612
8.49;-0.07590122241817053
8.492;0.012510688355422964
8.494;-0.06241098054670117
8.496;-0.02044176242977791
8.498;-0.08773779191312595
8.5;-0.03641072784136182
8.502;0.006291028097154414
8.504;-0.10686483755715936
8.506;-0.11291316948210046
8.508000000000001;-0.06297617194932834
8.51;-0.11933636846284401
8.512;0.02519405696267627
8.514;-0.03529888161455314
8.516;-0.01945154916990815
8.518;-0.07737611325079141
8.52;-0.05240185257285429
8.522;-0.0655908520720915
8.524000000000001;-0.02334216551847293
8.526;-0.16102448896530802
8.528;0.07673600085612561
8.53;0.001186885131189197
8.532;-0.07270861202556306
8.534;-0.11043273776732628
8.536;-0.1333117067754825
8.538;-0.06417933878792347
8.540000000000001;-0.043008928474032884
8.542;0.007447957770649161
8.544;-0.07020802908216509
8.546;-0.03278512589702759
8.548;-0.02715647717007226
8.55;-0.04269160339115371
8.552;-0.008581968261568533
8.554;-0.08425559232491803
8.556000000000001;-0.006687801424911322
8.558;-0.1218109621924563
8.56;-0.018781496782963102
8.562;-0.09897182722132022
8.564;0.011853563717262955
8.566;-0.10421979120397207
8.568;-0.13290071258954272
8.57;0.03126168375978945
8.572000000000001;0.0325010312135971
8.574;0.017031897923135024
8.576;-0.0450728513807897
8.578;-0.07255974939076165
8.58;0.016999953459945864
8.582;-0.07809915205624662
8.584;-0.07785709049452895
8.586;-0.010272876502227649
8.588000000000001;-0.06984339853432853
8.59;-0.0366647142878252
8.592;0.029033623487718666
8.594;-0.08615978183320747
8.596;0.020145859532492663
8.598;-0.040551965081995454
8.6;-0.14508445143158719
8.602;-0.04247751817526575
8.604000000000001;-0.006839806782304773
8.606;0.004378051533660297
8.608;-0.0826504740395578
8.61;0.08503428501693769
8.612;-0.005451934018118922
8.614;0.036473257474773146
8.616;-0.07030909729405851
8.618;-0.04426476704266519
8.620000000000001;-0.024095639950696343
8.622;-0.011460465856533944
8.624;-0.07486474730966458
8.626;-0.07673836794166419
8.628;-0.05546372811125548
8.63;0.024460257350904707
8.632;-0.08004253094776204
8.634;0.03088939657518386
8.636000000000001;-0.1469094880677255
8.638;0.029470920717434596
8.64;-0.01953632729137289
8.642;-0.11059045666980749
8.644;-0.006055673045492545
8.646;-0.01484694797321126
8.648;-0.008411883404466837
8.65;-0.07550217683075877
8.652000000000001;-0.09030556518798077
8.654;-0.15855133966705726
8.656;-0.17614505704678582
8.658;-0.07468464247322229
8.66;-0.08443616169488233
8.662;-0.08700902085810078
8.664;-0.002644195081707032
8.666;-0.04682365659725615
8.668000000000001;-0.04844298949973587
8.67;0.032760434352182184
8.672;-0.10552088249080163
8.674;-0.08937436480643346
8.676;-0.005570426548335977
8.678;-0.10398405735925578
8.68;-0.14510900867894613
8.682;-0.13518081388903663
8.684000000000001;-0.015917268494527972
8.686;-0.06704722040632281
8.688;-0.08157100800826571
8.69;-0.0346407869882423
8.692;-0.008779120403018342
8.694;-0.08034825324083686
8.696;-0.1294812637565337
8.698;-0.07525156485594303
8.700000000000001;-0.06875506226623607
8.702;-0.07712516253356093
8.704;-0.06870380404111633
8.706;-0.02334476735721766
8.708;-0.032282658254639655
8.71;0.011772906343721787
8.712;-0.09669379888823568
8.714;-0.03090880033663214
8.716;-0.06111299466140086
8.718;-0.020480137839095483
8.72;-0.06041060363874575
8.722;-0.1198910895132897
8.724;0.002248555638207264
8.726;-0.019615805777972874
8.728;-0.15790491533413956
8.73;-0.12273499873041344
8.732;-0.012913300363552226
8.734;-0.08584825825805242
8.736;-0.06082342517341495
8.738;-0.07027352514545156
8.74;-0.07020530679013176
8.742;-0.10876807464954552
8.744;-0.21984731943758928
8.746;-0.14034802996868256
8.748;-0.12585232186342657
8.75;-0.08985591137019709
8.752;-0.05052569959927403
8.754;0.0037119344410552063
8.756;-0.21870369553867394
8.758000000000001;-0.024827480409828587
8.76;-0.11620822863077739
8.762;0.038789408459286565
8.764;-0.005963170477659471
8.766;0.045022180211707175
8.768;0.06669394037141448
8.77;0.14458846339911913
8.772;0.1628506194654437
8.774000000000001;0.2790510193251008
8.776;0.27912401852912255
8.778;0.3157438277612563
8.78;0.4366158389534606
8.782;0.5353291254860983
8.784;0.529587044883517
8.786;0.7240894679604207
8.788;0.6809520281485223
8.790000000000001;0.6860225350499127
8.792;0.7304174517907425
8.794;0.794180362996998
8.796;0.9418725262641318
8.798;0.8593415083084774
8.8;0.9174809685065594
8.802;0.9043321265157601
8.804;0.7631327836535058
8.806000000000001;0.894317858365413
8.808;0.845572632377952
8.81;0.844993217391183
8.812;0.66130445727391
8.814;0.6256559317346955
8.816;0.4624476453119702
8.818;0.45591371120034807
8.82;0.4387139647070698
8.822000000000001;0.3627852915665448
8.824;0.30652131130438875
8.826;0.1446110949590651
8.828;0.22433601917987367
8.83;0.20430601795345701
8.832;0.09836793091383818
8.834;0.11216310971206957
8.836;0.10095929126801743
8.838000000000001;-0.004848049100816126
8.84;-0.0013067575184896318
8.842;-0.09717956610369363
8.844;-0.12556919803758626
8.846;-0.04339389440751981
8.848;-0.0613189896728001
8.85;-0.15027670541106025
8.852;-0.19345672752550708
8.854000000000001;-0.1273073723512179
8.856;-0.10765307529985697
8.858;-0.11020578873687668
8.86;-0.08027845715117705
8.862;-0.06988182723151237
8.864;0.01692898584041652
8.866;-0.13379979165049471
8.868;-0.14184506802035218
8.870000000000001;-0.048181527619803086
8.872;-0.041600945257844926
8.874;-0.11401397813430911
8.876;-0.002184309613825347
8.878;-0.05946608974257808
8.88;-0.006223465056834174
8.882;-0.11770676446205358
8.884;-0.04917643591947435
8.886000000000001;-0.06662607648952602
8.888;-0.020349730780637995
8.89;-0.18798681488961266
8.892;-0.015067250721308684
8.894;-0.09315191914037915
8.896;-0.1702265080994231
8.898;-0.10402574653069724
8.9;-0.11847575613345787
8.902000000000001;-0.08178742075341039
8.904;-0.1974008437245463
8.906;-0.07583243675805589
8.908;-0.0585933074404079
8.91;-0.10589212514936726
8.912;-0.02042868276500591
8.914;0.014272260402128437
8.916;-0.07460344982447494
8.918000000000001;-0.07285322288811905
8.92;-0.06810128967936346
8.922;-0.12638982855903425
8.924;-0.13600420905299154
8.926;-0.06064080796641377
8.928;0.004268153096046529
8.93;-0.11403496064630798
8.932;-0.07897154124036337
8.934000000000001;-0.1054792701693154
8.936;-0.14508180933378106
8.938;-0.11793082702123613
8.94;-0.014657019396575127
8.942;-0.07612497500456114
8.944;-0.1155017068798215
8.946;-0.21048719303342905
8.948;-0.11152121158896809
8.950000000000001;-0.1291278102508721
8.952;-0.17652161730989224
8.954;-0.17785631635778348
8.956;-0.03744299336179948
8.958;-0.11329601876543419
8.96;-0.07986672931870249
8.962;-0.12154694034701619
8.964;-0.16804396906619068
8.966;-0.13026183666728272
8.968;-0.15692224998166526
8.97;-0.03660563978662173
8.972;-0.14384291937303165
8.974;-0.08414264780773223
8.976;-0.11499871899811147
8.978;-0.09321686597457132
8.98;-0.029304534196108747
8.982;-0.17249548076311877
8.984;-0.09264387796606655
8.986;-0.09704244750294891
8.988;-0.0610756272255003
8.99;-0.05523297452631388
8.992;-0.12777114919752522
8.994;-0.07967074866394444
8.996;-0.08413172075488382
8.998;-0.09225272599898456
9.0;-0.14866231735491497
9.002;-0.09179079989329794
9.004;-0.055408347675230576
9.006;-0.09053667078475018
9.008000000000001;-0.10165376879723466
9.01;-0.11152213263230012
9.012;-0.11394195232144216
9.014;-0.11203192979801202
9.016;-0.15242564116237703
9.018;-0.07509647698220062
9.02;-0.17088664796270162
9.022;0.005178381056416784
9.024000000000001;-0.07473580502177089
9.026;-0.14799643468285006
9.028;-0.018661775924609145
9.03;-0.05524288762893566
9.032;-0.1215102709325685
9.034;-0.08731458859531738
9.036;-0.024034119164455497
9.038;-0.027746221545326785
9.040000000000001;-0.0518485953019131
9.042;-0.12811175573742556
9.044;-0.07044253232545725
9.046;-0.13425899611101522
9.048;-0.018483548032015004
9.05;0.019573464612623714
9.052;-0.131693056884074
9.054;-0.0492186302332529
9.056000000000001;-0.011583982848269017
9.058;-0.07040127212648473
9.06;-0.12192482005718303
9.062;-0.007182659387434315
9.064;-0.13574659761751154
9.066;-0.07006709576217494
9.068;-0.11671486373752456
9.07;-0.20150336497528645
9.072000000000001;-0.12939273276097552
9.074;-0.11070781292468385
9.076;-0.11329214191435463
9.078;-0.2339041168561395
9.08;-0.15028066603816737
9.082;-0.10348275739669728
9.084;-0.13253442851057665
9.086;-0.08571062749007687
9.088000000000001;-0.00796631940423903
9.09;-0.02456665316926876
9.092;-0.07935864142270821
9.094;-0.09589665099245161
9.096;-0.17035979832725018
9.098;-0.03741863932031214
9.1;-0.06473991767276052
9.102;-0.16120255407948209
9.104000000000001;-0.06887390360416976
9.106;-0.0813872732547078
9.108;-0.10930378373040509
9.11;-0.07605392128926795
9.112;-0.11593103634207935
9.114;-0.042961645845532595
9.116;-0.029575094400052973
9.118;-0.119997191477584
9.120000000000001;-0.05236516082897525
9.122;-0.06348649845256976
9.124;-0.03248318745922808
9.126;-0.1852905180870547
9.128;-0.10301201925566929
9.13;-0.07803610422612309
9.132;-0.04063026902003856
9.134;-0.06939264898160978
9.136000000000001;-0.11525945478392917
9.138;0.022235319412771723
9.14;-0.16302512932330487
9.142;0.011241053489741304
9.144;-0.13734078266701685
9.146;-0.1279672227952185
9.148;-0.09713013308030573
9.15;-0.14538161979570693
9.152000000000001;-0.059083662926522805
9.154;-0.03550284718071284
9.156;-0.08631621835666764
9.158;-0.15234183536856566
9.16;-0.15143564597883902
9.162;-0.10491123269597108
9.164;-0.07039445331568685
9.166;-0.13671423354538273
9.168000000000001;-0.07078732142040921
9.17;-0.1554796213448693
9.172;-0.1728625485142897
9.174;-0.11033638120781372
9.176;-0.08097157627192428
9.178;-0.11666540562156219
9.18;-0.1362034029481988
9.182;-0.1159142233153394
9.184000000000001;-0.022884776169916507
9.186;-0.16471542920697477
9.188;-0.0505939236879864
9.19;-0.14248523283798764
9.192;-0.06792306186479552
9.194;-0.12356303393800111
9.196;-0.15181700097963596
9.198;-0.028235006248393174
9.200000000000001;-0.14310160554195586
9.202;-0.04588483754358075
9.204;-0.06109664872827518
9.206;-0.1910648836352019
9.208;-0.13225810640399077
9.21;-0.21750226118554905
9.212;-0.12773493415060977
9.214;-0.04773267822841751
9.216000000000001;-0.10297050639239565
9.218;-0.050205362231397474
9.22;-0.13927896672881848
9.222;-0.20381073988594822
9.224;-0.07700579371370855
9.226;-0.1629174358339864
9.228;-0.08121584272726393
9.23;-0.11356836833989874
9.232;-0.12947297384994091
9.234;-0.13841954927480402
9.236;-0.13344997153092647
9.238;-0.08540213497109093
9.24;-0.16903752485046192
9.242;-0.11715983750605227
9.244;-0.013040563709167605
9.246;-0.04331397043460172
9.248;-0.004293083556302785
9.25;-0.12215125611435496
9.252;-0.09961113314056143
9.254;-0.16004586862221976
9.256;-0.1125429870160035
9.258000000000001;-0.10696657911098031
9.26;-0.13671557863970046
9.262;-0.1419377872721216
9.264;-0.11741043800596214
9.266;-0.06025467538038011
9.268;-0.11027968689877883
9.27;-0.14992679265067574
9.272;-0.14984234961634543
9.274000000000001;-0.1285681344389779
9.276;-0.05855063892878384
9.278;-0.13054314684993243
9.28;0.02967961770196849
9.282;-0.07260962153943176
9.284;-0.08143287864968979
9.286;-0.04964055120536588
9.288;-0.19671606439999303
9.290000000000001;-0.10337266494998934
9.292;-0.1262254104561602
9.294;-0.03824261257222332
9.296;-0.07334296894623918
9.298;-0.09055832338972458
9.3;-0.02785654654478953
9.302;-0.0409475526308338
9.304;-0.11446847977820757
9.306000000000001;-0.09390643632168186
9.308;-0.11374203920859291
9.31;-0.03910783645408521
9.312;-0.03989043640986102
9.314;-0.032664799286724944
9.316;-0.04351656429808744
9.318;-0.08592714727782781
9.32;-0.06573799750519507
9.322000000000001;-0.066323886431182
9.324;-0.21095413633244559
9.326;-0.03064435549535789
9.328;-0.00028048141707361085
9.33;-0.1750713983989723
9.332;-0.11721212441908509
9.334;-0.06916767034780394
9.336;-0.04899328753708929
9.338000000000001;-0.14550575213977845
9.34;-0.04736835792428335
9.342;-0.0903313203882463
9.344;-0.06590075707846393
9.346;-0.03603681827959456
9.348;-0.09105615503500558
9.35;-0.10353557573621526
9.352;-0.07478033135031546
9.354000000000001;-0.09053472166430136
9.356;-0.11416204526887991
9.358;-0.07508757693339563
9.36;-0.14645528888526513
9.362;-0.07365686840720984
9.364;-0.06425539426928426
9.366;-0.13877710134960733
9.368;-0.13071157648368223
9.370000000000001;-0.11435867139554608
9.372;-0.0935009715959001
9.374;-0.05775736408047164
9.376;-0.0425692239429388
9.378;-0.06497275723637258
9.38;-0.08722015532514894
9.382;-0.09603036738732502
9.384;-0.0973504079174667
9.386000000000001;-0.0600995539643717
9.388;-0.02479721327230547
9.39;-0.09246200568079996
9.392;-0.09985600149989324
9.394;-0.12893973311092627
9.396;-0.16226613307735446
9.398;-0.10240576884543559
9.4;-0.11078709798782557
9.402000000000001;-0.17201308171816937
9.404;-0.09125932249493099
9.406;-0.12919512094697067
9.408;-0.10665073354759283
9.41;-0.21538780405173208
9.412;-0.10449153664320512
9.414;-0.09034595670062677
9.416;-0.17898312225625854
9.418000000000001;-0.06479910986165321
9.42;-0.0902433271743856
9.422;-0.05417200402379557
9.424;-0.11978701871485212
9.426;-0.11013297632711695
9.428;0.01984792618394661
9.43;-0.0456750912918468
9.432;-0.11008620543033333
9.434000000000001;-0.011635656557384688
9.436;-0.10825733170380941
9.438;-0.0756601491750975
9.44;-0.1476961011016173
9.442;-0.12460989738418608
9.444;-0.0465039288288847
9.446;-0.12085509801242361
9.448;0.009778552985558228
9.450000000000001;-0.07630421471973202
9.452;-0.13517536836614374
9.454;-0.012135483685627516
9.456;-0.1019810020484783
9.458;-0.07338768346084878
9.46;-0.08302255856245538
9.462;-0.03958716955628452
9.464;-0.11818164278246074
9.466000000000001;-0.10080827416036714
9.468;-0.0875719019668378
9.47;-0.07849500042710736
9.472;-0.14011042752199176
9.474;-0.11546635976541947
9.476;-0.11378911759503517
9.478;0.022598210921266945
9.48;-0.02036666693219495
9.482;-0.11239698797873225
9.484;-0.03119670192053245
9.486;-0.06734556914587977
9.488;-0.15203711567786882
9.49;-0.18630471935894355
9.492;-0.052021810963904846
9.494;-0.014738671962679098
9.496;-0.03813835406821653
9.498;-0.1368471645605687
9.5;0.014543640095054378
9.502;-0.019103035945191763
9.504;-0.0560596836098604
9.506;-0.07589096831526422
9.508000000000001;-0.0660085001539642
9.51;-0.14772352116165782
9.512;-0.07832601472391089
9.514;-0.03325349948235979
9.516;-0.08225825079869675
9.518;-0.1069380210706696
9.52;-0.15545377573690528
9.522;-0.052082694040385
9.524000000000001;-0.09240560507120357
9.526;-0.056639934580388074
9.528;-0.12408632297975673
9.53;-0.12634943748767882
9.532;-0.0938729627494291
9.534;-0.0806720007281571
9.536;0.055343663635666826
9.538;-0.05142281117844366
9.540000000000001;-0.10958436108405822
9.542;-0.13669763310120867
9.544;0.01778005151609713
9.546;-0.03603246659373633
9.548;-0.07322108335471025
9.55;-0.09174532521901453
9.552;0.013212459595221493
9.554;-0.045148249284474244
9.556000000000001;-0.07591673858233329
9.558;-0.07901963423777436
9.56;-0.02705275202848456
9.562;0.009116002276956747
9.564;0.013912454846181185
9.566;0.07020834302145511
9.568;0.08264607329321945
9.57;0.2468756268733065
9.572000000000001;0.23069168055778294
9.574;0.1414067876807149
9.576;0.3555667650947672
9.578;0.41202633270019373
9.58;0.5101208958872759
9.582;0.5164919493914562
9.584;0.5745275533555876
9.586;0.6168211980074478
9.588000000000001;0.7653811703612187
9.59;0.8250586826968769
9.592;0.8614958489991135
9.594;0.8045361726104273
9.596;0.8810957841363124
9.598;0.95853490204645
9.6;0.8908553023467435
9.602;1.0104439041693563
9.604000000000001;0.8126111640382291
9.606;0.9278068331485678
9.608;0.8514142477392049
9.61;0.736593386923019
9.612;0.6883423689829805
9.614;0.4998518008760901
9.616;0.5839656686053968
9.618;0.4581910778459099
9.620000000000001;0.37808948023145494
9.622;0.32369095559178235
9.624;0.3481495447206371
9.626;0.27226223473122424
9.628;0.22559396056961306
9.63;0.13201106918047517
9.632;0.1442536892483966
9.634;0.03828711010721715
9.636000000000001;0.07291585304964834
9.638;0.12448362915385704
9.64;-0.12790444127674816
9.642;0.028830664607828904
9.644;-0.04863428099613993
9.646;-0.04612067311246694
9.648;-0.06532215254065507
9.65;-0.11998353865703479
9.652000000000001;-0.05841992413194971
9.654;0.013674692278518141
9.656;-0.01585548762782897
9.658;-0.004455541187000811
9.66;-0.01124518694378307
9.662;-0.06213115082692069
9.664;-0.07750325901074605
9.666;-0.03743919666531665
9.668000000000001;-0.06551777872695182
9.67;-0.02914304174068692
9.672;-0.022528874706029427
9.674;-0.0022536830066859706
9.676;-0.084123895355401
9.678;-0.14650483403669728
9.68;-0.036757037418958825
9.682;-0.06376767647614995
9.684000000000001;-0.02116531029530902
9.686;-0.004390936589597966
9.688;-0.02009841483968114
9.69;-0.10314238343100508
9.692;-0.04990001151379746
9.694;-0.022083050608078553
9.696;-0.04778210051195007
9.698;0.05504271509634785
9.700000000000001;-0.05486582535017112
9.702;-0.04410008155138573
9.704;-0.0468802594504639
9.706;-0.09031524752194167
9.708;-0.0450615637184368
9.71;-0.12067473829068218
9.712;-0.016816870284336878
9.714;-0.20899435364645474
9.716000000000001;-0.06022586151261655
9.718;-0.07421295067091452
9.72;-0.05448491003908418
9.722;-0.14103110223203705
9.724;-0.12539568225143766
9.726;-0.03670196200270811
9.728;-0.13561668175713923
9.73;-0.02988875306049036
9.732;0.008763917101048575
9.734;-0.08503478061550238
9.736;-0.035450461211562215
9.738;-0.08151017777887866
9.74;-0.03823581680435152
9.742;-0.13254417008368014
9.744;-0.1439627374709715
9.746;-0.08980004336484632
9.748;-0.05464687130947936
9.75;-0.04326447499195633
9.752;-0.0825907024780935
9.754;-0.10884470239539495
9.756;-0.016549834057035435
9.758000000000001;0.007281440077838992
9.76;0.02333014462425529
9.762;0.0157741160094107
9.764;0.031156078770985182
9.766;-0.1353828371768373
9.768;-0.019546505901472548
9.77;-0.04800521153881558
9.772;-0.0394164679679879
9.774000000000001;-0.03379844075261484
9.776;-0.008249010116422754
9.778;0.0006664876985750315
9.78;-0.04178177180447989
9.782;-0.06921104789379187
9.784;-0.11189646603988176
9.786;-0.10853817533095697
9.788;-0.02204037056457892
9.790000000000001;-0.11061571731687944
9.792;-0.016770760931750582
9.794;-0.030250835821980158
9.796;-0.09528947851009106
9.798;-0.03181956159128244
9.8;-0.07670784024648905
9.802;-0.08714146928622474
9.804;0.0040493454530995815
9.806000000000001;-0.0601436403500837
9.808;-0.01781528636783907
9.81;-0.038723629952187553
9.812;-0.0122131888453835
9.814;-0.06417992881368116
9.816;0.004192811934299684
9.818;-0.1599077039803403
9.82;-0.030058019303762375
9.822000000000001;-0.012114878459262412
9.824;-0.0013736583610916425
9.826;-0.022395442208291174
9.828;0.0009368794332248881
9.83;-0.09352380584184002
9.832;-0.06021520746811142
9.834;0.040193886749461866
9.836;-0.04134668427870856
9.838000000000001;-0.031215938766457844
9.84;-0.04911519441484251
9.842;-0.0723947854366127
9.844;-0.050069368376807304
9.846;0.046507205815450064
9.848;0.008416465345109439
9.85;-0.07862863812132119
9.852;-0.06634313041542535
9.854000000000001;-0.04488125633623926
9.856;-0.009772740240035754
9.858;-0.018273707113001095
9.86;-0.0546568604479665
9.862;0.05171483817829868
9.864;0.04772867907815898
9.866;-0.007764677350723767
9.868;0.0022861190066973194
9.870000000000001;-0.023873501888755467
9.872;-0.039571704605083885
9.874;-0.08959614046268365
9.876;0.0440601185751372
9.878;-0.0015237430342440704
9.88;-0.06381335265747451
9.882;-0.007997799987445707
9.884;-0.027724844361547915
9.886000000000001;-0.036527914163026864
9.888;-0.01574626802105966
9.89;0.08159461157169483
9.892;-0.030083490257843647
9.894;-0.030911618744109762
9.896;-0.028580293948812452
9.898;-0.05033341764423434
9.9;-0.06885176243992659
9.902000000000001;-0.05205355960627105
9.904;-0.1210224375837563
9.906;-0.03757874506109661
9.908;-0.00811861637637694
9.91;0.01184226534679297
9.912;-0.03576900263982956
9.914;-0.0903713803797732
9.916;0.05452612028343608
9.918000000000001;0.03099407467408385
9.92;0.054318975079356596
9.922;-0.051576883136278555
9.924;-0.029612382737306583
9.926;-0.10192691496503171
9.928;0.07955745703608821
9.93;0.06931604342683442
9.932;-0.03651851556923754
9.934000000000001;-0.014578986747418114
9.936;0.03538776924796726
9.938;-0.11220284145828624
9.94;-0.019846738456681022
9.942;-0.06295340392934098
9.944;-0.10094331948166696
9.946;0.04836484475544106
9.948;0.042249710311007084
9.950000000000001;-0.04084543900894954
9.952;-0.10435151799653053
9.954;-0.09148774744166566
9.956;0.07168944887129551
9.958;-0.041647411120840194
9.96;-0.02072217430050752
9.962;0.03362682675159763
9.964;-0.024461836023562347
9.966000000000001;-0.03383654034979937
9.968;0.010845888656619182
9.97;0.020255634652427145
9.972;0.0038203004716660886
9.974;-0.02011525414149824
9.976;0.05127593533127986
9.978;-0.09825562497440929
9.98;0.018574351036228676
9.982000000000001;-0.002998100010683768
9.984;-0.10745451337787502
9.986;0.10473905471028802
9.988;-0.078281972932097
9.99;-0.011128386602154806
9.992;-0.008328474900115594
9.994;-0.06971432171460357
9.996;-0.04768110656623137
9.998;-0.02664734190792181
10.0;0.019654474381279725
10.002;0.012093718580977998
10.004;-0.0034077361613467846
10.006;-0.006584160573153434
10.008000000000001;-0.01595922632696401
10.01;-0.03175844313029967
10.012;0.060146579370572203
10.014;-0.012137848409815449
10.016;-0.00011407239803901993
10.018;-0.06967828475365391
10.02;0.0539765146528169
10.022;0.019419212555432858
10.024000000000001;-0.015430033778480508
10.026;-0.039583260405623134
10.028;0.0773925261871471
10.03;-0.06031351596640872
10.032;-0.02843891477096972
10.034;0.03040269985899453
10.036;0.09204845913287864
10.038;0.03466764515354452
10.040000000000001;0.014101777171361993
10.042;0.029978471104511458
10.044;0.0031803421637497786
10.046;-0.05043023512039625
10.048;0.04683420624898682
10.05;0.026900427511378847
10.052;-0.008994154493922083
10.054;-0.03059036470453961
10.056000000000001;0.06421858229191224
10.058;-0.012847563854918562
10.06;-0.01035562824234839
10.062;0.022614155569896918
10.064;-0.020848321238441797
10.066;0.03607005028517751
10.068;-0.016617715790152563
10.07;0.023405791674736266
10.072000000000001;0.005036067617803008
10.074;0.0442486923318374
10.076;0.09007543704624785
10.078;-0.005373621756858125
10.08;0.10333518905169266
10.082;0.06815737014470524
10.084;0.010985501250997249
10.086;0.09559405057780962
10.088000000000001;0.026998756607985896
10.09;-0.06775101954956457
10.092;0.01119808926475906
10.094;0.10210388790507975
10.096;0.034811054066292924
10.098;-0.10402666070776964
10.1;0.021968146118799
10.102;0.05765527914606346
10.104000000000001;0.02178761121507117
10.106;-0.007965004012579682
10.108;-0.017812998036282512
10.11;-0.043068102215743066
10.112;0.09028917489796554
10.114;0.019514226054302614
10.116;0.0882750979328388
10.118;-0.06062235705478272
10.120000000000001;0.06265370139762001
10.122;-0.03898576092576443
10.124;0.07821369188893731
10.126;0.0875623406895494
10.128;0.002529052784728064
10.13;-0.06460436219911443
10.132;-0.024745444196319633
10.134;0.0152451011877029
10.136000000000001;0.04705100997387601
10.138;-0.03895423858577539
10.14;-0.03148852011105291
10.142;0.06645499443119463
10.144;0.06951033117396352
10.146;-0.019756604068021752
10.148;-0.041263078153730454
10.15;0.05882691873955545
10.152000000000001;0.08432250314987834
10.154;0.0232742738187718
10.156;0.017267295951760218
10.158;0.03909811991477519
10.16;0.05182364998406706
10.162;-0.0180246470963156
10.164;0.11277266601036186
10.166;0.05270960905089478
10.168000000000001;-0.07334059686788305
10.17;-0.01171114324415496
10.172;-0.0603734557508467
10.174;0.06754471312931962
10.176;-0.056470633217071436
10.178;0.03590109158285894
10.18;0.030307750131543687
10.182;-0.008917678884526548
10.184000000000001;0.045717134324050404
10.186;0.14900451637757356
10.188;-0.036116895595489626
10.19;0.10911149201710263
10.192;0.04179147525445039
10.194;0.08289758882777079
10.196;0.1295623044795657
10.198;-0.03083297162995447
10.200000000000001;0.10195181964356749
10.202;0.007705929789688856
10.204;0.042902767771217105
10.206;-0.026159300447717353
10.208;0.055697586101822474
10.21;0.0623878938284432
10.212;0.0004177486285897869
10.214;0.13971206530896632
10.216000000000001;0.04498365633251674
10.218;0.16390216580153025
10.22;0.09282521308274247
10.222;0.09429083771069335
10.224;-0.020711880450865028
10.226;0.0759565638029058
10.228;0.026174116253502
10.23;0.06450103989525979
10.232000000000001;0.05293746214740963
10.234;0.11735188499500576
10.236;0.05768412098074982
10.238;0.08402160279179444
10.24;-0.00833341798680956
10.242;0.06114680551647754
10.244;0.1400189252895994
10.246;0.045356808294742125
10.248;0.017656068308787576
10.25;0.06610521138036206
10.252;0.039479407442730756
10.254;0.09833757226643688
10.256;0.08032083842545176
10.258000000000001;-6.207750348798807e-05
10.26;-0.03908360472870972
10.262;0.08037083506816413
10.264;0.08591010554998282
10.266;0.05455534492405303
10.268;0.04064617747429601
10.27;0.06211282899626845
10.272;0.017439881915553068
10.274000000000001;0.0749598791547014
10.276;-0.02308300490770921
10.278;0.02864851817870188
10.28;0.17714589490392293
10.282;0.009040426641140312
10.284;0.08475216166304839
10.286;0.03010258942311122
10.288;0.051975064545494935
10.290000000000001;0.037462051264597215
10.292;-0.012169952401870701
10.294;0.052392741221094885
10.296;0.029419712607735307
10.298;0.031256233127762954
10.3;-0.016311894841706247
10.302;0.0638983499723238
10.304;0.07776817094797678
10.306000000000001;0.0902975695688858
10.308;0.018399168286485565
10.31;0.009091936337153599
10.312;0.03219016488017935
10.314;-0.025393560658303893
10.316;0.04481271575572414
10.318;0.03431765317842883
10.32;0.05000806156573313
10.322000000000001;0.0985214290834594
10.324;-0.03440948923282735
10.326;0.04889498605942192
10.328;0.08810886124976522
10.33;0.007067306756018445
10.332;0.04932368152768053
10.334;0.07234642862067511
10.336;0.12812607154528322
10.338000000000001;0.08778523504987656
10.34;0.10070675331054485
10.342;0.06435060564285808
10.344;0.025242693775503228
10.346;0.015375924095226479
10.348;0.07102532398969089
10.35;0.0929281422829206
10.352;0.05486922496051597
10.354000000000001;0.10142223748156562
10.356;0.09188256329961639
10.358;0.09929548853616063
10.36;0.12155404822455157
10.362;0.10567612048213595
10.364;0.18827135115613286
10.366;0.12686764474705023
10.368;0.14544300484096365
10.370000000000001;0.2465264191975991
10.372;0.3480365859207697
10.374;0.3959642817743508
10.376;0.4542407148726723
10.378;0.5468172091569433
10.38;0.5264869648594297
10.382;0.6057039282184343
10.384;0.7412268391434814
10.386000000000001;0.7763653341664073
10.388;0.836829137606576
10.39;0.90317275893943
10.392;0.8978545215698155
10.394;1.020531408482776
10.396;1.086575889850457
10.398;1.0094464467435171
10.4;1.1313952460140078
10.402000000000001;1.0035691108722704
10.404;1.0637273245306187
10.406;0.9302726028917657
10.408;0.889013318578592
10.41;0.8777809343453511
10.412;0.8693318610411878
10.414;0.7089813820530741
10.416;0.6446654602742833
10.418000000000001;0.6285379575533007
10.42;0.538824904367245
10.422;0.470145578759632
10.424;0.47323708469031983
10.426;0.34778168187176783
10.428;0.3320621052829631
10.43;0.33444300531795956
10.432;0.24222549958745782
10.434000000000001;0.26550011293421805
10.436;0.18698412447824309
10.438;0.13039868386490527
10.44;0.1615636248821508
10.442;0.1495859625101672
10.444;0.1599717197339893
10.446;0.13235135884393084
10.448;0.07547852354407254
10.450000000000001;0.08603513997242143
10.452;0.12209768384412872
10.454;0.022813018014698094
10.456;0.08933799683765853
10.458;0.060909646921644356
10.46;0.19733168581807467
10.462;0.008621089756092715
10.464;0.09056033485997826
10.466000000000001;0.11210621490983211
10.468;0.08530513035850927
10.47;0.07888510980224533
10.472;0.15395684148490793
10.474;0.015227449075819702
10.476;0.05007447024921814
10.478;0.12824684814072582
10.48;0.04274373442290347
10.482000000000001;0.10444043515512572
10.484;-0.0008207959611311044
10.486;0.06772775612071616
10.488;0.005294068861516399
10.49;0.0888895379602284
10.492;0.04294355401407402
10.494;0.053930490403221495
10.496;0.13738375597128055
10.498;0.12321210076396881
10.5;0.022217328204944452
10.502;0.11722472056722175
10.504;0.09154189045467934
10.506;0.10177788434546794
10.508000000000001;0.12174818683560486
10.51;-0.038557500950946164
10.512;0.17317003678617005
10.514;0.06419014938528564
10.516;0.07488314892053621
10.518;0.15710874184130008
10.52;0.0475572642983259
10.522;0.16784633078503366
10.524000000000001;0.09006561026750315
10.526;0.13314331359040982
10.528;0.07672875063554518
10.53;0.07319716054885778
10.532;0.05251686115240495
10.534;0.07386279953151637
10.536;-0.0073800143966079035
10.538;0.1613891995640161
10.540000000000001;-0.004350187546755785
10.542;-0.022625555179464532
10.544;0.06875334632104012
10.546;0.10787172054536141
10.548;0.003434445534411995
10.55;0.038012638287881526
10.552;0.1360913677395825
10.554;0.041019620992795464
10.556000000000001;0.009130354731883991
10.558;0.10091679304792059
10.56;0.09658529448567052
10.562;0.11668822753403676
10.564;0.027363138594226705
10.566;0.08019765992036376
10.568;0.016858331051785747
10.57;0.07405289291704646
10.572000000000001;0.12829838741329017
10.574;0.15095523567166147
10.576;0.10569978576124349
10.578;0.1538568432513817
10.58;0.07449213142036873
10.582;0.15224989615777773
10.584;0.14237896197525243
10.586;0.12966955305659142
10.588000000000001;0.06322557226505673
10.59;0.08050777183258792
10.592;0.16571392888917033
10.594;-0.002005091445468579
10.596;0.10065509290481175
10.598;0.05905717425523969
10.6;0.05019158443277108
10.602;0.09263238645833283
10.604000000000001;0.14817462432527506
10.606;0.11767031911690129
10.608;0.09736750693667315
10.61;0.024914727810373044
10.612;0.08635700174009808
10.614;0.09595605285014298
10.616;0.006306977868248159
10.618;0.03527647170487541
10.620000000000001;0.09216490302459193
10.622;0.05387533296607057
10.624;0.09676776066187093
10.626;0.10945174090197458
10.628;-0.0007952196542649337
10.63;0.14926380257396155
10.632;0.0913766289814501
10.634;0.1454267340013314
10.636000000000001;0.0724896467329369
10.638;0.025080687630146203
10.64;0.0082116969560775
10.642;0.08216418260211718
10.644;0.08431091223963552
10.646;0.13562680680921124
10.648;0.14720518320114484
10.65;0.17676545680415331
10.652000000000001;0.0652610804208433
10.654;0.07976074768069959
10.656;0.09448756493387885
10.658;0.18630322308246128
10.66;0.0565162563731116
10.662;0.09078679756085857
10.664;0.12527995651666046
10.666;0.03100254540752674
10.668000000000001;0.06831576175117443
10.67;0.22226141257750742
10.672;0.013593218222618011
10.674;0.17053675102320512
10.676;0.07580244743404468
10.678;0.12212606452516199
10.68;0.11024600740481484
10.682;0.07687469679066423
10.684000000000001;0.05826606649380185
10.686;0.12300041547391365
10.688;0.12587588666027807
10.69;0.2575997025875064
10.692;0.11195313401911909
10.694;0.12388832755283023
10.696;0.09284101981597953
10.698;0.11283318806500628
10.700000000000001;0.08931534331710414
10.702;0.10839451715061106
10.704;0.05825754800832555
10.706;0.09143870627765087
10.708;0.07588311199780473
10.71;0.09483260365508453
10.712;0.07032625251791862
10.714;0.031899121587941795
10.716000000000001;0.13408549552373514
10.718;0.04412542046893234
10.72;0.07566937498486823
10.722;0.10881932943035547
10.724;0.05360925914237296
10.726;0.08361384357057976
10.728;0.12735961869968448
10.73;0.18406012259807683
10.732000000000001;0.019914401663334372
10.734;0.09482312120142693
10.736;0.12862802478093888
10.738;0.08732988445594131
10.74;0.12325166548404165
10.742;0.08449143533082196
10.744;0.10273192390031427
10.746;0.019364516532864806
10.748000000000001;0.05108397492135569
10.75;-0.00392335933385328
10.752;0.19307682524313624
10.754;0.09898937986867141
10.756;0.07461462656101173
10.758000000000001;0.03705567577962388
10.76;0.10479521351430976
10.762;0.15773368560983295
10.764;0.17341795076986155
10.766;0.10560879431497755
10.768;0.028668306911337996
10.77;0.040087861428117356
10.772;0.15171998006082463
10.774000000000001;0.06201701553203861
10.776;0.09352420653412288
10.778;0.1456108352513943
10.78;0.09422889715600138
10.782;0.09187200011271697
10.784;0.15673012604099698
10.786;0.08061579666891795
10.788;0.14416568085534032
10.790000000000001;0.07692031027291538
10.792;0.018507803261837583
10.794;0.060602565947776285
10.796;0.08668634609480057
10.798;0.08473848119728156
10.8;0.049844278701288366
10.802;0.01030600194127862
10.804;0.030212992921819684
10.806000000000001;0.25077980394675786
10.808;0.12122623580707571
10.81;0.033612540259672585
10.812;0.1297149924306738
10.814;0.11816748177668089
10.816;0.13073224647335485
10.818;0.04838471635700033
10.82;0.049921904554532326
10.822000000000001;0.11341036735178382
10.824;0.0755510668850199
10.826;0.0866766913286739
10.828;0.048074912326967034
10.83;0.1954413163351196
10.832;0.100946235310133
10.834;0.0715758860431315
10.836;0.05510867991911924
10.838000000000001;0.09845036356532359
10.84;0.1743222644992714
10.842;0.16931424784857446
10.844;0.13652678560013404
10.846;0.1274488256408832
10.848;0.11828010300468486
10.85;0.11702114363760946
10.852;0.13189749841659235
10.854000000000001;0.11743637664239143
10.856;0.11282125824522633
10.858;0.12315007967267169
10.86;0.09784100723927501
10.862;0.02056414468948886
10.864;0.09001401524741183
10.866;0.09444517656614063
10.868;0.042659014897870155
10.870000000000001;0.07568673282775126
10.872;0.14549694928785895
10.874;0.13757834705537542
10.876;0.07984327430797947
10.878;0.07739822491404236
10.88;0.19035852473872694
10.882;0.05377004062155693
10.884;0.1261460423387435
10.886000000000001;0.12218341680100206
10.888;0.0590032724991525
10.89;0.15448315515312708
10.892;0.07800403691804907
10.894;0.12488207887405611
10.896;0.05711190180815019
10.898;0.03177418985295637
10.9;0.12318755618863572
10.902000000000001;0.12032035064487961
10.904;0.1648755545461687
10.906;0.06911684308018025
10.908;0.12905733687609436
10.91;0.03521971362641686
10.912;0.05983186108463919
10.914;0.05978202888088058
10.916;0.0834367483674496
10.918000000000001;0.14253158276618516
10.92;0.12060965210162887
10.922;0.11906535364911372
10.924;0.21797605083097538
10.926;0.10938914480836283
10.928;0.14621978260573432
10.93;0.0869998574890313
10.932;0.17716388109547127
10.934000000000001;0.08247834830783794
10.936;0.06575348161682767
10.938;0.13948765136393027
10.94;0.07300725263652619
10.942;0.1209991744530193
10.944;0.09531128924937447
10.946;0.06803847337662661
10.948;0.1648782112276209
10.950000000000001;0.19650190662060674
10.952;0.12673466056059313
10.954;0.0858790368766425
10.956;0.20342013640649953
10.958;0.1746214581494067
10.96;0.09351405249183174
10.962;0.09042600327892594
10.964;0.14931833252625165
10.966000000000001;0.056698804219729795
10.968;0.11709667382216724
10.97;0.036243505363070624
10.972;0.16457441934009626
10.974;0.16726554672920393
10.976;0.0741334427496734
10.978;0.20067277005732742
10.98;-0.04933690986919913
10.982000000000001;0.12021247850476896
10.984;0.16413210988318827
10.986;0.09922539621337277
10.988;0.07547215757530357
10.99;0.2433940056919503
10.992;0.09447164702890243
10.994;0.11534081167187776
10.996;0.12496293094421872
10.998000000000001;0.1421645385497052
11.0;0.08568171130696876
11.002;0.1441362793690492
11.004;0.06639013846102151
11.006;0.11955631928978278
11.008000000000001;0.06781446789142341
11.01;0.08729746028967433
11.012;0.03697038641232542
11.014;0.05112095050930744
11.016;0.0663176910367622
11.018;0.1444515633822803
11.02;0.013466426766225517
11.022;0.15087709280189204
11.024000000000001;0.13483548472336215
11.026;0.13135240988059604
11.028;0.07809176910943708
11.03;-0.029052833270842807
11.032;0.09925720203307353
11.034;0.07861335905299506
11.036;0.07182214326294187
11.038;0.12410012105670518
11.040000000000001;0.0864610317945587
11.042;0.14725360487498623
11.044;0.13948197574253812
11.046;0.07926740174477143
11.048;0.13462880473276953
11.05;-0.008717585156200275
11.052;0.06407762433176387
11.054;0.12314102319496148
11.056000000000001;0.1114026390080568
11.058;0.0791268391623391
11.06;0.08954795883970398
11.062;0.12860557130858594
11.064;0.037023695592700884
11.066;0.044227430933178866
11.068;0.1126135947163034
11.07;0.051625028893198255
11.072000000000001;0.10182834841345109
11.074;0.17677933706487334
11.076;0.13257350429401282
11.078;0.029027361757098483
11.08;0.06907507314690556
11.082;0.1831124690091542
11.084;0.04721422856662597
11.086;0.17338779375287883
11.088000000000001;0.09586408937898269
11.09;0.087632219368104
11.092;0.10044533493008014
11.094;0.10742488860851372
11.096;0.1314666783345227
11.098;0.18021031319915165
11.1;-0.011470824490107834
11.102;0.08140920618484673
11.104000000000001;0.11224924656189143
11.106;0.03413423700274166
11.108;0.10311597867798108
11.11;0.11299338190653237
11.112;0.1795031319978227
11.114;0.1497896334499103
11.116;0.1173714599435354
11.118;0.07803520204027355
11.120000000000001;0.05664176557465048
11.122;0.16208591597722527
11.124;0.11091130101935319
11.126;0.14036227328262463
11.128;0.02868174440654448
11.13;0.020552788727276367
11.132;0.09569741632825825
11.134;0.08740282047005078
11.136000000000001;0.09165242724399139
11.138;0.03577536231432951
11.14;0.0490242209051087
11.142;0.17368645311219544
11.144;0.10984791083835906
11.146;0.060776239689644844
11.148;-0.025844665922955826
11.15;0.08169302212712182
11.152000000000001;0.10176802454395117
11.154;0.08690229191124176
11.156;0.15522099702125497
11.158;0.14017543349870698
11.16;0.12208226464241254
11.162;0.11720185401606073
11.164;0.27283082154837274
11.166;0.19477127969520663
11.168000000000001;0.2665092411120268
11.17;0.2670393839119922
11.172;0.4032053532351115
11.174;0.3686583669220376
11.176;0.42260819092904656
11.178;0.5807207850364633
11.18;0.5713206611730078
11.182;0.5733198115260092
11.184000000000001;0.7116988847882211
11.186;0.7732907460911695
11.188;0.8083955299620201
11.19;0.8097418352094855
11.192;0.9300141149002426
11.194;0.9507658339501974
11.196;1.0733959453656265
11.198;1.101757247073012
11.200000000000001;1.0792842062716022
11.202;1.1137649533503142
11.204;1.0418337866021654
11.206;0.9992834297387512
11.208;0.8990998889146826
11.21;0.9623973552516872
11.212;0.8556795630157392
11.214;0.7715840089346493
11.216000000000001;0.6875092764951987
11.218;0.6233305414646069
11.22;0.5121606729991439
11.222;0.6012940285823402
11.224;0.4838273738330677
11.226;0.3840586880195937
11.228;0.30893955440224585
11.23;0.3103331432265717
11.232000000000001;0.29889819160553366
11.234;0.2439286143338414
11.236;0.18560641008385487
11.238;0.06681304604364223
11.24;0.13996592826545431
11.242;0.14458647032203809
11.244;0.15211565633857793
11.246;0.06805065924221611
11.248000000000001;0.10565942173608162
11.25;0.11211711716261746
11.252;0.012289185322290036
11.254;0.05962682150886587
11.256;0.004880259157668612
11.258000000000001;0.09369156878406042
11.26;0.12860215575771353
11.262;0.1369814324209777
11.264;0.032922641322492285
11.266;0.10203669550139752
11.268;0.09994220724371333
11.27;0.01319050229616895
11.272;0.1573892303228899
11.274000000000001;0.04701817494881355
11.276;0.10961164062313969
11.278;0.12120524010518362
11.28;0.07525145605951705
11.282;0.14266329110312484
11.284;-0.008698801432966918
11.286;0.12701129887483933
11.288;0.05035102561936246
11.290000000000001;0.04294392708112771
11.292;0.10223996505934005
11.294;0.06368198311595367
11.296;0.11996193114177808
11.298;-0.02814845872862394
11.3;0.11182085473275291
11.302;-0.0002604004008132793
11.304;0.049634953159798746
11.306000000000001;0.06446793038596789
11.308;0.07944171341085599
11.31;0.1685854274845978
11.312;0.07881807783409145
11.314;0.08604813346700765
11.316;0.1454156109608392
11.318;0.04993448732293046
11.32;0.09679141581495501
11.322000000000001;-0.07000284276359298
11.324;0.11167665501635406
11.326;0.059331946454051376
11.328;0.14598283645204196
11.33;0.05281040114247848
11.332;0.09467582517214271
11.334;0.054351376872200464
11.336;0.11836555614941031
11.338000000000001;0.05412091710025449
11.34;0.016222674324008035
11.342;0.024826467998846698
11.344;0.06442473646079605
11.346;0.05376983330770388
11.348;0.03566711464183127
11.35;0.04784944082593666
11.352;0.08717498016534839
11.354000000000001;0.020457942310977667
11.356;0.08237092779346727
11.358;0.07687258785069653
11.36;0.08532861697147998
11.362;-0.0031156639619855375
11.364;0.039694418728708644
11.366;0.021585287404221117
11.368;0.03982488736989093
11.370000000000001;0.08297165345860438
11.372;0.032021908385016465
11.374;0.09518709331273723
11.376;0.03400553043176496
11.378;0.09356109325783914
11.38;0.005293223209815831
11.382;0.06763329071124921
11.384;0.057429129154370616
11.386000000000001;0.06650067475092296
11.388;-0.012021896440094715
11.39;0.027137365346021968
11.392;0.077873962938763
11.394;0.07137109233934426
11.396;0.07726246765170595
11.398;0.0644671207032112
11.4;-0.018966136938243873
11.402000000000001;0.008684197851654703
11.404;-0.016673501150974157
11.406;0.06875509291484683
11.408;0.052987716796858
11.41;0.06336688027694298
11.412;0.08486987138565588
11.414;0.03500608163328109
11.416;0.11091094150203265
11.418000000000001;0.061358111714758426
11.42;-0.039095998373023105
11.422;0.1380686448236424
11.424;-0.059448632576409484
11.426;0.13785824261951884
11.428;0.027143015802486733
11.43;0.009919158184175554
11.432;-0.028797740125969938
11.434000000000001;0.06859197094469464
11.436;0.04911564129646552
11.438;0.13278645030709996
11.44;0.09558671755889525
11.442;0.07170923883595368
11.444;-0.0020400383127461216
11.446;-0.014254600955907998
11.448;0.0651665261668017
11.450000000000001;0.02202698066406925
11.452;-0.026173787243045393
11.454;0.07822493814000578
11.456;-0.003335536989854483
11.458;-0.1454268607785832
11.46;0.03494474244415559
11.462;-0.10826548165161007
11.464;-0.0832249244476558
11.466000000000001;0.001638382212243307
11.468;0.09841903960892476
11.47;0.03686532253930468
11.472;-0.03443619527632784
11.474;0.05810457418185644
11.476;0.00868298170889185
11.478;0.06603530809432784
11.48;0.025759882838139417
11.482000000000001;0.09364839690516735
11.484;0.008069912404594884
11.486;0.07051202057092065
11.488;-0.060472349819578684
11.49;0.02872847039744386
11.492;-0.014434519749485078
11.494;0.006181092724369425
11.496;0.06679776285826097
11.498000000000001;0.0298508608324198
11.5;0.06123038354825317
11.502;0.049191863081508774
11.504;0.05324627024641171
11.506;0.024221726683846152
11.508000000000001;0.09050280033744153
11.51;0.11872997378729047
11.512;0.1207074907638184
11.514000000000001;0.07296564700571795
11.516;0.1351358317711476
11.518;-0.014349122675492165
11.52;-0.04091649764380929
11.522;0.02062532810347195
11.524000000000001;0.0540545780609879
11.526;0.08708651458911974
11.528;-0.07639373825863714
11.53;0.021411004280051688
11.532;-0.07949633768672734
11.534;-0.01344278383719288
11.536;0.023678240429186558
11.538;0.025031920175965186
11.540000000000001;0.026250373523206458
11.542;0.0038579910612307963
11.544;-0.03356750877037393
11.546;-0.03261598177531383
11.548;-0.03960041852344708
11.55;-0.003362673065933873
11.552;0.04440841551529752
11.554;0.007454698880441346
11.556000000000001;-0.022350137969087094
11.558;0.06121637546965392
11.56;0.015287505514392757
11.562;0.05705275541139092
11.564;0.0008285498207609154
11.566;0.053047697823293966
11.568;0.009540273824612724
11.57;0.04323075868152838
11.572000000000001;-0.014811216015469569
11.574;0.0014492028847989114
11.576;-0.006990583599488214
11.578;-0.01768789403451273
11.58;0.007805871713616708
11.582;-0.023978098833963606
11.584;0.05483772605342438
11.586;-0.02696180672612178
11.588000000000001;-0.00981822512549689
11.59;-0.029534729997010522
11.592;-0.05853035027820418
11.594;0.005375449038976654
11.596;-0.08352839819781274
11.598;-0.009009830801793666
11.6;0.01943073804265678
11.602;-0.02350043949023141
11.604000000000001;0.023037783849412186
11.606;-0.0025167324087692414
11.608;-0.04754329049239079
11.61;-0.04904108293201355
11.612;0.05175775767850478
11.614;-0.011619749549536915
11.616;-0.013546811491565386
11.618;0.016575918102370746
11.620000000000001;0.04499315804525019
11.622;-0.007914066572506014
11.624;0.01375052023536897
11.626;0.10769058959859665
11.628;-0.07114188847830237
11.63;0.10171391104512853
11.632;-0.06033755848044646
11.634;-0.013392162828435101
11.636000000000001;-0.08248195325285723
11.638;0.009847163897866792
11.64;0.04059328646914196
11.642;0.0315006863377756
11.644;-0.06922566766420013
11.646;0.05719596519535168
11.648;0.06883227627257034
11.65;0.02554147264083926
11.652000000000001;-0.10316567574373146
11.654;0.005485537756178833
11.656;0.042057613156992
11.658;0.01895267719878977
11.66;0.009018597131575483
11.662;-0.0034360330544588582
11.664;-0.019127346410152585
11.666;-0.006313442298604905
11.668000000000001;0.001495444824586241
11.67;-0.0318288579514939
11.672;0.06600845802901409
11.674;-0.05750647458167556
11.676;-0.08705513155043097
11.678;0.030063662168042588
11.68;-0.021153170104847862
11.682;0.06166805296126184
11.684000000000001;0.07861867701984482
11.686;-0.028272244589033897
11.688;0.02788962012358277
11.69;-0.01523025140039632
11.692;-0.008581916400142957
11.694;0.014714625303022987
11.696;-0.07170184858348391
11.698;-0.030830680683368437
11.700000000000001;0.027213179188982455
11.702;-0.01750731723325308
11.704;-0.051344281048161765
11.706;0.06831461938976506
11.708;0.06316486316798965
11.71;0.02576047572343528
11.712;0.026878961821574045
11.714;-0.004967446075902174
11.716000000000001;-0.03629179644735618
11.718;-0.1071774520703477
11.72;-0.0773416855190879
11.722;0.004474498314156002
11.724;-0.019830178755555154
11.726;-0.057058514260445364
11.728;0.03296517137563384
11.73;0.0015734795428008937
11.732000000000001;-0.12279222685544966
11.734;-0.05404351123072984
11.736;-0.027373676362694478
11.738;-0.09373876442991484
11.74;0.0160168036008435
11.742;-0.041063816269869574
11.744;-0.08617464283226527
11.746;-0.04919506861786999
11.748000000000001;-0.024270513412216706
11.75;0.02755158971576518
11.752;-0.018353370676349783
11.754;0.004645720296019035
11.756;-0.0954248927222677
11.758000000000001;-0.017793474369345117
11.76;0.03205581530993731
11.762;0.04365414825681263
11.764000000000001;-0.09641909131932037
11.766;0.0692036472647113
11.768;0.011058361456315165
11.77;-0.06418064657120326
11.772;-0.07591402089792863
11.774000000000001;0.0052278291457011315
11.776;-0.006639722462742944
11.778;-0.05276526865218714
11.78;0.03506229859108942
11.782;-0.007014732042873301
11.784;0.014434578803263154
11.786;-0.08130833763174258
11.788;-0.03620571174885414
11.790000000000001;-0.10705680569286595
11.792;-0.007193395222082219
11.794;-0.07038167685978693
11.796;0.026905144969378174
11.798;0.024841440760197196
11.8;-0.07190840084955727
11.802;-0.04773723938844555
11.804;0.06352140825631723
11.806000000000001;0.01955877543660287
11.808;-0.012150548123462205
11.81;-0.028463331825305527
11.812;-0.02170409621822607
11.814;-0.08794727654512324
11.816;-0.009613429445954245
11.818;-0.10268773733296342
11.82;0.07419419889400622
11.822000000000001;-0.056506233995620304
11.824;-0.05992785069099261
11.826;-0.05402222280016265
11.828;-0.15320356088516843
11.83;-0.04596892701247096
11.832;-0.0386530126020782
11.834;0.033869560680611935
11.836;-0.03953871918825104
11.838000000000001;-0.014371897636871203
11.84;0.039602024190165494
11.842;-0.05508604719858219
11.844;-0.1349253718211086
11.846;-0.05059856047340018
11.848;-0.045540162102394685
11.85;-0.06627953185427055
11.852;-0.02050207313117075
11.854000000000001;0.022343983925020024
11.856;-0.0779460059677693
11.858;-0.006679661215241217
11.86;0.03392152383355199
11.862;-0.03955172566176717
11.864;0.0012424294790273557
11.866;-0.13107604796859215
11.868;-0.08132007177222134
11.870000000000001;-0.09742769056225127
11.872;-0.00034060462424542054
11.874;-0.061419584819330714
11.876;-0.04650420740423586
11.878;0.018967401782670798
11.88;-0.02037009919353794
11.882;-0.003310830445094802
11.884;0.006134564378067996
11.886000000000001;0.0006703348591670516
11.888;0.0016805580117440697
11.89;-0.09830883218469935
11.892;-0.06199801019306887
11.894;-0.11713726390422916
11.896;-0.12512671842971934
11.898;-0.15400806599249794
11.9;-0.029769001205037518
11.902000000000001;-0.09878002128332555
11.904;-0.02645590892397864
11.906;-0.009252645354791554
11.908;-0.023751406895886572
11.91;0.050752703059801604
11.912;-0.1537615970326045
11.914;0.005863024422364201
11.916;-0.03492745543816789
11.918000000000001;-0.05769843608173656
11.92;-0.09387434822701789
11.922;-0.09623681315451751
11.924;0.008940995042619151
11.926;-0.08864644120378451
11.928;-0.03159983965773902
11.93;0.03212479855649419
11.932;-0.11486684340548957
11.934000000000001;-0.01199755923367303
11.936;-0.026624323915509472
11.938;-0.06254897069022815
11.94;0.007244470117309831
11.942;-0.09379116130323217
11.944;-0.028324222143925323
11.946;-0.014499471261635262
11.948;-0.06728973604229659
11.950000000000001;-0.0465475277832935
11.952;-0.03559984258700728
11.954;-0.0032067345347365286
11.956;0.024051313107435038
11.958;-0.023839143943704705
11.96;0.04977600648510709
11.962;-0.09937080728334254
11.964;0.03313154616609631
11.966000000000001;0.13895295704412292
11.968;0.18674598541078288
11.97;0.15468478580784356
11.972;0.11046555828977604
11.974;0.27968110713978295
11.976;0.2618871985166711
11.978;0.30949064854806446
11.98;0.4407392879853873
11.982000000000001;0.49390881374160944
11.984;0.5563053562348539
11.986;0.6885121897061582
11.988;0.670373524785093
11.99;0.828325513613157
11.992;0.8968745003278727
11.994;0.9605373280428872
11.996;0.902666455293454
11.998000000000001;0.9298351931494678
12.0;0.9264159072526107
12.002;0.9564235364217056
12.004;0.9282794451586965
12.006;0.8843574244114746
12.008000000000001;0.8691444083762729
12.01;0.770525406088449
12.012;0.7582419635010685
12.014000000000001;0.6699868667478582
12.016;0.5460882573696939
12.018;0.5772118299308767
12.02;0.40025430993196703
12.022;0.3607107361593039
12.024000000000001;0.3855649301198894
12.026;0.20583163007415115
12.028;0.1987788545504679
12.030000000000001;0.14253761159498185
12.032;0.14922882036975993
12.034;0.06797945710395385
12.036;0.034036046040843704
12.038;-0.019175160091634516
12.040000000000001;0.06596931698754585
12.042;-0.04776242711346284
12.044;0.010580763381815059
12.046;0.002826306002682355
12.048;-0.06524880391678792
12.05;-0.07761235119840046
12.052;-0.12422908228453895
12.054;-0.1463324159919684
12.056000000000001;-0.066422875338702
12.058;-0.030314051954771604
12.06;-0.13486200347997782
12.062;-0.1027772815617845
12.064;-0.08171002776183647
12.066;-0.12830967956248196
12.068;-0.015965017679955187
12.07;-0.06099307939411504
12.072000000000001;-0.06959340901950209
12.074;-0.01879745193945556
12.076;-0.017311404526112455
12.078;-0.05101943620721519
12.08;0.02377703421698034
12.082;-0.008647490946497687
12.084;-0.034073523963058204
12.086;-0.1061680570913589
12.088000000000001;-0.07454386041650062
12.09;-0.06492878243318176
12.092;-0.0938581575823486
12.094;-0.12004987417534144
12.096;-0.0904286265612865
12.098;-0.091032444467744
12.1;-0.13857091330675841
12.102;-0.06426229291065289
12.104000000000001;-0.06019014008531894
12.106;-0.04482494545970819
12.108;-0.1223339151070933
12.11;-0.08472861670456118
12.112;-0.09758846744133229
12.114;-0.09102550922051088
12.116;-0.012767338189761147
12.118;-0.04852349814647426
12.120000000000001;-0.09214286391375391
12.122;-0.03858814043337731
12.124;-0.10762097831355827
12.126;-0.13783888685333315
12.128;-0.07188819263028938
12.13;-0.10767113817694438
12.132;-0.09477207968362306
12.134;-0.1038568353891927
12.136000000000001;-0.03328876332370877
12.138;-0.1551486453154834
12.14;-0.16941612380742133
12.142;0.02478843038204652
12.144;-0.01736648833472928
12.146;-0.042585246995422314
12.148;-0.09010627339197097
12.15;-0.10035320276263032
12.152000000000001;0.008153752780368673
12.154;-0.10711782237361986
12.156;-0.09185204920142553
12.158;-0.0845295923114477
12.16;-0.08145456340221603
12.162;-0.06303151748277522
12.164;-0.0974062528231914
12.166;-0.06218892261571096
12.168000000000001;-0.19622069837709488
12.17;-0.06272119976160877
12.172;-0.038899531202925844
12.174;-0.07743653410699476
12.176;-0.14147230321506654
12.178;-0.06092315133143565
12.18;-0.01495886705682431
12.182;-0.1655787611365744
12.184000000000001;-0.017341073154784295
12.186;-0.07273730439217102
12.188;-0.07249731728314458
12.19;-0.045746011231430746
12.192;-0.02376101177728948
12.194;-0.040516922880636096
12.196;0.01293275017278267
12.198;-0.03397106657359376
12.200000000000001;-0.0396940100414659
12.202;-0.053595561232197816
12.204;-0.07630821725386557
12.206;-0.10047416041381892
12.208;-0.10143792704303388
12.21;-0.06533655394969962
12.212;-0.07023474010168004
12.214;-0.1922581813250426
12.216000000000001;-0.15512068966142398
12.218;-0.11389014187780064
12.22;-0.14620931081603178
12.222;-0.0894631982967374
12.224;-0.11239208832169262
12.226;-0.06293959321000958
12.228;-0.13663313231559543
12.23;-0.09532559982040034
12.232000000000001;-0.060647172132458946
12.234;-0.10283123305151684
12.236;-0.09595895624639598
12.238;-0.08846705215540905
12.24;-0.03462696819741849
12.242;-0.12119792051066147
12.244;-0.1119697598411381
12.246;-0.016276205879841674
12.248000000000001;-0.12722135583270408
12.25;-0.08634214642453142
12.252;-0.04716067191888229
12.254;-0.10412073876515253
12.256;-0.04252288416081193
12.258000000000001;-0.14028102399917053
12.26;-0.011990323118622304
12.262;-0.08376380967491706
12.264000000000001;-0.05230717092949308
12.266;-0.08359482085510209
12.268;-0.13134719390402333
12.27;-0.07329980423202669
12.272;-0.03859095493012315
12.274000000000001;-0.1751529142915294
12.276;-0.06771251437677496
12.278;-0.11263563518178642
12.280000000000001;-0.05970278753870709
12.282;-0.0948837673392734
12.284;-0.0346453453709285
12.286;-0.12207886730560398
12.288;-0.1434581242089273
12.290000000000001;-0.07407165703720302
12.292;-0.11058875926180706
12.294;-0.06668405855308249
12.296;-0.14147008090436447
12.298;-0.1269994931438025
12.3;-0.08658954219485872
12.302;-0.1771142007617741
12.304;-0.16516666233217664
12.306000000000001;-0.19150482962154314
12.308;-0.07284102925297364
12.31;-0.1338768789600811
12.312;-0.16227127058052115
12.314;-0.10246168194113
12.316;-0.0759115869507656
12.318;-0.11897795958530322
12.32;-0.17368774332209097
12.322000000000001;-0.016166037733935268
12.324;-0.13386219003518268
12.326;-0.12555705637297412
12.328;-0.12370451965071172
12.33;-0.09367470920651956
12.332;-0.17504688352282
12.334;-0.002171252364031692
12.336;-0.13447984186126585
12.338000000000001;0.012957605087335414
12.34;-0.14245580771654665
12.342;-0.01324351611317931
12.344;0.05002217763777618
12.346;-0.02915147260118431
12.348;-0.13202368045010443
12.35;-0.10300786663590211
12.352;-0.045588020573504175
12.354000000000001;-0.14029894886625877
12.356;-0.09995184678064387
12.358;-0.13609668127380486
12.36;-0.16230882219340143
12.362;-0.08209795352135178
12.364;-0.03386982386433032
12.366;-0.0629467125487819
12.368;-0.14966682247798008
12.370000000000001;0.006507396568091253
12.372;-0.1081116837743741
12.374;-0.12347181018018868
12.376;-0.13509062553105017
12.378;-0.05126648885635873
12.38;-0.13782499537945678
12.382;-0.02148349656229258
12.384;0.004699537500837278
12.386000000000001;-0.0680533753324401
12.388;-0.1295336662615462
12.39;-0.04314638001938141
12.392;-0.00919503636203818
12.394;-0.12043301896914477
12.396;-0.13734081356425676
12.398;-0.03359510544280207
12.4;-0.05194702924685793
12.402000000000001;-0.09887093437240639
12.404;-0.08141013329948776
12.406;-0.08751947909548952
12.408;-0.13647032429350844
12.41;-0.16624676118485474
12.412;-0.10246922207191235
12.414;-0.025747627400927856
12.416;-0.06466986540457872
12.418000000000001;-0.06151057889309339
12.42;-0.08747295528565044
12.422;-0.0910224524811422
12.424;-0.12123139491472726
12.426;-0.11115608186130298
12.428;-0.06112887200933678
12.43;-0.11110889087046334
12.432;-0.012032395123699885
12.434000000000001;-0.12193692947945253
12.436;-0.12565269736856532
12.438;-0.08599654074088033
12.44;-0.04315071034393604
12.442;-0.0821277703344655
12.444;-0.08139568375937221
12.446;-0.1285166999168036
12.448;-0.09857234591445826
12.450000000000001;-0.18860844969630464
12.452;-0.07468479985469033
12.454;-0.151009263962089
12.456;-0.09999891185550722
12.458;-0.1048807360939044
12.46;-0.14975257953886956
12.462;-0.005836179643181408
12.464;-0.03950424737153879
12.466000000000001;-0.16094014879434348
12.468;-0.04447429509017283
12.47;-0.08647110747239667
12.472;-0.031131208997411203
12.474;-0.13343233932790638
12.476;-0.08820379009039431
12.478;-0.1866331434687844
12.48;-0.03931939186100024
12.482000000000001;-0.10391888864409754
12.484;-0.1562070312712989
12.486;-0.09442441399838697
12.488;-0.0966971041095218
12.49;0.06366170841434077
12.492;-0.06860703085909298
12.494;-0.11301971026179233
12.496;-0.02655497864854084
12.498000000000001;-0.06403735935722676
12.5;-0.23977250149150633
12.502;-0.20071998441202843
12.504;-0.04920457325302441
12.506;0.01676934153310944
12.508000000000001;0.003078529133608815
12.51;-0.07827802094519061
12.512;-0.11266717344440175
12.514000000000001;-0.016420181681791546
12.516;-0.07649271579548181
12.518;-0.11626594318715257
12.52;-0.06767710286436462
12.522;-0.0714400832947547
12.524000000000001;-0.011021219801243543
12.526;-0.16798565506920216
12.528;-0.03409957175851076
12.530000000000001;-0.1839198614509099
12.532;-0.15400853391746794
12.534;-0.08963605296779131
12.536;-0.11783989928314091
12.538;-0.07621930910629096
12.540000000000001;-0.14823473976966683
12.542;-0.08008559333790906
12.544;-0.11728547872420202
12.546;-0.17332410646758373
12.548;-0.1195080727938273
12.55;-0.058587549683950454
12.552;-0.1550556985135422
12.554;-0.18110267548752687
12.556000000000001;-0.05736254374455346
12.558;-0.06580669308229634
12.56;-0.034094281172669355
12.562;-0.04318459693696997
12.564;-0.10342766166557517
12.566;-0.13386810023560491
12.568;-0.05216401729750969
12.57;-0.09346288319638511
12.572000000000001;-0.14708398986383825
12.574;-0.1301201836893493
12.576;-0.20108968898169455
12.578;-0.10491127388851651
12.58;-0.05224168007125899
12.582;-0.08488836078113372
12.584;-0.12128597862727704
12.586;-0.09472979910626769
12.588000000000001;-0.0970264428725516
12.59;-0.10907427804899657
12.592;-0.08708205596366118
12.594;-0.06291909359760187
12.596;-0.1767935099241204
12.598;-0.12905709307627955
12.6;-0.09370952381986579
12.602;-0.15522207587139764
12.604000000000001;-0.05161983862906154
12.606;-0.03911344198591972
12.608;-0.03558324212137093
12.61;-0.09188825809657093
12.612;-0.17675152605975755
12.614;-0.09528991581989624
12.616;-0.07170225755840888
12.618;-0.07043757840038256
12.620000000000001;-0.08725049034308496
12.622;-0.06224227869413918
12.624;0.006583749255827151
12.626;-0.1104720480589268
12.628;-0.052722553045374945
12.63;-0.16917400479691933
12.632;-0.14657867041641842
12.634;-0.07692600013022513
12.636000000000001;-0.04657795299070837
12.638;-0.018826620767394997
12.64;-0.05704665623522499
12.642;-0.11681820724530391
12.644;-0.1061143242641669
12.646;-0.023726862855297237
12.648;-0.017482111732910824
12.65;-0.024229843428691514
12.652000000000001;-0.19531975307437047
12.654;-0.18043704540704925
12.656;-0.11300739927510754
12.658;-0.14719979629720525
12.66;-0.08999544377254239
12.662;-0.08081870965207613
12.664;-0.15375616457944427
12.666;-0.11534312904812076
12.668000000000001;-0.06118197097205518
12.67;-0.08144357782537408
12.672;0.0015331836143208932
12.674;-0.2079618067265539
12.676;-0.08832817254283028
12.678;-0.12200553295418272
12.68;-0.06659762052845854
12.682;-0.07994305412343486
12.684000000000001;-0.08140177656724479
12.686;-0.054441552243824604
12.688;-0.1101031723810795
12.69;-0.12858111194168803
12.692;-0.002882285685080005
12.694;-0.09677358678105903
12.696;-0.08756570055203693
12.698;-0.07718051431629257
12.700000000000001;-0.057812484629677335
12.702;-0.029018517568935323
12.704;-0.0074988489684342935
12.706;-0.1255318067858181
12.708;-0.0994886422419284
12.71;-0.05688349811049486
12.712;-0.03548085537178502
12.714;-0.19841610139780277
12.716000000000001;-0.08572303814608284
12.718;-0.06805560832516032
12.72;-0.04234385842549689
12.722;-0.048650903628224614
12.724;-0.09705622300527807
12.726;-0.09745999805115828
12.728;-0.09089601154427905
12.73;-0.07926504840190131
12.732000000000001;-0.06447999022850044
12.734;-0.10574325348080407
12.736;-0.05554143744156097
12.738;-0.10132934953365431
12.74;-0.12952433700802662
12.742;-0.1358080889144619
12.744;-0.050279416440884385
12.746;-0.15367228636285496
12.748000000000001;-0.12054289607767282
12.75;-0.06094129299255871
12.752;-0.1039038648137816
12.754;-0.095487858191556
12.756;-0.06690123237561056
12.758000000000001;-0.06091397117588199
12.76;-0.019899805668088758
12.762;0.0014821004613005118
12.764000000000001;0.018524220566783628
12.766;0.03742520312703662
12.768;0.11799186383753885
12.77;0.05902240121070616
12.772;0.17626792661922452
12.774000000000001;0.1814812243841506
12.776;0.25934926312812956
12.778;0.35250295885102667
12.780000000000001;0.3935173403968455
12.782;0.4849748422078364
12.784;0.5102592396861314
12.786;0.6440420018817843
12.788;0.6899888975509212
12.790000000000001;0.7403216490078259
12.792;0.8303369653581331
12.794;0.8905088603345263
12.796000000000001;0.8748591550189707
12.798;0.9022983889275977
12.8;0.9720973153194977
12.802;0.9195100293789387
12.804;0.8183461025960976
12.806000000000001;0.8560271276444591
12.808;0.8324015967715114
12.81;0.7525237230486329
12.812;0.6920289053960984
12.814;0.5692497202810037
12.816;0.5690243692591405
12.818;0.4806031872647547
12.82;0.42296209900266923
12.822000000000001;0.22860001378681793
12.824;0.26309704335227463
12.826;0.2352029337399646
12.828;0.1804940184020364
12.83;0.05900437643477249
12.832;0.14188941550720902
12.834;0.011215740967208038
12.836;-0.018746992184194435
12.838000000000001;0.027505726570373965
12.84;0.07098186117608307
12.842;-0.005454085871275091
12.844;-0.03186989445128725
12.846;-0.0568426131998379
12.848;-0.12240805157030864
12.85;-0.09427274529146798
12.852;-0.04429100561660818
12.854000000000001;-0.13099731619650096
12.856;0.027333320261579308
12.858;-0.1187237802272179
12.86;-0.22637602056251543
12.862;-0.06991787816409264
12.864;-0.09563601478422087
12.866;-0.05461355309245237
12.868;-0.17004647110437482
12.870000000000001;-0.060706382668345854
12.872;-0.013889475696933773
12.874;-0.10002635494881663
12.876;-0.14990128439049716
12.878;-0.07245998560362368
12.88;-0.08791529559568555
12.882;-0.0012281564498307085
12.884;-0.09205067917067924
12.886000000000001;0.021715806175147526
12.888;-0.026842315073302626
12.89;-0.005108762624702792
12.892;-0.06660227411246292
12.894;-0.024230884611558583
12.896;-0.12072155762721525
12.898;-0.11191268452399734
12.9;-0.09433058897080972
12.902000000000001;0.018653351692731523
12.904;-0.06776493357217152
12.906;-0.025798634578942145
12.908;-0.0442042516117091
12.91;-0.023727152276948826
12.912;0.019584300417204922
12.914;0.020428304396910346
12.916;-0.033060737008047826
12.918000000000001;-0.14370353444004208
12.92;-0.12424162525926837
12.922;0.0346103687049094
12.924;-0.07825385466662092
12.926;-0.01186059241048544
12.928;-0.013130110196963328
12.93;-0.05760812608972815
12.932;-0.05882728900749798
12.934000000000001;0.008796909048635587
12.936;-0.07428613118592255
12.938;-0.1327583924567048
12.94;-0.033599087845598265
12.942;-0.04647681952520874
12.944;-0.07420662674526068
12.946;-0.08935587037538877
12.948;-0.11188207800650665
12.950000000000001;-0.0719441457639233
12.952;-0.06618119306102875
12.954;-0.09685931517668807
12.956;7.910455832954577e-06
12.958;-0.04349416411012491
12.96;-0.13403423748026247
12.962;-0.13676658764750746
12.964;-0.15814318601112382
12.966000000000001;-0.07443743884725475
12.968;-0.0658464831187705
12.97;-0.143651100363407
12.972;-0.008010684910568028
12.974;-0.05177916648655176
12.976;-0.13706473249278991
12.978;-0.03157353957290185
12.98;-0.09353259125733038
12.982000000000001;-0.123549081966092
12.984;-0.01618638384664272
12.986;-0.04558115580465556
12.988;-0.046402858911947564
12.99;-0.061390132993836374
12.992;-0.07896748324040366
12.994;-0.028777564189417786
12.996;-0.027779930742893276
12.998000000000001;-0.11607381838920137
13.0;-0.0009917210724587067
13.002;0.006285167580424085
13.004;-0.048593475147423106
13.006;-0.12419121007258077
13.008000000000001;-0.04091047411021996
13.01;-0.12270812484209138
13.012;-0.05163988429777706
13.014000000000001;-0.14614441493611055
13.016;-0.019211458370241213
13.018;-0.125560638561214
13.02;-0.0034936478385258277
13.022;-0.05500967891013691
13.024000000000001;-0.09723351973705219
13.026;-0.06152470349117063
13.028;-0.10143278788004909
13.030000000000001;-0.09910411123789517
13.032;-0.042902136420469805
13.034;-0.012586087036486504
13.036;-0.12349877628479244
13.038;0.021423866549654294
13.040000000000001;-0.06952966812036283
13.042;-0.20632656781952646
13.044;-0.0733451992310517
13.046000000000001;-0.017743581931656663
13.048;0.03945471603426008
13.05;-0.07070413592473244
13.052;0.016659638429057003
13.054;-0.11391345638582019
13.056000000000001;-0.060206268145665466
13.058;0.10229723348677058
13.06;-0.11231475987018058
13.062;-0.05748320591872716
13.064;0.0033082306028984626
13.066;-0.03279072345606596
13.068;-0.05815043552059512
13.07;-0.03671762764995222
13.072000000000001;-0.06600614716790963
13.074;0.030365940423370194
13.076;-0.007375030114509212
13.078;-0.07520078985939806
13.08;-0.15837190255162473
13.082;-0.06344841440012174
13.084;-0.03521736104574845
13.086;-0.013031494468998567
13.088000000000001;-0.09086852975008837
13.09;-0.03155630863420538
13.092;0.01866801726062376
13.094;-0.139676218712516
13.096;-0.04032216678660517
13.098;-0.06669070879458719
13.1;-0.016084807706441193
13.102;-0.056969158287532504
13.104000000000001;-0.03381795078068049
13.106;-0.02708830563768292
13.108;-0.05105774853939469
13.11;-0.06715041265888833
13.112;-0.07129115402240768
13.114;-0.11727574464358625
13.116;-0.12210120627981735
13.118;-0.035861364301002584
13.120000000000001;-0.03237527544666386
13.122;-0.06102720499628943
13.124;-0.05790519297073314
13.126;-0.07707278632625858
13.128;0.006244306683769803
13.13;0.022059962764083056
13.132;0.06119887769837883
13.134;-0.015519774379908043
13.136000000000001;-0.03634777419196283
13.138;-0.034328505955152806
13.14;-0.009661505784308529
13.142;-0.05553039241792655
13.144;-0.05952537133760796
13.146;-0.02278378907741583
13.148;-0.03465291556631493
13.15;-0.01870648607706192
13.152000000000001;-0.07943322001690309
13.154;-0.061556923408827124
13.156;-0.03298076789014807
13.158;-0.08234685162099595
13.16;-0.09563426264596801
13.162;-0.05866444946832283
13.164;-0.11012156483752167
13.166;-0.040778842316469444
13.168000000000001;0.01281153373279344
13.17;-0.036028051319989346
13.172;-0.017546374671603835
13.174;-0.018494898310731964
13.176;-0.0666346960486694
13.178;-0.003464629694525923
13.18;0.05261867408646086
13.182;0.030226150148275843
13.184000000000001;-0.017630069957884527
13.186;-0.014238503632503174
13.188;0.0063226177398103475
13.19;0.04650649916869411
13.192;-0.0945700727545618
13.194;-0.0027939296032929925
13.196;-0.011836418691304341
13.198;-0.0563021584029686
13.200000000000001;0.0001268889276258775
13.202;0.01100768113994029
13.204;0.10090569332022613
13.206;0.07559739187748367
13.208;0.03484768515169614
13.21;-0.07831085532380996
13.212;-0.007686157742313893
13.214;0.015390079465988592
13.216000000000001;0.006852414948000225
13.218;0.017493808854964522
13.22;0.0032637761018643394
13.222;-0.05070437560872079
13.224;-0.0365803536193306
13.226;-0.11153876234192658
13.228;0.04152796049990976
13.23;-0.07607208231180523
13.232000000000001;-0.06722606758006064
13.234;0.060949158093977274
13.236;-0.050254353949068555
13.238;0.016441959332386204
13.24;-0.00802565315479125
13.242;-0.05425873205569781
13.244;0.04375504755581954
13.246;-0.018545327263935842
13.248000000000001;0.09309753187990973
13.25;0.08585598420515078
13.252;-0.018356630727266836
13.254;-0.009780584070194874
13.256;-0.06197566945875471
13.258000000000001;0.03256912407063571
13.26;-0.0014502255243369986
13.262;0.09269297822984233
13.264000000000001;-0.025731555567206247
13.266;-0.10324490586441057
13.268;0.034284174641163664
13.27;0.025269709890041504
13.272;-0.017132133462031223
13.274000000000001;-0.09826586214510204
13.276;-0.08352818291018485
13.278;-0.04473276540564237
13.280000000000001;0.05042222247309977
13.282;-0.048940675239291034
13.284;-0.021789017226330143
13.286;0.007686497932854766
13.288;-0.05071487705813648
13.290000000000001;0.0035409281212704768
13.292;0.007294819401199661
13.294;0.06037033431316506
13.296000000000001;-0.02391403582619002
13.298;0.053342240295762004
13.3;0.053496833325359955
13.302;-0.02757598432931832
13.304;-0.07107373972505483
13.306000000000001;-0.06230851463579795
13.308;-0.023866576341341064
13.31;0.011955510789489473
13.312000000000001;0.049986403098543256
13.314;0.04903078663981336
13.316;-0.09133341303128657
13.318;0.014506205779913392
13.32;-0.022808915357520446
13.322000000000001;-0.04639740921852771
13.324;0.0034473697785180413
13.326;0.011447976814261428
13.328;-0.019383454178243914
13.33;0.06742832151309038
13.332;-0.08515233726698652
13.334;0.0003873788901235132
13.336;-0.04643222657971355
13.338000000000001;0.021532441051119
13.34;-0.03899893476569419
13.342;-0.0022383684881870577
13.344;0.0347530710158704
13.346;-0.01775699546711461
13.348;-0.0781531932715821
13.35;-0.10128562624135443
13.352;-0.040773351236712246
13.354000000000001;-0.01629401895987353
13.356;-0.03929760254247424
13.358;0.09138877002650395
13.36;-0.001908814351990657
13.362;0.055663007235310924
13.364;0.060883581333755765
13.366;-0.036324028505496105
13.368;0.017954697598577873
13.370000000000001;-0.03000166756242868
13.372;0.08298114656632018
13.374;-0.054462528275404876
13.376;-0.008850239569745701
13.378;-0.011506540574146096
13.38;-0.013256270615863387
13.382;-0.005169827116300272
13.384;0.05806388631561936
13.386000000000001;0.045355406829422976
13.388;-0.0351885707252024
13.39;0.051797988847034473
13.392;0.027893540694858707
13.394;-0.015154876330457348
13.396;-0.08105320076692552
13.398;-0.08256402178625882
13.4;0.03912680973792364
13.402000000000001;0.08326026443949959
13.404;0.07855505671782335
13.406;0.05240914393013721
13.408;0.025215009591558146
13.41;0.11594543672935721
13.412;0.03138891982175792
13.414;-0.03614127932192505
13.416;0.066122588269801
13.418000000000001;0.05995677754448892
13.42;-0.024163286185464882
13.422;0.045847461678057574
13.424;0.11926377735560274
13.426;-0.0035711073006087536
13.428;-0.015212421305393124
13.43;-0.1330348280989113
13.432;-0.016305541666998855
13.434000000000001;0.06661670116875146
13.436;0.0962050919471904
13.438;0.024481825534668288
13.44;-0.06582822332429152
13.442;-0.005932080690043577
13.444;0.10248882813170303
13.446;0.07249579309578255
13.448;0.11093362409022892
13.450000000000001;0.03721112891850491
13.452;0.04513642135731412
13.454;-0.03213441803406817
13.456;-0.0024167255756044476
13.458;-0.04595606637174319
13.46;0.06512175446892839
13.462;0.03941434176700703
13.464;0.07444269976666919
13.466000000000001;0.07334341243374731
13.468;0.03651795709727251
13.47;-4.537056186429411e-05
13.472;-0.04082447722920472
13.474;0.007494891472777262
13.476;-0.02418134142765948
13.478;0.07348693865954531
13.48;0.062140761730339625
13.482000000000001;0.07356149505924946
13.484;0.08309361697998316
13.486;0.08974770494789697
13.488;0.08957136368091173
13.49;0.08837178952528503
13.492;-0.05069206337894129
13.494;0.07259603237715624
13.496;-0.03659886892335244
13.498000000000001;0.025849292240120506
13.5;-0.03168108455915031
13.502;0.05202186683812458
13.504;0.03176164271171505
13.506;0.020540144260967497
13.508000000000001;0.08493497312788295
13.51;0.11565755679875402
13.512;0.04516083320048582
13.514000000000001;0.013883612693245465
13.516;0.09144071065347201
13.518;0.05454939832312013
13.52;0.058129982286617685
13.522;0.07256548589682646
13.524000000000001;0.0885518646232705
13.526;0.02334305532224334
13.528;-0.008734429732475887
13.530000000000001;0.057796580649793
13.532;-0.010207708951333952
13.534;0.04705880496660909
13.536;0.08284700735599188
13.538;0.005184657530521719
13.540000000000001;0.00954080206182336
13.542;0.014849072022823928
13.544;0.008372954290637218
13.546000000000001;-0.06723378363033797
13.548;0.057474316028613304
13.55;0.007823407107318055
13.552;0.03072815263314655
13.554;0.10615707169624176
13.556000000000001;0.09838072065335915
13.558;0.1278210981913516
13.56;0.10194626783793138
13.562000000000001;0.06252407298384141
13.564;0.03306470604947782
13.566;0.1812998698463661
13.568;0.17534930342148244
13.57;0.24532479113065597
13.572000000000001;0.19508318119375218
13.574;0.3264042700396565
13.576;0.49346692584325136
13.578;0.511244947558199
13.58;0.6294652806512583
13.582;0.6158662011015772
13.584;0.7217130157769328
13.586;0.7778559199188436
13.588000000000001;0.7575083012120164
13.59;0.8575209532932248
13.592;0.940215156855893
13.594;0.9255415100855446
13.596;1.0185692241228295
13.598;0.9076660521178801
13.6;1.1127656716697212
13.602;1.0412680993735677
13.604000000000001;1.0637899501221821
13.606;0.9833848693149982
13.608;0.9069208057478019
13.61;0.8491662592111621
13.612;0.7448835791965569
13.614;0.8542511035313981
13.616;0.7183770897233254
13.618;0.6538776158061933
13.620000000000001;0.5371028328298411
13.622;0.4666698025202844
13.624;0.3969984768975583
13.626;0.3108507261448443
13.628;0.3054852428362584
13.63;0.20578557549073515
13.632;0.21428664039907513
13.634;0.20208695819135777
13.636000000000001;0.0004102445299373897
13.638;0.16274589910074133
13.64;0.14220140582240992
13.642;0.08077279875253669
13.644;0.0680251002045931
13.646;0.12920692198759987
13.648;-0.0005809823989254698
13.65;0.06822953517532244
13.652000000000001;0.06936587050572326
13.654;0.019633707250388863
13.656;0.08755391201635007
13.658;0.08162993295459556
13.66;0.07607273527900614
13.662;0.05424025965707435
13.664;0.03443588340160941
13.666;-0.027384414648138622
13.668000000000001;0.061925912726683754
13.67;-0.03395097608900528
13.672;0.09636330434223853
13.674;0.11604514636401386
13.676;0.042441696334301324
13.678;0.012691048656247664
13.68;0.09610066080298034
13.682;0.0463923232076457
13.684000000000001;0.005278289718775926
13.686;0.09103578174921712
13.688;0.034301939428288325
13.69;0.03621925254022915
13.692;0.037979368746348795
13.694;0.056274350137523965
13.696;0.008377545679903425
13.698;0.04120880504875283
13.700000000000001;0.040225738407152774
13.702;0.063106964420381
13.704;0.16939352896209228
13.706;0.07149613823023926
13.708;0.014512233106099275
13.71;0.14529310024495543
13.712;0.0335155775247512
13.714;0.03302932480454237
13.716000000000001;-0.03640544813434847
13.718;0.08054145348583598
13.72;0.0957086745331128
13.722;0.07196160022643544
13.724;0.02312516537671551
13.726;-0.016428587782887222
13.728;0.09964047336984208
13.73;0.007425680197085699
13.732000000000001;0.1359481311876221
13.734;0.0763892555543936
13.736;-0.009438459415385583
13.738;0.08230318257865091
13.74;0.09047361562843692
13.742;0.07314617460449113
13.744;0.033292006246210565
13.746;0.12004044409140319
13.748000000000001;0.11366816901770083
13.75;0.05756804286000977
13.752;0.059934058881783894
13.754;0.03267858187667487
13.756;0.06877011162161924
13.758000000000001;0.1269395146492201
13.76;0.08498433275550135
13.762;0.04378255414527314
13.764000000000001;0.10354818845596085
13.766;0.10304410136261709
13.768;0.09194223255702867
13.77;0.03268929147347487
13.772;0.078893985497529
13.774000000000001;0.06280021336717798
13.776;0.049361531075912846
13.778;0.138375470729232
13.780000000000001;0.09761680347167387
13.782;0.0003683154022652152
13.784;0.15119560732039478
13.786;0.1380583270023402
13.788;0.12364537017972681
13.790000000000001;0.055116722367303
13.792;0.05078009112662848
13.794;0.1477377323595893
13.796000000000001;0.13399145487201222
13.798;-0.01194487676835039
13.8;-0.013870826280239126
13.802;0.12453034144920695
13.804;0.04906939237091684
13.806000000000001;0.13663119865791257
13.808;0.10289032635329293
13.81;0.22087521351388878
13.812000000000001;0.0893745458996716
13.814;0.021949681630429208
13.816;0.10701171174519292
13.818;0.025047612043421402
13.82;-0.018139728304769523
13.822000000000001;0.13576881038944882
13.824;-0.032050338184627464
13.826;0.1137532286993895
13.828;0.03337745675935428
13.83;0.10590186030040227
13.832;0.10889517620461714
13.834;0.08959643632578666
13.836;0.021018376819449736
13.838000000000001;0.052707531624879955
13.84;0.13324615395128053
13.842;0.015299576366924333
13.844;0.08976866162362693
13.846;0.11851457708847866
13.848;0.04986787424697212
13.85;0.14339155929815708
13.852;-0.0041599250778173585
13.854000000000001;-0.023101735144700333
13.856;0.04756185192036174
13.858;0.07987944228022542
13.86;0.0927856636646392
13.862;0.061300276303708094
13.864;0.09934831976444727
13.866;0.010397023523526741
13.868;0.09835145323756478
13.870000000000001;0.056203753648759666
13.872;0.14828066892763014
13.874;0.11146736275425485
13.876;0.06610968218648769
13.878;0.17481234337156384
13.88;0.11072352252716833
13.882;0.08103541997113667
13.884;0.13701480068823269
13.886000000000001;0.12665777284733445
13.888;0.08609898976126525
13.89;0.09541092357964256
13.892;0.17520020439180092
13.894;0.08334787839598515
13.896;0.14385257848482874
13.898;0.036465701507779655
13.9;0.1640564369780526
13.902000000000001;-0.02687934876996642
13.904;0.12231550096797786
13.906;-0.02264286812188583
13.908;0.07902297636886636
13.91;0.01747139115189647
13.912;0.18534581186766177
13.914;0.022791008692082004
13.916;0.06325469220478035
13.918000000000001;0.022243434713118918
13.92;0.07182732848114305
13.922;0.10520550278337819
13.924;0.011386852867994873
13.926;0.12187969010198534
13.928;0.09330217359561462
13.93;0.12652600532093802
13.932;0.19417992401373935
13.934000000000001;-0.025453112726596686
13.936;0.09550025296258025
13.938;0.11507757925183848
13.94;0.14384149300091192
13.942;0.057539235651522996
13.944;0.10453113258357445
13.946;0.07998295693140194
13.948;0.04648812570433569
13.950000000000001;0.12620055187856838
13.952;0.11876537634259786
13.954;0.0015977601496464378
13.956;0.09677924146954386
13.958;0.13336289758680342
13.96;0.133642332156655
13.962;0.03609914681229279
13.964;-0.023364225792799842
13.966000000000001;0.07363439415553136
13.968;0.08166007232382795
13.97;0.08898633025198961
13.972;0.04766566017204158
13.974;0.08703996641076249
13.976;0.1400400721217284
13.978;0.15685355971584514
13.98;0.034713150514196274
13.982000000000001;0.034447033244938335
13.984;0.09758292611075871
13.986;-0.001645621470167613
13.988;0.16728877542026854
13.99;0.09560110728900857
13.992;0.08319931393836853
13.994;0.07096162110958376
13.996;0.10914517712636901
13.998000000000001;0.01572977662832277
14.0;0.06364871107986411
14.002;0.1396840051042285
14.004;0.12575280286037072
14.006;0.11922624074531574
14.008000000000001;0.06262758421795953
14.01;0.1446359486844762
14.012;0.0817153657497499
14.014000000000001;0.16454654880357356
14.016;0.060695708963732976
14.018;0.11356282554803418
14.02;0.1664396550319024
14.022;0.10466586775953314
14.024000000000001;0.18228469136699982
14.026;0.11971719752235802
14.028;0.11150973102332035
14.030000000000001;0.028925003650156267
14.032;0.02687384314745571
14.034;0.08539662612975785
14.036;0.06633338715439285
14.038;0.11978548315703741
14.040000000000001;0.09324977221611934
14.042;0.16769694665451074
14.044;0.11028889067956779
14.046000000000001;0.06814711140991227
14.048;0.13247273232296983
14.05;0.20912895362419917
14.052;0.0896265120786874
14.054;0.026232860070234315
14.056000000000001;0.08291640542696725
14.058;0.1332272765677547
14.06;0.04277359435409457
14.062000000000001;0.05230292255276498
14.064;0.07845895096064495
14.066;0.09126478382185786
14.068;0.08165415874737626
14.07;0.18105272498417918
14.072000000000001;0.12703099187113476
14.074;0.15888725087190492
14.076;-0.003706499098974747
14.078000000000001;0.07308146376676355
14.08;0.10480939127838863
14.082;0.09836279461617393
14.084;0.1481940020956869
14.086;0.15959741670675298
14.088000000000001;0.16830463501896048
14.09;0.07763831144239978
14.092;0.23296149147037903
14.094;0.10408875101075926
14.096;0.11381383696378092
14.098;0.15797905092010353
14.1;0.1354740254602899
14.102;0.019688122577283848
14.104000000000001;0.06963956810412025
14.106;0.15088624934650252
14.108;0.03118035514473773
14.11;0.10625313315636745
14.112;0.026885957317637224
14.114;0.056006462981982655
14.116;0.1016303362084787
14.118;-0.016940123595803602
14.120000000000001;0.0749838206017855
14.122;0.08193250385616219
14.124;0.12597272307786286
14.126;0.10629924384275168
14.128;0.11673172670396373
14.13;0.05529794177797698
14.132;0.11515639198597458
14.134;0.05150232111550607
14.136000000000001;0.14380541288987692
14.138;0.10264022473558244
14.14;0.0715475973020035
14.142;0.07723438193353871
14.144;0.13511136127680592
14.146;0.12347751460215059
14.148;0.1322020015115983
14.15;0.16399751851819988
14.152000000000001;0.15485858285579332
14.154;0.039493110770083766
14.156;0.13813398515910646
14.158;0.11867889174415355
14.16;0.04755324209198691
14.162;0.08835069163371256
14.164;0.11884695447053958
14.166;0.07792693780629817
14.168000000000001;0.12781357076648195
14.17;0.10767585731605753
14.172;0.10167876828140111
14.174;0.08067559851818074
14.176;0.18063801528892748
14.178;0.12714907166068964
14.18;0.05674180636572007
14.182;0.1504823955919864
14.184000000000001;0.1723935214583342
14.186;0.08805824866504751
14.188;0.08431162820893376
14.19;0.07143591798831836
14.192;0.032447324178757786
14.194;0.1687822195196858
14.196;0.07984068121072405
14.198;0.1476305654749362
14.200000000000001;0.17671300069992102
14.202;0.07845353437298476
14.204;0.10171401089381191
14.206;0.13702311748106527
14.208;0.09206471868237845
14.21;0.12449841706258499
14.212;0.06715430639084793
14.214;0.09224684375520885
14.216000000000001;0.11279912395376254
14.218;0.06287120053227639
14.22;0.05604119681279543
14.222;0.09086757873567204
14.224;0.10965975054171956
14.226;0.0445438524976914
14.228;0.10006806996870321
14.23;0.10979372565553781
14.232000000000001;0.031047064251635684
14.234;0.034897207980507716
14.236;-0.0014386201725449799
14.238;0.08396419511058287
14.24;0.13216662517225342
14.242;0.10400647244104663
14.244;0.025006675789409016
14.246;0.10875247939422206
14.248000000000001;0.09541936200246685
14.25;0.1393720910906995
14.252;-0.002813336703774927
14.254;0.153544634486689
14.256;0.17285610643652535
14.258000000000001;-0.060221177248165184
14.26;0.050545440159346255
14.262;0.1505378070202909
14.264000000000001;0.0689327320211981
14.266;0.13421673341875812
14.268;0.05141509144220891
14.27;0.06770757927191762
14.272;0.1114951805789967
14.274000000000001;0.0698392944379768
14.276;0.059879509964339564
14.278;0.14295667393938052
14.280000000000001;0.06581678959232365
14.282;0.18949863938264339
14.284;0.09213730948960709
14.286;0.03852932584166576
14.288;0.09567861008084125
14.290000000000001;0.07261203876007725
14.292;0.016633821406188867
14.294;0.17668462395560275
14.296000000000001;0.0936784921199542
14.298;0.08491798687459602
14.3;0.10506403320730885
14.302;0.08981889909974065
14.304;-0.009083080627827117
14.306000000000001;0.1021840410317486
14.308;0.10010340991260074
14.31;0.07243494342706018
14.312000000000001;0.06415624950531001
14.314;0.18978435316929226
14.316;0.06812430306300696
14.318;0.13122754475675663
14.32;0.04141166837032358
14.322000000000001;0.19466827570924594
14.324;0.0646016902043342
14.326;0.08119616203859402
14.328000000000001;0.14943322252539248
14.33;0.05611635320594168
14.332;0.03798122574294999
14.334;0.08186451494448269
14.336;0.10247648448326463
14.338000000000001;0.15033817173877825
14.34;-0.06264106715822178
14.342;0.11702630820595561
14.344;0.13780230088576245
14.346;0.09957892267383678
14.348;0.08164825919715554
14.35;0.17872261249346005
14.352;0.14573588058386583
14.354000000000001;0.08868732368540111
14.356;0.12102929982890723
14.358;0.09567045366618379
14.36;0.12694404109521962
14.362;0.17186388602731562
14.364;0.24248866612211062
14.366;0.2287140980575681
14.368;0.3631942364348976
14.370000000000001;0.24283022544931177
14.372;0.40267432778673323
14.374;0.41037979956543574
14.376;0.4130145403704096
14.378;0.4269338586655694
14.38;0.5712863197738649
14.382;0.7226251120346433
14.384;0.696137497259148
14.386000000000001;0.654752913302624
14.388;0.918538922996061
14.39;0.8428691311123779
14.392;0.9781228772789303
14.394;0.9113907981950105
14.396;1.0952863103584876
14.398;1.029217355803
14.4;1.1077642318672338
14.402000000000001;1.1128445204484922
14.404;1.0176827777833064
14.406;1.0138639520419077
14.408;1.058290792254358
14.41;0.9461211468598876
14.412;0.8540686761850719
14.414;0.7475388334517739
14.416;0.7630020542461564
14.418000000000001;0.6666542654025928
14.42;0.5158153271324946
14.422;0.5871738541236969
14.424;0.44188760913127567
14.426;0.4237128974260086
14.428;0.32629947526803327
14.43;0.24136413822221708
14.432;0.18187185716618587
14.434000000000001;0.17411188975671982
14.436;0.2143573446096599
14.438;0.15826589954305376
14.44;0.09279362927166587
14.442;0.08419157677025364
14.444;0.07952478372265717
14.446;0.12315514530178466
14.448;0.09433065619492056
14.450000000000001;0.08397833968209446
14.452;0.05331162044557106
14.454;0.08132863158214015
14.456;0.03927374860682928
14.458;0.10348045972790863
14.46;0.08513491860448748
14.462;0.09034385853556981
14.464;0.06826467493543481
14.466000000000001;0.0680717717736505
14.468;0.16789402115955632
14.47;0.11472950689159135
14.472;0.10822050777164426
14.474;0.11201837582598147
14.476;0.0707258075571484
14.478;0.0738657606571025
14.48;0.10240154943404267
14.482000000000001;0.09006265875972361
14.484;0.12760075857336572
14.486;0.10526996838203134
14.488;0.07857612037383355
14.49;0.03659077366811381
14.492;0.10716057749152683
14.494;0.09584343658055072
14.496;0.05201417638748952
14.498000000000001;0.11704130011615138
14.5;0.054716789812905946
14.502;0.035707919811296014
14.504;0.13594377584467526
14.506;0.025676110446950215
14.508000000000001;0.037548774584101184
14.51;0.14724839045428334
14.512;0.10146256266353262
14.514000000000001;0.0644179580121544
14.516;0.16126615521848664
14.518;0.07160015304142764
14.52;0.1409529042019512
14.522;0.07275573558490923
14.524000000000001;0.07323741081303521
14.526;0.1085601088634509
14.528;0.0783704066181708
14.530000000000001;0.16652876363208213
14.532;0.08771211334740059
14.534;0.0445082803311786
14.536;0.1397764319708017
14.538;0.17596740224198018
14.540000000000001;0.11916560879083846
14.542;0.14250467659435334
14.544;0.0410813457655423
14.546000000000001;0.07702146584106263
14.548;0.041142758693480254
14.55;0.08477038220525515
14.552;0.02275019954164171
14.554;-0.0053802143112039735
14.556000000000001;0.07782587206601727
14.558;0.13161691613814006
14.56;0.1031487307947047
14.562000000000001;0.008040647719815955
14.564;0.0714177399660559
14.566;0.15862254215127125
14.568;0.05121273744081685
14.57;0.06515832343697137
14.572000000000001;0.11485158398689549
14.574;0.012065483117773973
14.576;0.10219348198763788
14.578000000000001;-0.016321688574652396
14.58;0.08850200763766009
14.582;-0.01778912981632863
14.584;0.0051749949625621156
14.586;-0.023420571176428026
14.588000000000001;0.1223049608022127
14.59;0.06812929262869176
14.592;0.007070158712111932
14.594;0.10911280686112579
14.596;0.03926785734667718
14.598;0.1243520182867381
14.6;0.1607627814595471
14.602;0.06437407996327828
14.604000000000001;0.10901626443466142
14.606;0.05588972894095584
14.608;0.0776257293872347
14.61;0.07614259891582834
14.612;0.061105685013741876
14.614;0.02970658014272027
14.616;0.07420674092863014
14.618;0.040369069894405044
14.620000000000001;0.15036383670196524
14.622;0.0464170536425204
14.624;0.025015720021947456
14.626;0.11758207070085862
14.628;0.06582716329274813
14.63;0.03693515990002967
14.632;0.05930118159765681
14.634;0.11112991911127044
14.636000000000001;0.009224782734000764
14.638;0.11058086032679915
14.64;0.018776188937061754
14.642;0.04536953415033873
14.644;-0.008205603967203573
14.646;0.06194634700720316
14.648;0.09769088364649284
14.65;0.0988096899511412
14.652000000000001;0.052419094440568234
14.654;0.09130842884967486
14.656;0.0762238936578498
14.658;0.06644351724864699
14.66;0.05831792621071419
14.662;0.0321455425377291
14.664;0.06522074461467824
14.666;0.17725815952163376
14.668000000000001;0.00531358134670034
14.67;0.08987263830936287
14.672;-0.02340183516737135
14.674;0.002707077895099344
14.676;-0.028652218603144125
14.678;0.050099629221823025
14.68;0.02392886461744472
14.682;0.12551383300047167
14.684000000000001;0.11889879558780987
14.686;0.03281608663797742
14.688;0.07969283256711845
14.69;0.05265561222721445
14.692;0.14957721438284766
14.694;0.042388453541291525
14.696;-0.008509776182675365
14.698;0.06429191616730259
14.700000000000001;0.043001558665848184
14.702;-0.03919083583151139
14.704;0.00254910939143857
14.706;0.11213140601433932
14.708;0.14714993693829417
14.71;0.07652590728917114
14.712;0.08073150558755071
14.714;-0.03210766343513031
14.716000000000001;0.018423326573753444
14.718;0.03403217798239483
14.72;0.0650535547947282
14.722;0.07198843684843455
14.724;0.02052919206827096
14.726;0.1380032792138172
14.728;0.05166729331820302
14.73;0.05148770852425182
14.732000000000001;0.06808189300116718
14.734;0.07846333476239428
14.736;-0.012002544706043124
14.738;0.08866127020408243
14.74;0.025447460567251258
14.742;0.008727800715844204
14.744;0.06767038907078032
14.746;-0.008243082541135371
14.748000000000001;0.07284419077854626
14.75;0.04188800400644781
14.752;0.026499249882803763
14.754;-0.03137000368815779
14.756;-0.06335032323964265
14.758000000000001;0.0380019511402922
14.76;-0.055355005474768675
14.762;0.05541455856255656
14.764000000000001;0.07014650603147365
14.766;0.06269613342392968
14.768;0.05172190395557974
14.77;0.09011717900649131
14.772;-0.0056626594201296745
14.774000000000001;0.09521108519058645
14.776;-0.0327156088506694
14.778;-0.07754590516614113
14.780000000000001;0.06379886513255312
14.782;-0.008727424704077842
14.784;0.042273791191790394
14.786;0.06006670020108626
14.788;-0.016310041390282776
14.790000000000001;0.0732470913099893
14.792;0.12027038404743003
14.794;0.009610621931942724
14.796000000000001;0.09250943019278039
14.798;-0.00867764016651517
14.8;0.0585872414170693
14.802;0.06758112521297381
14.804;0.019871347673281615
14.806000000000001;0.02932017634663142
14.808;-0.06960144530828269
14.81;0.003702982450823754
14.812000000000001;0.05921000193085316
14.814;0.051843121270255324
14.816;0.05500431608017108
14.818;0.06812921794330076
14.82;-0.05644570834690429
14.822000000000001;-0.10326697300647637
14.824;0.05633607419692811
14.826;-0.003431579394830582
14.828000000000001;0.011809282316884006
14.83;0.06920002452242294
14.832;-0.0837676016277896
14.834;0.025362718350120855
14.836;0.054630245965910214
14.838000000000001;0.03212671401551096
14.84;0.04475592803054452
14.842;0.04026828237342693
14.844000000000001;0.018776292641324438
14.846;0.11329094276213998
14.848;0.013887281434630704
14.85;0.062373222982680915
14.852;0.05186365216907707
14.854000000000001;0.03724256620695272
14.856;0.0081681304455117
14.858;0.009771366414505524
14.86;0.01359683470704302
14.862;0.11150385207881423
14.864;-0.05682061821656438
14.866;0.10526451231147192
14.868;0.03964040241634552
14.870000000000001;0.05866702820684652
14.872;-0.021008381284679863
14.874;0.026927618513236124
14.876;0.051298966112818804
14.878;0.013655823581261108
14.88;-0.009919935281562854
14.882;-0.026039805401807788
14.884;0.09352908832770622
14.886000000000001;0.010718836973067905
14.888;0.038303133561145536
14.89;-0.14541437734043058
14.892;0.061062849111079176
14.894;-0.04500012061132411
14.896;-0.009229182598095232
14.898;-0.017897348121872148
14.9;0.03503414793368258
14.902000000000001;0.09428518103079567
14.904;-0.004949062143985328
14.906;0.002534241904526814
14.908;0.08751958382127592
14.91;-0.06071011128245761
14.912;0.027575009474243864
14.914;0.03362723005256102
14.916;0.033592490325543185
14.918000000000001;-0.0376840702823547
14.92;-0.03804834785226717
14.922;0.006496331322746383
14.924;-0.060277333754802216
14.926;0.07505470775853537
14.928;0.021742014896724674
14.93;0.013012657057787742
14.932;0.02998346502260171
14.934000000000001;-0.046266344166122964
14.936;0.0052747428400419126
14.938;0.02946915089203339
14.94;-0.007839602978062207
14.942;0.0853958719259786
14.944;-0.008650659126350612
14.946;-0.003539944091250753
14.948;-0.040889889698145734
14.950000000000001;0.034616876448544054
14.952;0.02106164798430471
14.954;0.004446537198046289
14.956;0.046025775565641816
14.958;0.14352603190272986
14.96;-0.028261860823403144
14.962;-0.11863647965192389
14.964;0.0738680646823643
14.966000000000001;-0.017053174752760983
14.968;0.08954451270619451
14.97;0.004719457283903522
14.972;0.004304359326885228
14.974;0.04593633750927984
14.976;-0.056576244946958204
14.978;-0.010326261190156893
14.98;0.08701081346531227
14.982000000000001;0.04116551807477837
14.984;-0.056253965859637815
14.986;0.043538778275863284
14.988;0.12423379634420048
14.99;-0.06441505830133314
14.992;0.005611184967607197
14.994;0.05704457743142341
14.996;-0.058909617253993275
14.998000000000001;0.009470711547885867
15.0;0.024351236934818343
15.002;0.015784927208516108
15.004;-0.019377137797405436
15.006;0.10185897413555323
15.008000000000001;0.03157898579715763
15.01;0.008218886468406236
15.012;-0.055536863187640666
15.014000000000001;0.010675527246302812
15.016;-0.01957745214720944
15.018;0.041566175225403186
15.02;0.020172638177044615
15.022;0.03866277400705217
15.024000000000001;0.06367860352290353
15.026;-0.07304368716437765
15.028;0.03571966439894628
15.030000000000001;-0.003168944659295274
15.032;0.021271727369637727
15.034;-0.08333675397083201
15.036;-0.09122554589469103
15.038;-0.07354439336339262
15.040000000000001;-0.07758331134719079
15.042;-0.008959419166709929
15.044;-0.12608641631381995
15.046000000000001;-0.059298258487692455
15.048;-0.01142875623842116
15.05;-0.09547576071443209
15.052;0.021332694786550064
15.054;0.027149666917140304
15.056000000000001;-0.00550233761771017
15.058;0.018369018186591438
15.06;0.039809817127011066
15.062000000000001;-0.011930730629232925
15.064;0.041818877083987224
15.066;-0.11244104265356768
15.068;-0.05164380969236387
15.07;0.03196987757776058
15.072000000000001;0.004567119149829735
15.074;-0.024653564092822884
15.076;0.021193565946760348
15.078000000000001;-0.02386197987211374
15.08;-0.08013790427630242
15.082;-0.13604397425055662
15.084;0.04136569563351129
15.086;-0.03430421747690459
15.088000000000001;-0.08300194843654204
15.09;-0.013006326646147235
15.092;-0.06184543304847269
15.094000000000001;0.014032804065753579
15.096;-0.05789411290750973
15.098;-0.044111127072650844
15.1;-0.03734876077808261
15.102;-0.005752811105858071
15.104000000000001;-0.054748870964365315
15.106;-0.05102712228399359
15.108;-0.019921597149020316
15.11;-0.008185573869326057
15.112;-0.05107608208853111
15.114;-0.0621531418428295
15.116;-0.03866414161616867
15.118;-0.004434523195935791
15.120000000000001;0.01700729808623528
15.122;-0.10598553967401853
15.124;-0.09649616040234126
15.126;-0.1276588233562236
15.128;-0.04261839688404015
15.13;-0.0043744111463420235
15.132;-0.0165341665257838
15.134;-0.047973329982521726
15.136000000000001;0.060228884452493574
15.138;0.03835702536506945
15.14;-0.06254527368261079
15.142;0.041971818419876336
15.144;-0.10352703401659707
15.146;0.027446128308430216
15.148;0.0007786242362389714
15.15;-0.05395381280559268
15.152000000000001;-0.029929559779224856
15.154;-0.022600271043020523
15.156;0.08167929330689139
15.158;-0.02362844904340142
15.16;0.05194858237702324
15.162;-0.013743318015539498
15.164;0.024631777053422663
15.166;0.11838395061851976
15.168000000000001;0.1897105401774311
15.17;0.1371232768036191
15.172;0.15023752618544717
15.174;0.17474260861615595
15.176;0.34154089048141734
15.178;0.406967949179285
15.18;0.3873568932954702
15.182;0.5133236399192296
15.184000000000001;0.5389374718512152
15.186;0.714245909336194
15.188;0.7745145291569321
15.19;0.8371427860474645
15.192;0.78820539179564
15.194;0.9413858864793012
15.196;0.8822689265823397
15.198;1.0011976748506253
15.200000000000001;0.9560616772039392
15.202;0.9274659043823437
15.204;0.9456956591053105
15.206;0.9140813208249922
15.208;0.8263247823406452
15.21;0.7644568188574848
15.212;0.6938519051527762
15.214;0.7116719715066708
15.216000000000001;0.5117020906514923
15.218;0.4427824928287265
15.22;0.4696786507463759
15.222;0.37850609437605776
15.224;0.31883084993208305
15.226;0.3479342848843299
15.228;0.24405303164383219
15.23;0.05348483187523333
15.232000000000001;0.1302213774822118
15.234;0.05719008428675183
15.236;0.020159126964750092
15.238;-0.01137466473645242
15.24;-0.001943158474653782
15.242;0.0614536870963317
15.244;0.0827048501609833
15.246;0.013786060791753978
15.248000000000001;-0.06978674458330802
15.25;0.00316936354153996
15.252;0.06399649657726905
15.254;-0.005473123684223494
15.256;-0.09451032811184568
15.258000000000001;-0.12436877173341077
15.26;-0.0586166113967284
15.262;0.033128621992713325
15.264000000000001;-0.048790549805112576
15.266;-0.07554184841459857
15.268;-0.02617399173378997
15.27;-0.06345061404974622
15.272;-0.09810497006230273
15.274000000000001;-0.0245698052167505
15.276;-0.04204638643312
15.278;-0.09038313370485968
15.280000000000001;-0.08167170979931775
15.282;0.03212325217706457
15.284;-0.03435777747958306
15.286;0.02237142447481172
15.288;0.02388723513470966
15.290000000000001;-0.04663734183092187
15.292;-0.04445882082554706
15.294;-0.09457387330360126
15.296000000000001;-0.1358829731489028
15.298;-0.00559492544544906
15.3;-0.050441825772544226
15.302;-0.10789689383385893
15.304;-0.035376111228382884
15.306000000000001;-0.10696077002724491
15.308;-0.019685130980279957
15.31;-0.06867088985628528
15.312000000000001;-0.11114194726334106
15.314;-0.12859025287331044
15.316;-0.00047976360904973536
15.318;-0.07142938614523096
15.32;-0.09437718141356999
15.322000000000001;-0.11385272810180747
15.324;-0.08260362608162458
15.326;-0.09792395507988837
15.328000000000001;0.01772434105759571
15.33;-0.040299294834731936
15.332;-0.038506638790851824
15.334;-0.08283806296952184
15.336;-0.08460777961011004
15.338000000000001;-0.044997471155455555
15.34;-0.10689365658314415
15.342;-0.013859548200841822
15.344000000000001;-0.09187266158990266
15.346;-0.017835162790797165
15.348;-0.03323249673443862
15.35;-0.036289627678770156
15.352;-0.05116858954178035
15.354000000000001;0.025993067465491
15.356;-0.03377651499517283
15.358;-0.04107970787136254
15.36;-0.008153979753569095
15.362;0.030488512748595695
15.364;-0.012900747889873422
15.366;-0.015170135379174485
15.368;-0.0748386688618007
15.370000000000001;-0.0775999647225303
15.372;-0.06033553879834401
15.374;-0.07033611635998942
15.376;-0.13915706833305808
15.378;-0.0421509549221786
15.38;-0.15557944279372854
15.382;-0.06994691825908163
15.384;-0.003613831463179451
15.386000000000001;-0.11326459068291364
15.388;-0.15036289901044286
15.39;-0.10859457714526088
15.392;-0.04698578769639646
15.394;-0.0593902513148786
15.396;-0.05890580588315095
15.398;-0.05741650022902455
15.4;-0.20705065836914863
15.402000000000001;-0.19837297839036266
15.404;0.06402306661121397
15.406;-0.020791972981039353
15.408;-0.11453718994895129
15.41;-0.14753521802186337
15.412;0.03193970037525094
15.414;-0.03952512700184924
15.416;-0.07280599468015128
15.418000000000001;-0.051131183172303765
15.42;-0.05669507284547036
15.422;-0.10021459748815649
15.424;-0.052407186075890816
15.426;-0.15469564323015977
15.428;-0.015591452225741577
15.43;-0.030274339360462185
15.432;-0.12155310990663484
15.434000000000001;-0.05891271058622131
15.436;-0.05393888318967206
15.438;-0.04291674262725348
15.44;-0.01867307488871489
15.442;-0.12616877374435032
15.444;-0.10534179373781472
15.446;-0.11141986649847008
15.448;-0.11393338008826451
15.450000000000001;-0.15476864425184472
15.452;0.038576018179866944
15.454;-0.05966676912700639
15.456;-0.06596558378645534
15.458;-0.07824674874687905
15.46;0.04096052796754361
15.462;-0.11526746815573834
15.464;-0.0033173909246600325
15.466000000000001;-0.0489511245113534
15.468;-0.0017168977873905367
15.47;-0.06430240509602256
15.472;-0.013399420073654439
15.474;-0.18699101984196434
15.476;-0.18600531698509654
15.478;-0.10915307484405945
15.48;-0.09069955323167707
15.482000000000001;-0.052280690257404804
15.484;0.028084945346067855
15.486;-0.08292541556730218
15.488;-0.1380469346300694
15.49;-0.0592394798545996
15.492;-0.06010836944414566
15.494;-0.046815250498692305
15.496;-0.12984803503450315
15.498000000000001;-0.055155107429753686
15.5;-0.12192152093485181
15.502;-0.11665346870803989
15.504;-0.11977860007993013
15.506;-0.11298180355255172
15.508000000000001;-0.1705729333029461
15.51;0.07202896132104288
15.512;-0.04065149828285362
15.514000000000001;-0.06615967873318403
15.516;-0.1411111177992289
15.518;-0.10496990058900621
15.52;-0.1277942073644341
15.522;-0.08460668644855308
15.524000000000001;-0.09940350416449195
15.526;-0.093196255158864
15.528;-0.11451313126099716
15.530000000000001;-0.16580964259514666
15.532;-0.07905862466418624
15.534;-0.1791016619318036
15.536;-0.059056964413906315
15.538;0.0006567943856414932
15.540000000000001;-0.02575156058780991
15.542;-0.07108178355026255
15.544;-0.13971442232475512
15.546000000000001;-0.09463462766978076
15.548;-0.06321898511285053
15.55;-0.10724126618861435
15.552;-0.02560841825955685
15.554;-0.13398048139539742
15.556000000000001;-0.025601340409602893
15.558;-0.18872649664141583
15.56;-0.057813040931727136
15.562000000000001;-0.15189876287651133
15.564;-0.14792702988394266
15.566;-0.12089387776638481
15.568;-0.06319047759502375
15.57;-0.07278583750400489
15.572000000000001;-0.06791061295714633
15.574;-0.07899138157998245
15.576;-0.08417259706044866
15.578000000000001;-0.07579262545369478
15.58;-0.20258922210538283
15.582;-0.019149271931832273
15.584;-0.09602381091552727
15.586;-0.05758896900266155
15.588000000000001;-0.14348002145906247
15.59;-0.09721827968116299
15.592;-0.056519673962734725
15.594000000000001;-0.10229251476790531
15.596;-0.03361145871571419
15.598;-0.011659764410403062
15.6;-0.06534533406223587
15.602;-0.07104553013489248
15.604000000000001;-0.07009246567807455
15.606;-0.0411448725882962
15.608;-0.11047645214236808
15.610000000000001;-0.15161197656302647
15.612;-0.1998075364050872
15.614;-0.05514347080426219
15.616;-0.1715735086809066
15.618;-0.1253775771013127
15.620000000000001;-0.11235130928130069
15.622;-0.12066286965819485
15.624;-0.024999409232638214
15.626;-0.07237887545535468
15.628;-0.0723533648285011
15.63;-0.04329231724352796
15.632;-0.011708769677283168
15.634;-0.07770167275870868
15.636000000000001;-0.08827520345995504
15.638;-0.0975205515849461
15.64;-0.1212218384382063
15.642;-0.13943984683761182
15.644;-0.0326085098643833
15.646;-0.06751356316279619
15.648;-0.11755504787333851
15.65;-0.08412400222615421
15.652000000000001;-0.04764188957836943
15.654;-0.1752280321851689
15.656;-0.12759411457821376
15.658;-0.07700068539434371
15.66;-0.15012956042169784
15.662;-0.09179688690371922
15.664;-0.1022375139421792
15.666;-0.10601981288435175
15.668000000000001;-0.11855365946904725
15.67;-0.05500453068731787
15.672;-0.112268282242354
15.674;-0.10717736584864632
15.676;-0.10599592763176757
15.678;-0.15046973698704297
15.68;-0.0645362224328195
15.682;-0.08965186152771178
15.684000000000001;-0.04147055101106405
15.686;-0.03069499381836492
15.688;-0.12321644570567712
15.69;-0.0076145523978171925
15.692;-0.1509626778708842
15.694;-0.12764341945921698
15.696;-0.23764269341806055
15.698;-0.02987119302195003
15.700000000000001;-0.043806118666380456
15.702;-0.05551958429594874
15.704;-0.10117596623513427
15.706;-0.09240767253390743
15.708;-0.14371382003876632
15.71;-0.08111370749537568
15.712;-0.12114099151795384
15.714;-0.14762508712295525
15.716000000000001;-0.06192077029753592
15.718;-0.039845382686015327
15.72;-0.052309251015108825
15.722;-0.15591604287487987
15.724;-0.19846646123559153
15.726;-0.13188848428163258
15.728;-0.09085480845973239
15.73;-0.20321882861395746
15.732000000000001;-0.10496298355732925
15.734;-0.08449583545123401
15.736;-0.052814572146438414
15.738;-0.0058192224383143976
15.74;-0.1415916942907005
15.742;-0.10639513442229415
15.744;-0.08252488979797801
15.746;-0.05516461512978541
15.748000000000001;-0.16287877817126067
15.75;-0.0672522541550169
15.752;-0.06181134045218223
15.754;-0.014293179566217978
15.756;-0.19305256397220133
15.758000000000001;-0.10554356813586205
15.76;-0.06447428249479328
15.762;-0.06165954448341606
15.764000000000001;-0.10542756928465576
15.766;-0.08688358877270752
15.768;-0.14996151452003834
15.77;-0.04305412070279662
15.772;-0.10059596665328094
15.774000000000001;-0.08682025561420872
15.776;-0.05409610344206881
15.778;-0.18461305548522491
15.780000000000001;-0.08272430036338425
15.782;-0.12077846272368785
15.784;-0.05695968184119919
15.786;-0.06665785347606154
15.788;-0.10824119464543401
15.790000000000001;-0.0726698467809205
15.792;-0.031740805686945026
15.794;-0.13503147724016618
15.796000000000001;-0.07715445187376105
15.798;-0.057179887361765665
15.8;-0.07852932745062713
15.802;-0.06511811977573384
15.804;-0.10408677646922061
15.806000000000001;-0.09752374329719167
15.808;-0.07611667139232176
15.81;-0.04169722972999819
15.812000000000001;-0.007196603269831778
15.814;-0.06843925336042504
15.816;-0.07174997754006297
15.818;-0.14948446039121974
15.82;-0.11142188560243955
15.822000000000001;-0.03541700974291154
15.824;-0.1469366874077408
15.826;-0.14958352197625233
15.828000000000001;-0.04492774856633538
15.83;-0.10249478744213701
15.832;-0.08417622813967159
15.834;-0.11536757718549698
15.836;-0.12538286646674926
15.838000000000001;-0.12583074659578575
15.84;-0.09017517999339023
15.842;-0.09092971567246
15.844000000000001;-0.09698166129608422
15.846;-0.17531091800605764
15.848;-0.07642026507629697
15.85;-0.048215228124349654
15.852;0.0033352351237060374
15.854000000000001;-0.10749521320355666
15.856;-0.07477423147144126
15.858;-0.13516488761744094
15.860000000000001;-0.08322491339778108
15.862;-0.13897350932031355
15.864;-0.11452481767609105
15.866;-0.10492579653470173
15.868;-0.023738053311914795
15.870000000000001;-0.08251979872023842
15.872;-0.10470022085232243
15.874;-0.059292990249628426
15.876;-0.08651179352834124
15.878;-0.13403908032686931
15.88;-0.07834411480644957
15.882;-0.07479580255634101
15.884;-0.11135058776498709
15.886000000000001;-0.05262849355633911
15.888;-0.10013011584929468
15.89;-0.07927643275491845
15.892;-0.103022448541895
15.894;-0.024149825372214634
15.896;-0.09239016478156561
15.898;-0.13292349041858725
15.9;-0.07211821196167456
15.902000000000001;-0.17062028676282875
15.904;-0.0919629176480882
15.906;-0.06007552827230162
15.908;0.0057234548064377805
15.91;-0.08586197628995547
15.912;-0.11331790103679852
15.914;-0.0880421637822206
15.916;-0.00685439058632005
15.918000000000001;-0.05013588398161256
15.92;-0.014481289608896344
15.922;-0.1179145630755658
15.924;-0.053618363572214195
15.926;-0.1133772731251199
15.928;-0.1707921745344448
15.93;-0.16778585775194083
15.932;-0.09222778811439981
15.934000000000001;-0.13400473232928545
15.936;-0.09824788945320476
15.938;-0.10404331131588085
15.94;-0.15681551137477598
15.942;-0.04504782870130193
15.944;-0.027951364855504673
15.946;-0.006861359691808469
15.948;-0.05219716966407692
15.950000000000001;-0.07523836862882469
15.952;-0.16119403923407843
15.954;0.03655378267608979
15.956;-0.05539817986823402
15.958;-0.0412969732687174
15.96;-0.06176665243729028
15.962;0.06302332085928174
15.964;-0.06853609018491867
15.966000000000001;-0.08926560497905939
15.968;0.0753784157964187
15.97;0.10945701921425147
15.972;0.18314942734894146
15.974;0.19868890014316268
15.976;0.31895009238079525
15.978;0.44902035033641463
15.98;0.40923425231900806
15.982000000000001;0.4648687588949938
15.984;0.5395924325473291
15.986;0.615042225814378
15.988;0.6557475280120016
15.99;0.741214653670264
15.992;0.7944166195174549
15.994;0.9088105846358093
15.996;0.9558044270429762
15.998000000000001;0.7514165955848189
16.0;0.8334952350435586
16.002;0.928205810574843
16.004;0.9107764936007886
16.006;0.8518532638122858
16.008;0.8211380951000166
16.01;0.7546561467581903
16.012;0.6247808738232121
16.014;0.5539903268544697
16.016000000000002;0.43581550108177086
16.018;0.5706770286976623
16.02;0.3892368663238198
16.022000000000002;0.3617752754824318
16.024;0.3278651927045477
16.026;0.2298482719019019
16.028;0.06434694899055249
16.03;0.0920883543445809
16.032;0.07282992088296933
16.034;0.1036302029873047
16.036;-0.06362180561481999
16.038;-0.0007656268098130692
16.04;-0.10779870791357682
16.042;-0.07735387041488836
16.044;0.07219794711389121
16.046;-0.09771329700180204
16.048000000000002;-0.05757063209235132
16.05;-0.08784249902233725
16.052;-0.11293004700555781
16.054000000000002;-0.06606125216911637
16.056;-0.16667707792924719
16.058;-0.031126946571214793
16.06;-0.0760808209014736
16.062;-0.06557926205211409
16.064;-0.12405551516495159
16.066;-0.09432481388782152
16.068;-0.13465786544568686
16.07;-0.03603291003766289
16.072;-0.09789567826541654
16.074;-0.13973603896247927
16.076;-0.076049958912834
16.078;-0.1287543919393645
16.080000000000002;-0.13171155130119885
16.082;0.00176430754956175
16.084;-0.03119511764089202
16.086000000000002;-0.05077144345984139
16.088;-0.07858856524746739
16.09;-0.08425556302507893
16.092;-0.16505682790727888
16.094;-0.18502505261026916
16.096;-0.05898732918439897
16.098;-0.08593626871859784
16.1;-0.10992684355887625
16.102;-0.02212053218974107
16.104;-0.046550013147052184
16.106;-0.04464376080172015
16.108;-0.08605005068399608
16.11;-0.04580554036789029
16.112000000000002;-0.07102510395367244
16.114;-0.07598699405153841
16.116;-0.0704348251700632
16.118000000000002;-0.058505105965891424
16.12;-0.16377394134535245
16.122;0.019908951113142684
16.124;-0.11707348609969853
16.126;-0.014464090760600568
16.128;-0.14804596928761332
16.13;-0.16411416951795324
16.132;-0.09149887882806793
16.134;-0.08893308624715307
16.136;0.006636602739534328
16.138;-0.09082171556002427
16.14;-0.06404167420947719
16.142;-0.08788256965118922
16.144000000000002;-0.05897977712039263
16.146;-0.06176727439287528
16.148;0.033447077904465494
16.15;-0.0931590784630695
16.152;-0.016418517029724716
16.154;-0.14583716744316988
16.156;-0.02135500498860525
16.158;0.038269140605672256
16.16;-0.05110522531567631
16.162;-0.18279746189911517
16.164;-0.08430198092496595
16.166;-0.09161167508850014
16.168;-0.05777043826895102
16.17;-0.023234452666493502
16.172;-0.042559162729943194
16.174;-0.07049821419287786
16.176000000000002;-0.012855183297723435
16.178;-0.1344467062186015
16.18;-0.08615899682800274
16.182;-0.14292985266104563
16.184;-0.13125476730502336
16.186;-0.07042107782093182
16.188;-0.049170954988898966
16.19;-0.007084974036565092
16.192;-0.11088272762234025
16.194;-0.03620630633721288
16.196;-0.027091250825725402
16.198;-0.21749816286943752
16.2;-0.07052248416122381
16.202;-0.06160267338165752
16.204;-0.11484394721273364
16.206;-0.07443058253446386
16.208000000000002;-0.12416447049610721
16.21;-0.025636745925731855
16.212;-0.10716959184715025
16.214;-0.11005102433169556
16.216;0.005030319072717157
16.218;-0.07142245789321194
16.22;-0.038382094825831096
16.222;-0.10688815620050654
16.224;-0.10427980252004092
16.226;0.048552102585685084
16.228;-0.10055395312482887
16.23;-0.09736038982687911
16.232;-0.037812027507746405
16.234;-0.030001073882263363
16.236;-0.06658874091055346
16.238;-0.12695454148688626
16.240000000000002;-0.06652308280391428
16.242;-0.09518288575592217
16.244;-0.06788172610343773
16.246;-0.06383773644608225
16.248;-0.06047541233100337
16.25;0.01968552044620646
16.252;-0.047836231681633576
16.254;-0.01648249184958373
16.256;-0.02085613977899517
16.258;-0.13482922740568049
16.26;-0.09848001309546106
16.262;-0.1211720159132332
16.264;-0.026427062229300212
16.266000000000002;-0.13370415501249078
16.268;-0.0799093361274053
16.27;-0.021811420312604128
16.272000000000002;-0.024236291456456394
16.274;-0.12463510754735638
16.276;-0.07845175025194762
16.278;-0.09589287436202865
16.28;-0.0859330674910011
16.282;-0.018541273524725267
16.284;-0.12458752388863656
16.286;-0.006975821519089223
16.288;-0.13662984475373363
16.29;-0.10153375019488028
16.292;0.05280640688232044
16.294;-0.008591179435885131
16.296;-0.00047770469701260976
16.298000000000002;-0.02982253667757699
16.3;0.02058354648050048
16.302;-0.09556112239068212
16.304000000000002;0.09426269106890829
16.306;0.01011463723947785
16.308;0.06761517167341571
16.31;-0.06363394364927091
16.312;0.05337495977184562
16.314;-0.03083279082248004
16.316;-0.044175152934988506
16.318;-0.08126702761078745
16.32;-0.07619201591604305
16.322;-0.06943938995693343
16.324;-0.09307517226753781
16.326;-0.020689415294972535
16.328;-0.0909816394750118
16.330000000000002;-0.1601394116535868
16.332;-0.053117568260816275
16.334;-0.08487611406886231
16.336000000000002;-0.056084945937531085
16.338;-0.03308967445222209
16.34;-0.08917485646500792
16.342;-0.05762612587102303
16.344;-0.062295126769558076
16.346;-0.14925287295265416
16.348;-0.04824030574428107
16.35;-0.027835869282042652
16.352;-0.02862511051953362
16.354;-0.03851024513123021
16.356;-0.03938358233249693
16.358;-0.10506044422260641
16.36;-0.11846953188249897
16.362000000000002;-0.039701973583388644
16.364;-0.08087724803107274
16.366;0.019521279586504743
16.368000000000002;-0.07389446790706637
16.37;-0.027919288733722493
16.372;0.04389007045177615
16.374;-0.13074304222599706
16.376;-0.030658905639302965
16.378;0.009311302830881787
16.38;-0.15363866280278624
16.382;-0.032524370449499615
16.384;-0.031224690362969307
16.386;-0.001995652165525892
16.388;-0.040992567838003716
16.39;-0.056927861329441484
16.392;-0.01695893693286568
16.394000000000002;-0.10403986764567981
16.396;-0.12949636760295108
16.398;-0.010521199381026927
16.4;-0.03148282764744138
16.402;-0.0588892384098453
16.404;-0.13100740062816854
16.406;-0.12062891548198555
16.408;-0.03897911777383839
16.41;-0.044449998613221464
16.412;-0.1598992542933083
16.414;0.00484683705017544
16.416;-0.08458582323607608
16.418;0.03970154596056275
16.42;-0.0256440020453916
16.422;-0.10168466186332692
16.424;-0.0663453981497592
16.426000000000002;-0.08679544589858094
16.428;-0.05270253272177947
16.43;-0.14628652350890442
16.432;-0.05515312829125032
16.434;-0.0957196212776661
16.436;-0.09157845772526452
16.438;-0.04614560586280921
16.44;-0.0383081420980214
16.442;-0.10673120129113223
16.444;-0.07752763196437579
16.446;-0.0550982649621441
16.448;-0.11411331032977429
16.45;-0.0043894555489459725
16.452;-0.03470583467641915
16.454;-0.018016326979510826
16.456;0.0661863730840721
16.458000000000002;-0.0342597788518684
16.46;0.029547617712965907
16.462;-0.050296575910992986
16.464;-0.08322159502077116
16.466;-0.10616554833842654
16.468;-0.07152397495096008
16.47;-0.11086117374742649
16.472;-0.05532918967909696
16.474;0.040262745720049765
16.476;-0.07606358221017216
16.478;-0.16494266860679518
16.48;-0.049524884933300845
16.482;-0.01824348200605091
16.484;-0.04998045737349807
16.486;-0.03222030300554228
16.488;0.034034048203077004
16.490000000000002;-0.2320064928268532
16.492;0.01169059162163489
16.494;-0.023004485191587473
16.496;-0.0391602822760756
16.498;-0.07129311565010943
16.5;-0.037879124613504324
16.502;0.02903411647885959
16.504;-0.05908074785212148
16.506;-0.019626814714736963
16.508;-0.03533254197502584
16.51;-0.00957619007782037
16.512;0.023667432812860816
16.514;-0.01908764260539516
16.516000000000002;-0.02528591357152695
16.518;-0.02436818558202896
16.52;-0.09200818440607202
16.522000000000002;-0.14501840445956865
16.524;-0.01445987172348604
16.526;-0.024605858972857744
16.528;-0.06799455737853294
16.53;-0.0576765263829795
16.532;0.00961516053753484
16.534;0.017890275499486238
16.536;0.0022048430214558767
16.538;-0.017898094491044236
16.54;-0.03103348146917813
16.542;-0.09460248431154962
16.544;-0.05763251884375365
16.546;0.007824610195497562
16.548000000000002;-0.038868372966182896
16.55;-0.0073933235029505755
16.552;0.06220548819743074
16.554000000000002;-0.013797007508207544
16.556;0.004476265513066721
16.558;-0.09471017671341955
16.56;-0.0582368208648954
16.562;0.011155423357712805
16.564;0.009005022491930342
16.566;-0.02677729592350591
16.568;0.010013838497698883
16.57;0.04721520534392698
16.572;-0.016185595913663975
16.574;-0.023884552265522777
16.576;-0.017941508208458523
16.578;-0.042422315609011906
16.580000000000002;-0.08188298592291586
16.582;-0.08881353741112494
16.584;-0.04536005079907016
16.586000000000002;-0.08801217107244644
16.588;-0.08526075513680975
16.59;-0.026074534298889836
16.592;-0.07511013866751781
16.594;0.00725438650606865
16.596;0.007952960608405278
16.598;-0.03282757000486486
16.6;-0.03881422141436057
16.602;-0.07326443286057294
16.604;-0.01625090792802477
16.606;0.025844090416799685
16.608;-0.01750184123351849
16.61;-0.1031880692699795
16.612000000000002;0.028840442434725604
16.614;-0.007860555958160468
16.616;0.010546794779971846
16.618000000000002;-0.08284556191968426
16.62;0.06974764340662257
16.622;-0.0719031526183282
16.624;-0.06245478358940238
16.626;-0.017808341246685306
16.628;-0.1405219211461263
16.63;0.01168756707305509
16.632;0.017733419437656845
16.634;0.04085203809912166
16.636;-0.03233782995239989
16.638;-0.02965499638894002
16.64;-0.03886891663388227
16.642;0.001028069585258023
16.644000000000002;-0.004627851893827501
16.646;-0.02266104702782866
16.648;0.02454395310324923
16.65;0.07181042844338249
16.652;0.030051874599553205
16.654;0.013586950807963821
16.656;-0.07932069386063444
16.658;0.01726455296578601
16.66;-0.00993618220794808
16.662;0.06271256825783099
16.664;-0.006413710922679719
16.666;-0.025443087490627018
16.668;0.09804752696813444
16.67;0.01824082679812578
16.672;0.048911219106950704
16.674;-0.03376808030443574
16.676000000000002;-0.00373210333034246
16.678;0.06360322617055053
16.68;-0.0033627341462656776
16.682;-0.014600393731792644
16.684;-0.006766976992650097
16.686;-0.01628508435272587
16.688;0.012329690825755163
16.69;-0.0076472441678026885
16.692;-0.05595217894107588
16.694;-0.03583641674868949
16.696;-0.015232246730259542
16.698;-0.034365266904870406
16.7;0.014968819918787206
16.702;0.09701510440719822
16.704;0.004947993949021035
16.706;-0.05943927716416844
16.708000000000002;-0.049767621049619605
16.71;0.027967103145092438
16.712;-0.005992980672086987
16.714;0.031007287071602774
16.716;-0.0967122050530432
16.718;0.03231656685712534
16.72;0.042737200225189995
16.722;0.049002118968161465
16.724;-0.0677196313805855
16.726;-0.010557085918238396
16.728;0.02346875787692386
16.73;0.05392629066066961
16.732;-0.060930702866288065
16.734;0.07216993994523317
16.736;0.13781191061180842
16.738;0.012401280864147489
16.740000000000002;-0.012046259670935953
16.742;-0.01705418851374843
16.744;-0.0438178735790359
16.746;-0.10270634891623907
16.748;0.014177185975584065
16.75;-0.028573355792661608
16.752;-0.012679497974103879
16.754;0.07463583852406559
16.756;0.07262057525456128
16.758;0.09556302210166509
16.76;0.09127487368641614
16.762;0.05569568732494888
16.764;0.047111056856898856
16.766000000000002;0.11899418857264432
16.768;0.2624185616285525
16.77;0.25114284154746774
16.772000000000002;0.24229575956284255
16.774;0.40564436254382114
16.776;0.363735660680601
16.778;0.3939561143207112
16.78;0.5295800964639699
16.782;0.5126067383235859
16.784;0.6258732304889224
16.786;0.601543080786303
16.788;0.7434298480133136
16.79;0.8834791960630054
16.792;0.9093417088088882
16.794;0.8796812525717068
16.796;1.0247735088165026
16.798000000000002;1.151542775024941
16.8;0.953684184137001
16.802;1.0285617426927667
16.804000000000002;0.9871063248860996
16.806;0.9089833312214624
16.808;0.9354875620339967
16.81;0.8474337242816142
16.812;0.8053228231644732
16.814;0.781525937502788
16.816;0.704999710365778
16.818;0.5986455915573569
16.82;0.47631536836294547
16.822;0.45112763527074057
16.824;0.3850961053704041
16.826;0.347585478800881
16.828;0.1750391524400277
16.830000000000002;0.300395039339916
16.832;0.23677911564547982
16.834;0.1571115444644473
16.836000000000002;0.018498037213282456
16.838;0.09655952658753222
16.84;0.17407263792076558
16.842;0.1139539587421037
16.844;-0.010134116561643564
16.846;0.1464716973095588
16.848;0.16231277902265448
16.85;0.038312149539899476
16.852;0.06486541014657925
16.854;0.05522068944354189
16.856;0.0933340114636986
16.858;0.05746399641023423
16.86;0.0668754528279232
16.862000000000002;0.01193054378083274
16.864;0.006506849584558608
16.866;0.05153211209712859
16.868000000000002;0.0798963456813005
16.87;0.023133685934656152
16.872;-0.029357617010489202
16.874;-0.03039176945882892
16.876;0.041373467220291636
16.878;0.022127727534441068
16.88;-0.03245749454799514
16.882;0.03276698832413496
16.884;0.08347954970363583
16.886;0.05206516717275513
16.888;0.025130119067164246
16.89;0.028570155780966854
16.892;0.08721963157996451
16.894000000000002;0.07618357496277309
16.896;-0.020634469419195674
16.898;0.06748873002165894
16.9;0.08942317542223377
16.902;0.12885800308690126
16.904;0.07143923302991989
16.906;0.0031173029336926117
16.908;0.030813797673607892
16.91;0.07364386496451655
16.912;0.055016477912237405
16.914;0.1453286180826765
16.916;0.05498161268189215
16.918;0.07828374292407092
16.92;0.03376492765485073
16.922;0.016455337915388134
16.924;0.05020346457763978
16.926000000000002;0.06718189763048568
16.928;0.07504479084374399
16.93;0.08001320140964682
16.932;-0.0182214413657847
16.934;0.06561050988131883
16.936;0.05250146128324791
16.938;0.022809628606868287
16.94;0.002343425251393298
16.942;0.03434802139505165
16.944;-0.05852674926722672
16.946;-0.06543528581033892
16.948;0.03124752490185321
16.95;0.007479796054004138
16.952;0.08595196213290468
16.954;0.06882539517652
16.956;-0.01474171906163671
16.958000000000002;0.06570562808785882
16.96;-0.03398934711893409
16.962;0.013757772698181972
16.964;0.07534776159423356
16.966;0.013042642717980994
16.968;0.057453732688466055
16.97;0.030394205043279766
16.972;-0.07480951933376356
16.974;0.11930796952376954
16.976;0.07300475783211494
16.978;0.08321670746772511
16.98;0.13539320720531992
16.982;0.09049074852996467
16.984;0.09196685566417517
16.986;0.07015757222517272
16.988;0.16609120505444636
16.990000000000002;0.04061933393002818
16.992;0.048977669914882754
16.994;0.1295064226161358
16.996;0.025233467889348257
16.998;0.09045783696174911
17.0;-0.023758877338842972
17.002;0.015342009379401389
17.004;0.04691599331786059
17.006;-0.007192904066323932
17.008;0.10543175703588983
17.01;0.09325170852322409
17.012;0.11048981383671763
17.014;0.1214888050259191
17.016000000000002;0.07761136598802494
17.018;0.08622331307810274
17.02;0.034052604848452246
17.022000000000002;0.14481120397219688
17.024;0.06013806329399178
17.026;0.07055862080683876
17.028;0.11153614571411895
17.03;0.05351916929579121
17.032;0.010822713675457535
17.034;0.07418475775052141
17.036;0.08657574656195392
17.038;-0.019819744755679908
17.04;0.1245093933702422
17.042;-0.020596445267607885
17.044;0.07055575829332751
17.046;0.13080884216202093
17.048000000000002;0.13160951424231376
17.05;0.13742583766550676
17.052;0.07859883019591143
17.054000000000002;0.09634047273095765
17.056;0.03963408670585367
17.058;0.09389031568176763
17.06;-0.00535240702793692
17.062;0.1263171672069272
17.064;0.1470960967013192
17.066;0.0645681750790458
17.068;0.09763329381198527
17.07;0.05929468097760622
17.072;0.10698845688141939
17.074;0.12933817144311113
17.076;0.051934664167123876
17.078;0.0890621131344974
17.080000000000002;0.12386453697509314
17.082;0.07252698950931509
17.084;0.07852554590390234
17.086000000000002;0.05562400197308812
17.088;0.10465596346547573
17.09;0.08681932281252461
17.092;0.057381290286391044
17.094;0.07611191183405877
17.096;0.12865281713072185
17.098;0.058057427062070496
17.1;0.07212472192271611
17.102;0.09746822926884405
17.104;0.026513063474921363
17.106;0.033164179243877254
17.108;0.06797205998385977
17.11;0.07799851857020626
17.112000000000002;0.1644854250049877
17.114;0.149302206956231
17.116;0.09376863248091
17.118000000000002;0.06311396520555207
17.12;0.13860066248008712
17.122;0.07749231582743765
17.124;0.14708864873236857
17.126;0.0879555250512763
17.128;0.07116283995780961
17.13;0.09119013694388692
17.132;0.12087494707708082
17.134;0.10226599426250707
17.136;0.09428487279097755
17.138;0.08683553440850138
17.14;0.049605096156533676
17.142;0.19605867744511424
17.144000000000002;0.07040298149961455
17.146;-0.005046509656704376
17.148;0.01297462974655371
17.150000000000002;0.13844227633036227
17.152;-0.041894753299725404
17.154;0.11354936069130514
17.156;0.006496571672526097
17.158;0.12868451702718783
17.16;0.03475015319084517
17.162;0.0963961272906274
17.164;0.05348514587328004
17.166;0.12545803322770832
17.168;0.18132651983035164
17.17;0.14678559019506976
17.172;0.10008911697043532
17.174;0.08151924974085903
17.176000000000002;-0.023859710775118878
17.178;0.0829803313104321
17.18;0.13510641777670857
17.182;0.04234710907088476
17.184;0.10699637180673233
17.186;-0.009836652384347624
17.188;0.06527843681294701
17.19;0.09424803276421904
17.192;0.05161066523890042
17.194;0.1358691885157636
17.196;0.14295692199868928
17.198;0.004211182059458182
17.2;0.073747309326474
17.202;0.06604403127340519
17.204;0.09168701817072808
17.206;0.1174613274671983
17.208000000000002;0.1226051123481314
17.21;0.1301568346227736
17.212;0.06668603318151199
17.214;0.1214814024968787
17.216;0.13381260307691767
17.218;0.07979385294771978
17.22;0.1321044342732367
17.222;0.02023887680994821
17.224;0.02379841421531327
17.226;-0.009037978362462076
17.228;0.08425605751876124
17.23;0.09540831157597474
17.232;0.1615622759890525
17.234;0.13758932593533757
17.236;0.0888660770664712
17.238;-0.003395025116205666
17.240000000000002;0.15459211110374418
17.242;0.06913566459961419
17.244;0.12286060528715408
17.246;-0.042407334344415404
17.248;0.11723652827079878
17.25;0.031567533502482543
17.252;0.15008449560910422
17.254;0.07397545646309525
17.256;0.034301389336283836
17.258;0.15082446190130497
17.26;0.0746198166577537
17.262;0.014836839536888288
17.264;0.17397644736240997
17.266000000000002;0.12169634836305428
17.268;0.06733815082795772
17.27;0.17902768358471519
17.272000000000002;0.039511684908023544
17.274;0.11020396225516696
17.276;0.13136763069180066
17.278;0.09437121318199279
17.28;0.11458295618960401
17.282;0.15561104615925597
17.284;0.10989090690798796
17.286;0.09227594926882354
17.288;0.13942533738691348
17.29;0.06297830433534134
17.292;0.03331349052369561
17.294;0.13283421742985493
17.296;0.1571694489725569
17.298000000000002;0.07133595176579552
17.3;0.09106238208635911
17.302;0.08519236860878825
17.304000000000002;0.1905527994551662
17.306;0.1132308467645487
17.308;0.12787255382251972
17.31;0.06308173656343317
17.312;0.04836813626631692
17.314;0.02471042761312217
17.316;0.11558303839593975
17.318;0.0022519364627874294
17.32;0.09071584851441898
17.322;0.16681823536231893
17.324;0.16027696318746795
17.326;0.06223975438660302
17.328;0.07364366738031321
17.330000000000002;0.015870349565291986
17.332;0.11360982326323454
17.334;0.04940385738704964
17.336000000000002;0.14829308093888477
17.338;0.09698039640181565
17.34;0.10672139902526522
17.342;0.13041077646252697
17.344;0.15595703468336242
17.346;0.00041569658894742567
17.348;0.14580656977039536
17.35;0.17851268197614406
17.352;0.14771906734941978
17.354;0.1492919067552308
17.356;0.028170340832605736
17.358;0.10394465554090623
17.36;0.11652904294047052
17.362000000000002;0.06396063892565387
17.364;0.11676907178167092
17.366;0.08655565618174302
17.368000000000002;0.0073502954205512255
17.37;0.13816350947612854
17.372;0.08127301787674113
17.374;0.013972639670481457
17.376;0.1029207619249362
17.378;0.038079970505475666
17.38;0.05835595209453864
17.382;0.1131081276491025
17.384;0.17414151205564465
17.386;0.04900278073783595
17.388;0.138009598247408
17.39;0.012193497120203456
17.392;0.14493657152104275
17.394000000000002;0.11482749564476398
17.396;0.12353246703921827
17.398;0.14021165895757132
17.400000000000002;0.035530604133181085
17.402;0.22349392328961343
17.404;0.09437572474223019
17.406;0.08148796914753065
17.408;-0.036726546849401936
17.41;0.030696044179295667
17.412;0.07493497943276746
17.414;0.07673469060339125
17.416;0.10404150105456265
17.418;0.15135074325890607
17.42;0.03914701497434043
17.422;0.15685251220091595
17.424;0.06419416312837349
17.426000000000002;0.096388683832603
17.428;0.11856826273550274
17.43;0.19932084947082962
17.432;0.1445718475278445
17.434;0.08320711990479489
17.436;0.08435532499910575
17.438;0.08151053719618605
17.44;0.13638194215365623
17.442;0.045907470877416354
17.444;0.06004687654480688
17.446;0.1185579181467322
17.448;0.1845070805761263
17.45;0.16612033672225757
17.452;0.11484078562385824
17.454;0.024947515378769866
17.456;0.08653755127256865
17.458000000000002;0.19806666653750715
17.46;0.05675300857088812
17.462;0.08042691039440733
17.464;0.13081458220060047
17.466;0.1839898529354099
17.468;0.1239913025423404
17.47;0.12264638082149777
17.472;0.07234283834161544
17.474;0.04302838387874467
17.476;0.01876403121533786
17.478;0.08626207662472678
17.48;0.1147141646123735
17.482;0.14374662943204813
17.484;0.10260600612512365
17.486;0.03737945210901579
17.488;0.1873313015279872
17.490000000000002;0.16857312072692837
17.492;0.03353801527746737
17.494;0.13995989516775564
17.496;0.09214461253398194
17.498;0.08174478830973371
17.5;0.06341928477041348
17.502;0.13457904966605372
17.504;0.06966997660832049
17.506;0.0955578764175175
17.508;0.07139858961132568
17.51;0.144952973492861
17.512;0.0767933855274123
17.514;0.11901241739290379
17.516000000000002;0.16617471320856697
17.518;0.11423854237680355
17.52;0.09084615372806874
17.522000000000002;0.02901116356656898
17.524;0.02414351763032918
17.526;0.17580443062299844
17.528;0.12161771857737638
17.53;0.18687126580979682
17.532;0.18263331140377947
17.534;0.14742756336882812
17.536;0.13852164583449877
17.538;0.04617413610742092
17.54;0.04276691480299786
17.542;0.08456746259161821
17.544;0.10434318397158104
17.546;0.12433536908443757
17.548000000000002;0.11437786681417941
17.55;0.045244450730265506
17.552;0.16499480408204825
17.554000000000002;0.10796697009569431
17.556;0.07297426721019654
17.558;0.19705140461834073
17.56;0.11851155419736578
17.562;0.14875274458000765
17.564;0.20410587922601903
17.566;0.16452229440569596
17.568;0.2244395016565941
17.57;0.29001590584903303
17.572;0.3432921089966129
17.574;0.48381689572465986
17.576;0.4837218845466586
17.578;0.4770582868072984
17.580000000000002;0.47479295216557094
17.582;0.7340870850206367
17.584;0.6113422560974136
17.586000000000002;0.7842689107835501
17.588;0.9134751074557073
17.59;1.000357021119079
17.592;0.9524762413826741
17.594;1.0575987316677655
17.596;1.0719697665559575
17.598;1.0146397485631709
17.6;1.0509446881995177
17.602;1.0771359491267996
17.604;1.012027455436693
17.606;0.9495969865484227
17.608;0.9829530098878859
17.61;0.9060802508876576
17.612000000000002;0.85672472467616
17.614;0.7834356819873256
17.616;0.69503282307679
17.618000000000002;0.6334643852505032
17.62;0.5630530209489604
17.622;0.42507650270471947
17.624;0.5455996481304621
17.626;0.4814445606789861
17.628;0.23755717549274738
17.63;0.27038752409574685
17.632;0.2500885023461664
17.634;0.288955257618163
17.636;0.21489427070363082
17.638;0.1913564310937085
17.64;0.12734085002499196
17.642;0.1793089352773543
17.644000000000002;0.1867717184162703
17.646;0.052996052323091375
17.648;0.18770759311487345
17.650000000000002;0.0938490481910039
17.652;0.15499664587895567
17.654;0.06613064414966752
17.656;0.10800737083297966
17.658;0.10814225190710074
17.66;0.02107479463996917
17.662;0.13139891016157665
17.664;0.07827754007844413
17.666;0.12574545714850094
17.668;0.10535118635321723
17.67;0.11280524330306167
17.672;0.12902753703109512
17.674;0.05410750439104184
17.676000000000002;0.1608882737005657
17.678;0.08360857008073028
17.68;0.1119002781599683
17.682;0.0798553667375934
17.684;0.08201308142171038
17.686;0.04825192650469487
17.688;0.046158352774546385
17.69;-0.02812771467743025
17.692;0.029818144924925113
17.694;0.1130536383051446
17.696;0.09267407186080515
17.698;0.15183840881846666
17.7;0.10667733598723421
17.702;0.12379964520348097
17.704;0.18408644117871137
17.706;0.03840442561711828
17.708000000000002;0.14639203698328612
17.71;0.07759936810646467
17.712;0.09366776913612189
17.714;0.16592362405631017
17.716;0.10304849005571227
17.718;0.10486742147297984
17.72;-0.03966983975464036
17.722;0.19654148197069243
17.724;0.05220433788672247
17.726;0.1134351930833944
17.728;0.15532728061661089
17.73;0.08312175388363295
17.732;0.07073619400356693
17.734;0.1622928437180196
17.736;0.14689876482010272
17.738;0.14409323290259188
17.740000000000002;0.07009770937086951
17.742;0.015722332228370273
17.744;0.0955764769396099
17.746;0.14286153135777674
17.748;0.06570658515149792
17.75;-0.013298502812922941
17.752;0.08933342016441717
17.754;0.09699046085319474
17.756;0.03769390325650451
17.758;0.08687174096057614
17.76;-0.010406411071665067
17.762;0.04156767189539917
17.764;0.07852567145214703
17.766000000000002;0.06122508997798197
17.768;0.0033846873691435048
17.77;0.14935756614955478
17.772000000000002;0.09877464419303318
17.774;0.0750147666477855
17.776;0.07800417306232094
17.778;0.0713537755832895
17.78;0.08850054842298484
17.782;0.2016201958498332
17.784;0.05473666261391359
17.786;0.17446253207820095
17.788;0.04752258210664873
17.79;0.11210063834570244
17.792;0.12310916104306749
17.794;0.03487661354835239
17.796;0.05293388187060325
17.798000000000002;0.03769019483405184
17.8;0.10633237694794159
17.802;0.02494215815274335
17.804000000000002;0.17031451203845444
17.806;0.1538659408487591
17.808;0.067383070425539
17.81;0.044981464972881774
17.812;0.1025700450894258
17.814;0.09281259331590726
17.816;0.03831622246464736
17.818;0.12097881450635331
17.82;0.014933827834563707
17.822;0.12933418458737517
17.824;0.09920514828166623
17.826;0.1141884595510802
17.828;0.0712451563999125
17.830000000000002;0.08779309071514686
17.832;0.020000988970923297
17.834;0.06275208922915679
17.836000000000002;0.06652992133940479
17.838;0.09220293350746803
17.84;0.10860616792293808
17.842;0.05798948098427434
17.844;-0.016565493126703856
17.846;0.21385061730084004
17.848;0.14197227354407022
17.85;0.0919523041644263
17.852;0.06868343828011601
17.854;0.0412228712114864
17.856;0.07537644831710917
17.858;0.04406975758345616
17.86;0.09003389275127084
17.862000000000002;0.1343325415724714
17.864;0.09927594172526141
17.866;0.09673392448094503
17.868000000000002;0.07358674853603328
17.87;0.06552579309787633
17.872;0.09239724860671414
17.874;0.16227281565610585
17.876;0.24910267765006644
17.878;0.03712452229403824
17.88;0.03233591703668319
17.882;0.16392041933576162
17.884;0.07066319487036532
17.886;0.06391470091996979
17.888;0.04483441347890364
17.89;0.001678035979994441
17.892;0.04556764550044089
17.894000000000002;0.18655750948088215
17.896;0.07048188413660722
17.898;0.07552062601658814
17.900000000000002;0.06698056182653891
17.902;0.0941011011231128
17.904;0.06255088437644665
17.906;0.07659151933664052
17.908;0.12878679458471395
17.91;0.062056223593288544
17.912;0.03646286757403691
17.914;0.10290753887262108
17.916;0.08579334783465717
17.918;0.09675340489831198
17.92;0.05992109847140572
17.922;0.1197851345164459
17.924;-0.0027513802757094113
17.926000000000002;0.011504366882115008
17.928;0.10601549524308446
17.93;0.19165417577590582
17.932;0.10579743772122185
17.934;0.07940463887681973
17.936;0.14065687610403232
17.938;-0.010907319790554038
17.94;0.020956674718095786
17.942;0.016173148180251957
17.944;-0.016609185581008032
17.946;0.10856392255177247
17.948;0.06792847404423594
17.95;0.12258237140754207
17.952;0.018845571722048593
17.954;0.00016651987308455296
17.956;0.0023659911728268618
17.958000000000002;0.05068494315089079
17.96;0.12488246531929895
17.962;0.07055306619632244
17.964;-0.012770967523583879
17.966;0.015458367541683782
17.968;0.08637908370258784
17.97;0.09288089094995768
17.972;0.036405687078980294
17.974;0.04036368662882519
17.976;0.12304409058773684
17.978;0.11522226783758288
17.98;0.0851981163490605
17.982;0.03950237743537899
17.984;0.011562942486675706
17.986;0.10472037155055189
17.988;0.00315435987177632
17.990000000000002;0.000771853954247656
17.992;0.0725739397211481
17.994;0.045650759678505695
17.996;6.473097563669539e-05
17.998;-0.03196101940599795
18.0;0.050724253590200934
18.002;0.05749415799202152
18.004;-0.00022111749834542727
18.006;0.08462855623006652
18.008;0.12243171363288295
18.01;0.062008300267224356
18.012;0.06924463778958256
18.014;0.007961082969022967
18.016000000000002;0.12104362913630064
18.018;0.10853832601407298
18.02;0.09009709678998902
18.022000000000002;-0.0017900227114971412
18.024;0.06175521389241284
18.026;0.03577477092396297
18.028;0.14055224741699432
18.03;-0.008658721710495226
18.032;-0.035821611265078435
18.034;-0.015149179324020094
18.036;0.005014863960579791
18.038;0.05144699613879061
18.04;0.049087521834061315
18.042;0.0452095802669396
18.044;0.031009121130266163
18.046;0.02712901367961204
18.048000000000002;0.011792171921783744
18.05;0.032337087742316424
18.052;0.02784399553995419
18.054000000000002;0.12239774414453909
18.056;0.05139527882992348
18.058;0.11418601257877235
18.06;-0.013090396349392235
18.062;0.041800006373585274
18.064;0.01931441047888992
18.066;0.03879702139879785
18.068;0.09539805662896567
18.07;0.1115179769777081
18.072;0.051536684799794855
18.074;0.10321850919566933
18.076;-0.021499923316624037
18.078;-0.005039535827679804
18.080000000000002;0.06555636449009039
18.082;0.027174677678530438
18.084;0.09317606846650378
18.086000000000002;-0.03412975284950744
18.088;0.08378606797638925
18.09;0.11197804721229401
18.092;-0.0013287704704154288
18.094;0.06440806537076696
18.096;0.013702828604385008
18.098;0.06252197273902878
18.1;-0.10123253776710336
18.102;0.02755823364589822
18.104;-0.0188892542800545
18.106;0.036700906205130196
18.108;0.027055591271473924
18.11;0.017119513244421593
18.112000000000002;-0.03505002194664997
18.114;0.11068994564008172
18.116;0.11839728536692332
18.118000000000002;0.06757783247796811
18.12;-0.003974499243904479
18.122;0.14298240555808633
18.124;-0.036177764636548926
18.126;0.06825169149283954
18.128;-0.024623361420175058
18.13;-0.0029389624181647353
18.132;-0.047783388263366686
18.134;0.11457542538009002
18.136;0.13515734353463021
18.138;0.0924203237026554
18.14;0.11869734694008746
18.142;0.032906548392153206
18.144000000000002;-0.04363628063830949
18.146;0.02732782680363088
18.148;0.009331186801374895
18.150000000000002;-0.03478623441121805
18.152;-0.030508527764924777
18.154;0.047112454898864425
18.156;0.08440695224904712
18.158;-0.06121787895096161
18.16;-0.03039810006560003
18.162;-0.005820562417001199
18.164;0.039119411996318826
18.166;0.05469544822860936
18.168;0.026834048766093924
18.17;-0.0649431741228003
18.172;0.07313576725113607
18.174;0.018035348642096428
18.176000000000002;-0.02315377130103397
18.178;0.020082584893473802
18.18;0.01395006910293338
18.182;0.059807392272884105
18.184;0.05652333321477793
18.186;-0.009183838673221069
18.188;0.04528454412624227
18.19;0.09102924131577841
18.192;0.023367687507338905
18.194;-0.041116611684208604
18.196;0.0743803064394343
18.198;0.04429631340096611
18.2;0.021693303721364954
18.202;-0.059554445046039586
18.204;0.01359150401780981
18.206;0.020314602301130566
18.208000000000002;0.08161517327852227
18.21;-0.04374652057854014
18.212;0.09285781455656039
18.214;-0.10850590488625214
18.216;0.012523147841610046
18.218;0.06818649741358057
18.22;0.09323678030813662
18.222;-0.011657990582374274
18.224;-0.041260785579973334
18.226;0.00907771183461763
18.228;-0.008565042367844541
18.23;-0.02830946069928751
18.232;0.037779583026609824
18.234;0.0957012001153643
18.236;0.05546390579457998
18.238;0.07719751426040493
18.240000000000002;-0.01468657705629198
18.242;0.007340771989990873
18.244;0.11492866435806726
18.246;0.04925451712321559
18.248;0.0005412528963736323
18.25;0.06605973936143385
18.252;-0.023869936468793863
18.254;0.04552015116591006
18.256;-0.02743044990048979
18.258;0.0877966992533657
18.26;0.042690496436919516
18.262;0.1043270953342018
18.264;0.010516002943787153
18.266000000000002;0.06489243382373086
18.268;0.02092963535271441
18.27;0.10759585355718947
18.272000000000002;-0.009302633983461449
18.274;0.07818700682254992
18.276;0.06781716662790034
18.278;0.03987701550899323
18.28;-0.008457801186735388
18.282;-0.050369889828856096
18.284;0.078733531497069
18.286;0.023587081181847214
18.288;0.0959270705360629
18.29;0.03931465054699516
18.292;0.021884254123645
18.294;-0.058427072860901916
18.296;0.02941395548315858
18.298000000000002;-0.0028375654958743687
18.3;-0.02924098971535099
18.302;-0.01846079432569093
18.304000000000002;0.018928253070890952
18.306;-0.009715655405662028
18.308;0.01586187775899721
18.31;-0.04604364203715784
18.312;0.04349324970085999
18.314;0.06512643914604496
18.316;0.04909488594201959
18.318;0.08835102443956473
18.32;0.051571754303432145
18.322;0.025078367802024288
18.324;0.0637875472835802
18.326;-0.04752901950239234
18.328;0.012286845636583672
18.330000000000002;0.018065921929726295
18.332;-0.010135220422731189
18.334;-0.0016489581941006386
18.336000000000002;0.061075853557424925
18.338;-0.0996842074355396
18.34;0.04593316335559937
18.342;-0.07191348000332767
18.344;0.023448841343562385
18.346;0.03982813386064854
18.348;0.01813136471667512
18.35;-0.015414651382132372
18.352;0.05171268506020882
18.354;0.035796413280257976
18.356;0.04459917501455914
18.358;0.04718287701570202
18.36;0.10009911174045073
18.362000000000002;0.07173897848177609
18.364;0.11143156424359493
18.366;0.1242695149099594
18.368000000000002;0.16043965105469166
18.37;0.2716744507207595
18.372;0.2648851560662621
18.374;0.31013132314622593
18.376;0.396280231371217
18.378;0.4491187724269253
18.38;0.5605363283604939
18.382;0.47187980635444854
18.384;0.5843497931956715
18.386;0.7424067483043768
18.388;0.8003986777028672
18.39;0.7595901074576358
18.392;0.8189110425220478
18.394000000000002;0.8673601559167811
18.396;0.9389068960418633
18.398;0.9122905341593627
18.400000000000002;1.0395935953814441
18.402;0.9920767525852566
18.404;1.0121770996490764
18.406;0.9496691951483196
18.408;0.9263954675782078
18.41;0.7706996493455898
18.412;0.7215475132694048
18.414;0.7072903193516586
18.416;0.5628110885866149
18.418;0.5537579880551677
18.42;0.4815385572814507
18.422;0.3894622464351747
18.424;0.32140913280601213
18.426000000000002;0.3435466725126963
18.428;0.18802155700111026
18.43;0.14089409087716287
18.432000000000002;0.1298128245770333
18.434;0.17942344111762773
18.436;0.15149262467580032
18.438;0.11213892210449528
18.44;0.05484530044447551
18.442;0.059534090253940616
18.444;0.05501112229505381
18.446;-0.02698587608229028
18.448;-0.014459055522237687
18.45;-0.06620555984423003
18.452;-0.00959257900723174
18.454;-0.08079413487772613
18.456;-0.051384489572903334
18.458000000000002;-0.0479529633629093
18.46;-0.04663421453003687
18.462;-0.045674070384176424
18.464;-0.037447541238175404
18.466;0.04563465474442027
18.468;-0.008327708572534658
18.47;0.05115276299239291
18.472;-0.13169527273362097
18.474;0.012362576091164972
18.476;-0.022057043130251565
18.478;-0.011928076831044965
18.48;-0.0999060802194401
18.482;-0.029336268785282147
18.484;-0.006831289073190524
18.486;0.003895913350177707
18.488;0.06741449391485012
18.490000000000002;0.0006319829736103448
18.492;0.06366126123068355
18.494;-0.0037701354071701977
18.496;-0.017151872213736628
18.498;0.0025159489895442005
18.5;-0.03161282301540322
18.502;-0.047703915816855846
18.504;-0.08434546402973729
18.506;-0.06015589509952432
18.508;-0.07492560740425533
18.51;0.028120498165866016
18.512;-0.07729561285969148
18.514;0.05737077350982376
18.516000000000002;-0.022995741206968033
18.518;-0.05612865824377975
18.52;-0.027523484585119537
18.522000000000002;0.031491664588502916
18.524;-0.06455780676007244
18.526;-0.043208693162348495
18.528;-0.08565913801585975
18.53;-0.0593822340596018
18.532;-0.017135691505814208
18.534;0.03469323320741771
18.536;-0.060573087357565995
18.538;-0.10098101665799386
18.54;-0.08147175129344718
18.542;0.006720388035730121
18.544;-0.06989338581449037
18.546;-0.015162593524046943
18.548000000000002;-0.07162441534563016
18.55;-0.06769351193852995
18.552;-0.046521066625983806
18.554000000000002;-0.037482704508533235
18.556;-0.0736776998360372
18.558;-0.011250047922258453
18.56;-0.00838225358294821
18.562;-0.012339500766419268
18.564;-0.05373019438690389
18.566;-0.06423832562274864
18.568;0.00876416452862807
18.57;-0.07865312779862929
18.572;0.003966197222622189
18.574;-0.007195814497323434
18.576;-0.0683030131522906
18.578;-0.031006202070691512
18.580000000000002;-0.06210357874099684
18.582;0.0016383192390932028
18.584;-0.030029743390249004
18.586000000000002;-0.06880712897100519
18.588;0.010346794991932584
18.59;-0.10729473958566187
18.592;0.040260261869680986
18.594;-0.06275219133805952
18.596;-0.04618577520231304
18.598;-0.01371075478927291
18.6;-0.11105441159469423
18.602;-0.012140509537757242
18.604;-0.03294626246413337
18.606;-0.003233933110848443
18.608;-0.04095053235568588
18.61;-0.08039532879018438
18.612000000000002;-0.03635234638925364
18.614;-0.11965809873112859
18.616;-0.10122018555699924
18.618000000000002;-0.1390094295098149
18.62;-0.05858133554954191
18.622;-0.07989842906971265
18.624;-0.13695436382848372
18.626;-0.03198701228831262
18.628;-0.18478397451802944
18.63;-0.08808724538997162
18.632;0.02249654514601878
18.634;-0.055490138717251614
18.636;-0.14825298010814594
18.638;-0.016171318451163923
18.64;0.010678178617827175
18.642;0.012174349374273044
18.644000000000002;-0.04876030492947989
18.646;-0.18657427275814845
18.648;-0.08025361507729487
18.650000000000002;-0.07329435210903754
18.652;0.06589527905941832
18.654;-0.027962258319552343
18.656;-0.08211186392501243
18.658;-0.03597253958390302
18.66;-0.17540520704131815
18.662;-0.19293094356170143
18.664;0.001217899217411042
18.666;-0.09573803738433065
18.668;-0.06049226100473783
18.67;-0.052360410138082666
18.672;-0.143879833542472
18.674;-0.07678196675555597
18.676000000000002;-0.06275901366996155
18.678;-0.08740543976967245
18.68;-0.08202998110766954
18.682000000000002;-0.1466473667948967
18.684;-0.04601197391219988
18.686;-0.028216616724727236
18.688;-0.010557979357083469
18.69;-0.0504051671336871
18.692;-0.16319771615159084
18.694;-0.018514614068716483
18.696;-0.04305596240358309
18.698;0.009032240104138514
18.7;0.041503627094265264
18.702;-0.054943538183798483
18.704;-0.09240478315556831
18.706;-0.08354084622434747
18.708000000000002;-0.05037747533072005
18.71;-0.11140630607809107
18.712;-0.009949244142180916
18.714;-0.12332432002267808
18.716;0.007763432764963815
18.718;-0.01260829261046064
18.72;-0.0659046258637187
18.722;-0.05515518664493768
18.724;-0.13354871574481145
18.726;-0.05460078722691946
18.728;-0.06010210535687247
18.73;-0.0464977378480564
18.732;-0.1403474246300648
18.734;0.032818610717996244
18.736;-0.06035554969911718
18.738;-0.05693651845044684
18.740000000000002;-0.07567579227800941
18.742;-0.1284000663641084
18.744;-0.08472639815382459
18.746;-0.15954540807439999
18.748;-0.07377332148572337
18.75;-0.048760183949102365
18.752;-0.09120464505776957
18.754;-0.1497619336106077
18.756;-0.14133505532487856
18.758;-0.13154115494814755
18.76;0.005930156974466763
18.762;-0.17056640628325598
18.764;-0.08552440962484809
18.766000000000002;0.02401299262836766
18.768;-0.053266816225851304
18.77;-0.0474720420356642
18.772000000000002;-0.052444516436167696
18.774;-0.05660616023218352
18.776;-0.07738714039941674
18.778;0.005934762683555403
18.78;-0.07535346392231522
18.782;-0.056448410578083266
18.784;-0.12849545398270124
18.786;-0.08375622736701953
18.788;-0.07732439236310129
18.79;-0.027443827839522608
18.792;-0.07113426461007932
18.794;-0.051371887267168494
18.796;-0.1313108922990021
18.798000000000002;-0.13502868194370052
18.8;-0.06861164669050288
18.802;-0.0515136779759455
18.804000000000002;-0.16640018846601487
18.806;-0.1314206365564966
18.808;-0.12751235705473987
18.81;-0.03587097621369891
18.812;-0.17275722335715352
18.814;-0.008360209150167483
18.816;-0.05253889595170966
18.818;-0.09381513376523934
18.82;-0.05804148979817622
18.822;-0.09791585145753531
18.824;-0.06981245587897185
18.826;-0.0809616451528355
18.828;-0.09615855746526829
18.830000000000002;0.004703780351610495
18.832;-0.05485876310310348
18.834;-0.1907978886734754
18.836000000000002;-0.11002878557700706
18.838;0.012439419098004889
18.84;-0.06934629728321087
18.842;-0.08883669793391663
18.844;-0.10075117414977955
18.846;-0.1397755089183068
18.848;-0.0931118615215689
18.85;-0.01631928783012772
18.852;-0.06997687872068192
18.854;-0.18746777638743398
18.856;-0.08031941094076467
18.858;-0.0758831785346348
18.86;-0.08218260059188648
18.862000000000002;-0.15074638557015702
18.864;-0.12481082105487588
18.866;-0.12382654362209508
18.868000000000002;-0.029270309152994993
18.87;-0.09598751995994295
18.872;-0.11728450303783415
18.874;-0.1361485711763153
18.876;-0.04984299036624314
18.878;-0.08411658439150131
18.88;-0.009247376874306532
18.882;-0.22917497663222353
18.884;-0.021530075984271382
18.886;-0.07902526298657384
18.888;-0.07997040092657677
18.89;-0.1203989379508554
18.892;-0.11580359914967031
18.894000000000002;-0.06659753502824145
18.896;0.015743399188419743
18.898;-0.08144634893376154
18.900000000000002;-0.0058487104442108695
18.902;-0.10231651348198526
18.904;-0.08577144561420962
18.906;-0.07798803897912487
18.908;-0.12693278067646638
18.91;-0.18332869231488255
18.912;-0.13526773222602362
18.914;-0.20084373762087526
18.916;-0.0019891219209856037
18.918;-0.1863343176921205
18.92;-0.09592693546417119
18.922;-0.060423362027116914
18.924;-0.053913136389250764
18.926000000000002;-0.07437624936028663
18.928;-0.07898500780879375
18.93;-0.05502795139254976
18.932000000000002;-0.1695784728978567
18.934;-0.10928586275494535
18.936;-0.08971437555031239
18.938;-0.24207547419797648
18.94;-0.07564360189367036
18.942;-0.07511411316909537
18.944;-0.12495894065688483
18.946;-0.09713231206851075
18.948;-0.11261979522545235
18.95;0.05194653111281587
18.952;-0.1168079416349381
18.954;-0.01364327147234029
18.956;-0.09178286501211731
18.958000000000002;-0.09865824883914572
18.96;-0.04748847360790868
18.962;0.010855239075003284
18.964;-0.15623445983170614
18.966;-0.16029142307268646
18.968;-0.08658680353084411
18.97;-0.1546763917500975
18.972;-0.10149654291840168
18.974;-0.03410751876239734
18.976;-0.10199740063894222
18.978;-0.05573232251652752
18.98;-0.18017597256777396
18.982;-0.1028565256147905
18.984;-0.10621677424402307
18.986;-0.06973427314529379
18.988;-0.07012871444269199
18.990000000000002;-0.08203693257268221
18.992;-0.13230246484673786
18.994;-0.16032882338348597
18.996;-0.06611923808815662
18.998;-0.12977158140626133
19.0;-0.11249382488781014
19.002;-0.12731928742534754
19.004;-0.18198518509028658
19.006;-0.04471268775872986
19.008;-0.08699326367283745
19.01;-0.1267459893996871
19.012;0.010407161815857768
19.014;-0.11804672470225935
19.016000000000002;-0.03932808094664915
19.018;-0.09427225873600657
19.02;-0.12665629811845958
19.022000000000002;-0.1357608569140633
19.024;-0.09863188166793874
19.026;-0.1067095848390324
19.028;-0.06009967683393113
19.03;-0.16657766735065
19.032;-0.08488657529862935
19.034;-0.187851675376904
19.036;-0.10079919552796072
19.038;-0.14740511054757813
19.04;-0.11352701429958503
19.042;-0.16342704811025754
19.044;-0.1374675034810091
19.046;-0.07620535876154216
19.048000000000002;-0.03466740525346472
19.05;-0.03126661316557201
19.052;-0.12034701075545966
19.054000000000002;0.008431324022125583
19.056;-0.13190059815136168
19.058;-0.0536132480543007
19.06;-0.06032700322726893
19.062;-0.13307103669260384
19.064;-0.15601728100886164
19.066;-0.15942594721005665
19.068;-0.10523061022751502
19.07;-0.11602110193286562
19.072;-0.12980637844273457
19.074;-0.04796532851041158
19.076;-0.1449808634031384
19.078;-0.04034811106949537
19.080000000000002;-0.14628634675226176
19.082;-0.15637230046048572
19.084;-0.0902576660428151
19.086000000000002;-0.06928919004648615
19.088;-0.0726311303880064
19.09;-0.07623153094338442
19.092;-0.09068981965299137
19.094;-0.21654756142541184
19.096;-0.08640894938117613
19.098;-0.01037181223450205
19.1;-0.0691183740607149
19.102;-0.08710102799025493
19.104;-0.1952413655238598
19.106;-0.1292317289453963
19.108;-0.05577416787537622
19.11;-0.09383249378486501
19.112000000000002;-0.18485911737733987
19.114;-0.12800888099814417
19.116;-0.03045545184054052
19.118000000000002;-0.05842549599958262
19.12;0.05433220432224667
19.122;-0.14004372332969167
19.124;0.004269469647143129
19.126;-0.11301412373229824
19.128;-0.04389291042641243
19.13;-0.1297227877614655
19.132;-0.08398962071724302
19.134;-0.15635396246227115
19.136;-0.07521450442083331
19.138;-0.08207848594674481
19.14;-0.1104610464645745
19.142;-0.12477950353340769
19.144000000000002;-0.10143457480174568
19.146;-0.07089236555346883
19.148;-0.07905437471790994
19.150000000000002;-0.0766828194281741
19.152;-0.024017814995986222
19.154;-0.1724684986042493
19.156;-0.04276343520625582
19.158;-0.08650609382601203
19.16;-0.09102822449948877
19.162;-0.09961359776314624
19.164;-0.003441565490938797
19.166;0.05739552276463167
19.168;0.014180169213960855
19.17;0.0532661283813886
19.172;0.09685779417125392
19.174;0.2675237931688232
19.176000000000002;0.21765764883672578
19.178;0.3189930511751482
19.18;0.3775779230374716
19.182000000000002;0.429417837354278
19.184;0.5817675681880929
19.186;0.5986143890344472
19.188;0.6716974348948168
19.19;0.6663173964709954
19.192;0.8628445555690571
19.194;0.8221645192469464
19.196;0.8314838849106694
19.198;0.8409409039892303
19.2;0.9050718707295562
19.202;0.852130732492884
19.204;0.9139321974372463
19.206;0.8361085035229849
19.208000000000002;0.7748153393213477
19.21;0.7129228216771968
19.212;0.6788451105756026
19.214;0.5359778593399165
19.216;0.4965521102579369
19.218;0.525428332546933
19.22;0.3560278930731177
19.222;0.3383545608176502
19.224;0.2682543812174193
19.226;0.1891850199612754
19.228;0.1497200658201817
19.23;0.1598602291470531
19.232;0.05441105806013012
19.234;-0.008701311392143932
19.236;0.012160454999809639
19.238;-0.09040712294092762
19.240000000000002;-0.07960633692396255
19.242;-0.10533301295672046
19.244;-0.04309850638554301
19.246;-0.012304591554740077
19.248;-0.08668941636145516
19.25;-0.12001383961141981
19.252;-0.05715399194878242
19.254;-0.14806671414195655
19.256;-0.03667077039568126
19.258;-0.13313515587439706
19.26;-0.22046862595573608
19.262;-0.1732392343040884
19.264;-0.14889028719076777
19.266000000000002;-0.1767652049894901
19.268;-0.14953722483265763
19.27;-0.17121266096879006
19.272000000000002;-0.05529262861118244
19.274;-0.1539223279169011
19.276;-0.06962086040904009
19.278;-0.10526231246253025
19.28;-0.06126798563661009
19.282;-0.09831476332983762
19.284;-0.13619198660979567
19.286;0.0030643565676381074
19.288;-0.10508463436146134
19.29;-0.12009116884199786
19.292;-0.09414977704712937
19.294;-0.15615298155367582
19.296;-0.15015346500993101
19.298000000000002;-0.12333722374527081
19.3;-0.13224383633804665
19.302;-0.06061753467266231
19.304000000000002;-0.15442242794867905
19.306;-0.09968727383295524
19.308;-0.03488827717656638
19.31;-0.07091282813305677
19.312;-0.01728844470565659
19.314;-0.1141591387006449
19.316;-0.08937906621900826
19.318;-0.19406700520034414
19.32;-0.19112014650858597
19.322;-0.018941694356660738
19.324;-0.11478382793470653
19.326;-0.11960148506642773
19.328;-0.1844381011074715
19.330000000000002;-0.09018328279586381
19.332;-0.0997743966689952
19.334;-0.1259814684570543
19.336000000000002;-0.1707276288986294
19.338;-0.06766852279228139
19.34;-0.19304973522166796
19.342;-0.11120723853035591
19.344;-0.04288870934804882
19.346;-0.0797184649685902
19.348;-0.045906794143976054
19.35;-0.13779718381498313
19.352;-0.10141196567179904
19.354;-0.14955894279797016
19.356;-0.057095563903983675
19.358;-0.12383248894827387
19.36;-0.06367471899306845
19.362000000000002;-0.09757413350044389
19.364;-0.1073647538616527
19.366;-0.11906610078042645
19.368000000000002;-0.17266987053582802
19.37;-0.10293417253041608
19.372;-0.026639084251772235
19.374;-0.12960017405608457
19.376;-0.04632811834091131
19.378;-0.13721421984640075
19.38;-0.024085046671231347
19.382;-0.03518857622294961
19.384;-0.09728870816526011
19.386;-0.15355592130745802
19.388;-0.11509607824871324
19.39;-0.11461692975148809
19.392;-0.08040300822292794
19.394000000000002;-0.03197611997626445
19.396;-0.05088346544548433
19.398;-0.1048496165562963
19.400000000000002;-0.10575463860816597
19.402;-0.09333365767248288
19.404;-0.06522429418898773
19.406;-0.11541022523063503
19.408;-0.08719840087997249
19.41;-0.08160327054593143
19.412;-0.11784611638954821
19.414;-0.13241165840823665
19.416;-0.046118905516616654
19.418;-0.01766912651386425
19.42;-0.03533224532252045
19.422;-0.06950391842726945
19.424;-0.05485721020862656
19.426000000000002;-0.0679501176909936
19.428;-0.1266423777233321
19.43;-0.11567701846930746
19.432000000000002;-0.06204019156925235
19.434;-0.11676468027054242
19.436;-0.05629744480392779
19.438;-0.12967993130205915
19.44;-0.12308658842420425
19.442;-0.07886468871157683
19.444;-0.12985671243139468
19.446;-0.014196552188490905
19.448;-0.11234865963327959
19.45;-0.05982784265293708
19.452;-0.1339309491534807
19.454;-0.10932732014712415
19.456;-0.09492152464645173
19.458000000000002;-0.0674090650860852
19.46;-0.14626509986377295
19.462;-0.11333164029172871
19.464;-0.011151653332659939
19.466;-0.060805291691574934
19.468;-0.005205451449346407
19.47;-0.02620942727073048
19.472;-0.07775702459444411
19.474;-0.04817836642757772
19.476;-0.04935059133124191
19.478;-0.08084576306710874
19.48;-0.18389496281007273
19.482;-0.028093102410759796
19.484;-0.09184499309447539
19.486;-0.1556682247675933
19.488;-0.21667185845241044
19.490000000000002;-0.14554396748522552
19.492;-0.14895303112245567
19.494;-0.18817556823792303
19.496;-0.1260376725785009
19.498;-0.0667483529984312
19.5;-0.023488566741202428
19.502;0.017730161269107883
19.504;-0.08562640088587206
19.506;-0.1636570899210531
19.508;-0.10685177756198397
19.51;-0.10324495219956516
19.512;-0.09805433823268844
19.514;-0.02940974704510791
19.516000000000002;0.011241801811309599
19.518;-0.09016184318474257
19.52;-0.05934564872754407
19.522000000000002;-0.1202212247575255
19.524;-0.12755916555667607
19.526;-0.10344873159325585
19.528;-0.040357902851181224
19.53;-0.049288791135364454
19.532;-0.14135297099513056
19.534;-0.08819048615991455
19.536;-0.10510839035548701
19.538;-0.11074976008628282
19.54;-0.03828860642691373
19.542;-0.1527897379208109
19.544;-0.030722620021134482
19.546;-0.057778923172296756
19.548000000000002;-0.15414763328477965
19.55;-0.06969486190626445
19.552;-0.1478278128778143
19.554000000000002;-0.10528098068138289
19.556;-0.060016982986854456
19.558;-0.030524971287137603
19.56;-0.10484688740479318
19.562;0.043931985991084124
19.564;-0.03674169460246826
19.566;-0.0100186380078401
19.568;-0.15771037218009248
19.57;-0.06372940495351748
19.572;-0.06223276377596582
19.574;-0.11505344837066447
19.576;-0.02044529377074311
19.578;-0.15838747649978852
19.580000000000002;-0.11133196516810923
19.582;-0.023747779032542667
19.584;-0.09289549065344746
19.586000000000002;-0.1734236906325056
19.588;-0.15864495159552888
19.59;-0.040320650062245875
19.592;-0.06666606205247085
19.594;-0.11218990147312131
19.596;-0.06423752401516054
19.598;-0.08281126179664065
19.6;-0.013345132483297426
19.602;-0.015359981805297962
19.604;-0.04543158196695843
19.606;-0.08875750618571479
19.608;-0.09740134500837383
19.61;-0.07055280772721612
19.612000000000002;0.020994209789535465
19.614;-0.035324202712117884
19.616;-0.08318015610469455
19.618000000000002;0.08067170386920217
19.62;-0.03409447996334194
19.622;-0.10347885776693418
19.624;-0.06110922708387853
19.626;-0.015198675838377008
19.628;-0.09170101132069933
19.63;-0.08457202624021834
19.632;-0.09379615219935589
19.634;-0.08492945762611803
19.636;0.03821227456117711
19.638;-0.06202537713975155
19.64;-0.13376734629932668
19.642;-0.06508620818734556
19.644000000000002;-0.07001428026005425
19.646;-0.0830479276829779
19.648;-0.07488409106715738
19.650000000000002;-0.09532498647823406
19.652;-0.05909610794498387
19.654;-0.006936482873128848
19.656;-0.013575364541497492
19.658;-0.06363941353822256
19.66;-0.048580578603990156
19.662;-0.07294219409916791
19.664;-0.03453508496649432
19.666;0.024345951719120254
19.668;0.01858217642474616
19.67;-0.05426104331278915
19.672;-0.11639062601354895
19.674;-0.04633170011951156
19.676000000000002;-0.007662543887888819
19.678;-0.03341834809996453
19.68;-0.07400692900402836
19.682000000000002;-0.12207177603952225
19.684;-0.0711662713536097
19.686;-0.04318151039013277
19.688;-0.037535139489840434
19.69;0.08478064501956395
19.692;-0.1412040768661969
19.694;-0.11439716143173292
19.696;-0.07271018230226167
19.698;0.028190722323402195
19.7;-0.1349127901548054
19.702;-0.004131847412367884
19.704;-0.05579573699778503
19.706;-0.04358420765630545
19.708000000000002;0.01640272788740356
19.71;-0.08516097011428686
19.712;-0.03813710021233878
19.714;-0.08998753048723561
19.716;-0.09201612924296927
19.718;-0.02981065641875335
19.72;-0.018175364989050834
19.722;-0.067943846242273
19.724;-0.147736050428488
19.726;-0.055909551279838966
19.728;-0.07606334066796817
19.73;-0.0468757681456374
19.732;-0.01332930477530439
19.734;-0.07652406518554176
19.736;-0.07852701022203598
19.738;-0.0343067327323662
19.740000000000002;-0.027459356148791872
19.742;-0.058851270079586494
19.744;-0.12453889697260834
19.746;-0.04414039289835274
19.748;-0.035153528651720334
19.75;-0.12197109909008269
19.752;-0.04508348886729758
19.754;-0.16734941079055862
19.756;-0.03231195890045503
19.758;-0.052234732798878504
19.76;-0.07017550141887721
19.762;-0.09880261501252958
19.764;-0.08227893306804276
19.766000000000002;-0.01723677330622304
19.768;-0.0989871469887867
19.77;0.07643390038802753
19.772000000000002;-0.013880827315796287
19.774;0.0025343872603287715
19.776;-0.06211284584491113
19.778;-0.04952988817444632
19.78;-0.05426707597861896
19.782;-0.034496124412975775
19.784;-0.13489590085277076
19.786;0.020615601168776525
19.788;-0.05375640373515704
19.79;-0.05782495136945409
19.792;-0.020870021248261393
19.794;-0.045391491506689474
19.796;-0.09167082647953989
19.798000000000002;-0.04121822862152248
19.8;-0.14072741873834885
19.802;-0.04754250994474807
19.804000000000002;-0.00644433573721204
19.806;-0.018272659459579507
19.808;-0.022366777036756158
19.81;-0.06537394132004154
19.812;-0.10358117052746871
19.814;-0.1169467130957347
19.816;-0.05187125944100747
19.818;0.07611205831340104
19.82;-0.02388537940459783
19.822;-0.04927586285755861
19.824;-0.10164727313909261
19.826;0.0026922351357940646
19.828;-0.06184617343117201
19.830000000000002;-0.11944274998576648
19.832;-0.09499815014983862
19.834;-0.12946931930968253
19.836000000000002;-0.065702933044954
19.838;-0.08908102024976017
19.84;-0.0196737510084909
19.842;-0.02342737478854518
19.844;-0.017678079763735248
19.846;0.0009648514688210819
19.848;-0.05334109738654266
19.85;0.022015621282218546
19.852;0.01275093927707014
19.854;-0.0661577027850905
19.856;0.016124777637815474
19.858;-0.005833434102026778
19.86;-0.008807189612103139
19.862000000000002;-0.07018983284781749
19.864;0.0061756502908492696
19.866;-0.09024668386564093
19.868000000000002;0.04826051157831737
19.87;0.023415703975530777
19.872;-0.02147728996730779
19.874;-0.013141398656299343
19.876;-0.02508268064160408
19.878;-0.07393972572072693
19.88;-0.004986000455374732
19.882;0.08308906660178139
19.884;0.026774827946893502
19.886;-0.04683830056321852
19.888;-0.018675137865501235
19.89;-0.024001501695921162
19.892;0.010055567454452467
19.894000000000002;0.029759320066117347
19.896;-0.042058199985676545
19.898;-0.03851013110895562
19.900000000000002;-0.005331659374297117
19.902;-0.03972879064626725
19.904;-0.0375262421494649
19.906;-0.0456730955495223
19.908;-0.04797006142295113
19.91;-0.08507566123947742
19.912;-0.05305939507369441
19.914;-0.09850728956012036
19.916;0.04178595254207253
19.918;0.05603698384577434
19.92;-0.04508488917520358
19.922;0.06374674537638043
19.924;-0.09577740689273889
19.926000000000002;-0.03995091427782048
19.928;0.03414055649251693
19.93;0.01491860233767509
19.932000000000002;-0.050919065263147184
19.934;0.07414158893018241
19.936;-0.06446808376389632
19.938;0.07949984379343006
19.94;-0.03560038776686379
19.942;0.09283940379456887
19.944;-0.11281841525785857
19.946;0.01145924143807657
19.948;0.06479436221470034
19.95;-0.005382267834767262
19.952;0.0026676086380626393
19.954;0.031419746284401286
19.956;-0.018047117934360146
19.958000000000002;-0.02218954296267024
19.96;0.004979950836230601
19.962;0.034671209598837543
19.964000000000002;0.05477452253752809
19.966;0.21881342187525873
19.968;0.20823832351679689
19.97;0.1755072852911572
19.972;0.21127219245396917
19.974;0.23473374552100756
19.976;0.31556735239016165
19.978;0.3786910586326038
19.98;0.45333218006541476
19.982;0.5335213581835914
19.984;0.6249493820174506
19.986;0.7862516981833674
19.988;0.7686714378284366
19.990000000000002;0.809676629939684
19.992;0.8867743296375283
19.994;0.9199580686996255
19.996;1.006408669255397
19.998;0.9625696589650031
20.0;1.0386626777665926
20.002;1.0089627949900273
20.004;0.8231272641931634
20.006;0.9630592177478552
20.008;0.9083400919854775
20.01;0.8019241857534163
20.012;0.7285913980584383
20.014;0.7282668104403226
20.016000000000002;0.6867486796412854
20.018;0.48523569531240957
20.02;0.5023535208251194
20.022000000000002;0.4432699205112299
20.024;0.3094252968971084
20.026;0.3801406673349305
20.028;0.2972640445359644
20.03;0.1734176197742396
20.032;0.14687346224598002
20.034;0.021069983517752126
20.036;0.1486111949723355
20.038;0.14269777205065726
20.04;0.04548287876115352
20.042;0.0010776380747683691
20.044;0.08025370133547532
20.046;-0.037832821883358604
20.048000000000002;0.05065900044434047
20.05;0.04914989624160205
20.052;-0.05123243577492985
20.054000000000002;-0.040696246573593255
20.056;0.0582051148122745
20.058;0.08347800417331286
20.06;0.07368930809209971
20.062;-0.04517826360596385
20.064;0.019392846162097983
20.066;0.06664389256875941
20.068;-0.01784001413225285
20.07;-0.06889579046318312
20.072;-0.05035516054790831
20.074;-0.008682614100829125
20.076;0.022592158066344098
20.078;0.1241269275208435
20.080000000000002;0.04533121502099498
20.082;0.0795496339755816
20.084;0.07885103495778113
20.086000000000002;0.0278944438968695
20.088;0.0449446106066711
20.09;0.04348702753771886
20.092;-0.03541195092537469
20.094;0.004537079276248829
20.096;0.04071129996675001
20.098;-0.008869169074656732
20.1;-0.02441097649486789
20.102;0.028539536997285023
20.104;0.041390671862270884
20.106;-0.08132009556862972
20.108;0.04368550567481406
20.11;0.02673490728542255
20.112000000000002;-0.05324531872523747
20.114;0.028815075617553976
20.116;0.05945689643071338
20.118000000000002;0.07610039772921733
20.12;0.0013969859477241421
20.122;0.04688721074963048
20.124;0.011708886352267255
20.126;0.040425465000623606
20.128;0.0212753028957775
20.13;-0.01656721027098716
20.132;0.040679667062460276
20.134;0.039341493058020115
20.136;0.05843239765523693
20.138;0.022605231520218292
20.14;0.1187683834090671
20.142;-0.030385625198401427
20.144000000000002;0.02053870531670792
20.146;-0.00026901006438753705
20.148;0.0028171828269586627
20.150000000000002;-0.0033405513281531372
20.152;-0.011148192866864432
20.154;0.04063142025546191
20.156;0.07903869540662499
20.158;0.0747855355449503
20.16;0.007733443083274203
20.162;0.053125819980894384
20.164;-0.017854194247417705
20.166;0.009278130556397812
20.168;-0.09562541088074249
20.17;0.03892535375286714
20.172;0.030683980633214585
20.174;0.01835082131262379
20.176000000000002;0.009210784602836409
20.178;-0.0566962740468949
20.18;0.03250536037706353
20.182000000000002;0.0686506718817852
20.184;-0.00822878937880022
20.186;0.08636160015261346
20.188;0.0855740368169963
20.19;-0.0023984086377942665
20.192;0.09126710227793336
20.194;0.03929167201507805
20.196;0.0013507793868987733
20.198;0.07152876037381219
20.2;0.08565221811381665
20.202;0.058985186012156944
20.204;-0.03606637878268573
20.206;0.02642636247979873
20.208000000000002;0.07715722805360357
20.21;0.03613744623250017
20.212;-0.024756667306234957
20.214000000000002;-0.02621789897993263
20.216;0.12074899097353389
20.218;-0.02120497032858233
20.22;0.02944928222478939
20.222;0.023788142821306858
20.224;0.08938799921382773
20.226;0.09250145327192794
20.228;0.12780395135053293
20.23;0.14523446902636702
20.232;0.07573365271294889
20.234;0.053747430829277604
20.236;0.026247425449525446
20.238;0.1151218230699781
20.240000000000002;-0.003477180178650563
20.242;0.03757109484954274
20.244;0.09060886289114743
20.246;0.0039176180183181294
20.248;0.058049104803963615
20.25;0.10802873527135397
20.252;0.04939088722139664
20.254;-0.013247466698408913
20.256;0.11661104872993837
20.258;0.0109724124530204
20.26;0.07928322447145641
20.262;0.013979007990836394
20.264;0.061016243499817074
20.266000000000002;-0.006646717037471252
20.268;0.049426784687713866
20.27;-0.03777665341000269
20.272000000000002;0.06714432721718833
20.274;0.024526662095834265
20.276;-0.013339590221729758
20.278;0.11624353291955679
20.28;0.013738545167997045
20.282;0.03611465448728351
20.284;0.12313701985478134
20.286;-0.03099021705493705
20.288;0.0042124363972433215
20.29;0.1339431320886801
20.292;0.05447457182758795
20.294;-0.0018825801223730995
20.296;0.07630131654164281
20.298000000000002;0.007105956268531388
20.3;0.07868470581447987
20.302;-0.03430430232888392
20.304000000000002;0.015454692577754926
20.306;-0.05155090206765825
20.308;0.0240806654355453
20.31;0.06822961435247625
20.312;0.1236879654533547
20.314;0.02415643605599347
20.316;0.0566510459995424
20.318;0.1313269705297717
20.32;0.04435794519573564
20.322;0.13081461424104032
20.324;-0.01074360899519463
20.326;0.08932524447457987
20.328;0.001307535032563839
20.330000000000002;0.10848468847844583
20.332;0.1586999609951898
20.334;0.06577722504247195
20.336000000000002;0.008046560619563867
20.338;0.08752847234308024
20.34;0.037040939064585894
20.342;0.03743896167918999
20.344;0.050814653019221355
20.346;0.07721960890825594
20.348;0.004486705630038945
20.35;0.04708154606969253
20.352;0.043182665988787866
20.354;0.016386090739985343
20.356;0.06321793248913732
20.358;-0.04648789189223616
20.36;0.17168178184835337
20.362000000000002;0.05278309330002805
20.364;-0.010166480669456121
20.366;0.10420832593535508
20.368000000000002;0.07904394645842328
20.37;0.08257390528976576
20.372;0.07388597682968323
20.374;0.02549291977803815
20.376;0.06871791710535066
20.378;0.05484644257064083
20.38;0.1310422132514567
20.382;0.08061325698843791
20.384;-0.03771656060529821
20.386;0.08326704120712584
20.388;-0.05545739836397963
20.39;0.066375964349203
20.392;0.0394206680612097
20.394000000000002;0.05914320608867504
20.396;-0.0446424087782151
20.398;0.11581527855945181
20.400000000000002;0.020524141099362618
20.402;0.1722106472226987
20.404;0.007787679472495451
20.406;0.07665435211159433
20.408;0.12069032542464209
20.41;0.06730721018085783
20.412;-0.00018259326200767423
20.414;0.028048777065174828
20.416;0.03964633276570735
20.418;0.09986758622689672
20.42;0.1402599849125209
20.422;0.08319346067885867
20.424;0.08648465828730627
20.426000000000002;0.08663097743034771
20.428;0.06087047749676787
20.43;0.11520279794715736
20.432000000000002;0.07958521453864083
20.434;0.001360083490764677
20.436;-0.014119996119262401
20.438;0.06129336756464112
20.44;0.14047669107851943
20.442;-0.0862599938202487
20.444;0.04609602468058743
20.446;0.11706475009919504
20.448;0.0243132883672781
20.45;0.04914276096267518
20.452;0.04332648494949778
20.454;0.13506754962499368
20.456;0.14782518515974696
20.458000000000002;-0.024694286878900407
20.46;0.01847809904213603
20.462;0.08176291910043991
20.464000000000002;0.10706674281655548
20.466;0.15583413216409264
20.468;-0.0014561880903729146
20.47;0.013301627789046838
20.472;0.1201171620830889
20.474;0.05729605429361983
20.476;0.14034002837695467
20.478;0.024497304963319616
20.48;0.05872831414083386
20.482;0.09047788476218196
20.484;0.07671076609129637
20.486;0.07433387270747847
20.488;0.17041209522515005
20.490000000000002;0.09974059673372768
20.492;0.09286919970731375
20.494;0.022758315951220937
20.496;0.023765227651176696
20.498;0.08477527151985727
20.5;0.014777265937004666
20.502;0.14449287631866573
20.504;0.14026928115306736
20.506;0.05435848969641438
20.508;0.03718885124254679
20.51;0.02695081398488597
20.512;0.06926181803826487
20.514;0.08691721032724876
20.516000000000002;0.175577252536018
20.518;0.07566978258052853
20.52;0.11942979809311326
20.522000000000002;0.12045066379371154
20.524;0.05714096332793762
20.526;0.07787692301474536
20.528;0.04133426286483588
20.53;0.10737041920373819
20.532;0.12907909642691517
20.534;0.152142892645807
20.536;0.060864238251656294
20.538;0.10086675544457557
20.54;0.0701519760488004
20.542;-0.009809263043797353
20.544;0.013363630667206777
20.546;0.09020727825869415
20.548000000000002;0.11593022697102137
20.55;0.14144284037508129
20.552;0.06332021911398722
20.554000000000002;0.15971950600863438
20.556;0.1161138998092811
20.558;0.07473959953553357
20.56;0.10902645399148718
20.562;0.06372541043104787
20.564;0.059850053702037304
20.566;0.05584843673359918
20.568;0.11618449559830461
20.57;0.1588655674317083
20.572;0.11771552258487435
20.574;0.041897644916322134
20.576;0.08231213586146653
20.578;0.14952601045992908
20.580000000000002;0.029293762661819954
20.582;0.1205450132102972
20.584;0.16450073270073773
20.586000000000002;0.05996008791707191
20.588;0.03624398814380676
20.59;0.16371555181167805
20.592;0.09186201073717101
20.594;0.10013278523552861
20.596;0.14165168468776398
20.598;0.04123435063010612
20.6;0.15678714809545322
20.602;-0.033983347378343784
20.604;0.10341952161522014
20.606;0.06909294019934624
20.608;0.09951901923424958
20.61;0.031217370181493335
20.612000000000002;0.10606297871485015
20.614;0.10850760592697395
20.616;0.15808612661454585
20.618000000000002;0.04811635160102367
20.62;0.12213842664234417
20.622;0.08603658505693135
20.624;-0.02016740917055168
20.626;0.09345249584754298
20.628;0.0749759897367207
20.63;0.19972067367323365
20.632;0.06037063773536729
20.634;0.05955354208754519
20.636;0.17102377260373375
20.638;0.10896805842109623
20.64;-0.010029388525312155
20.642;0.12853478365198057
20.644000000000002;0.213865977010005
20.646;0.05341380455261206
20.648;0.019265574708570404
20.650000000000002;0.05674917418308124
20.652;0.10784343352986403
20.654;0.04290352719855338
20.656;0.09452681638917912
20.658;0.11632825405823123
20.66;0.09364183170060637
20.662;0.027798599046434988
20.664;0.15962955449963806
20.666;0.06140093855210766
20.668;0.09671388794083548
20.67;0.044954345614535485
20.672;0.08388425816948854
20.674;0.12195898898011936
20.676000000000002;0.008421372280497205
20.678;0.11289345850523991
20.68;0.02926427917377679
20.682000000000002;0.2089738468723863
20.684;-0.02050771095664662
20.686;0.004381415952132164
20.688;0.10642457647599915
20.69;0.12734013319955675
20.692;0.14394877414987226
20.694;0.016378677556293672
20.696;0.12760880418179774
20.698;0.09558091303067386
20.7;0.13793431651660726
20.702;0.17817873865071493
20.704;0.11687406926554245
20.706;0.18196604083294304
20.708000000000002;0.15653712770600028
20.71;0.18493009906017813
20.712;0.15663504193982616
20.714000000000002;0.11392261299236553
20.716;0.10113911091243698
20.718;0.15409896539430618
20.72;0.262364329541213
20.722;0.07976367394922845
20.724;0.08985114906902508
20.726;0.03415619933020819
20.728;0.1388797360570148
20.73;0.1077148098336597
20.732;0.15897732992289648
20.734;0.0390954933169623
20.736;0.051480390223273026
20.738;0.29291096151858925
20.740000000000002;0.08085231961177877
20.742;0.06857873081775369
20.744;0.10833390604920874
20.746;0.07418772236579241
20.748;0.0671873266148521
20.75;0.13093225205941245
20.752;0.032756340357161504
20.754;0.07092309730364779
20.756;0.04534447689234184
20.758;0.2035923474829099
20.76;0.20944317494814096
20.762;0.2071551593994137
20.764;0.21909188044203223
20.766000000000002;0.22804950054591355
20.768;0.20460758746877722
20.77;0.2726838152375454
20.772000000000002;0.3402937410924397
20.774;0.4074014535701831
20.776;0.5073296487781341
20.778;0.49852693638480494
20.78;0.5810515653875581
20.782;0.7165212894451237
20.784;0.7087027258937254
20.786;0.8245352502084852
20.788;0.854314379959701
20.79;0.8603862622444545
20.792;0.8873309189784849
20.794;1.0364602187879706
20.796;1.1536927974311346
20.798000000000002;1.1372422481741766
20.8;1.034232362094879
20.802;1.0840147288671964
20.804000000000002;1.0578401538692905
20.806;1.0195144052161929
20.808;0.9429242479480169
20.81;0.9320011026652237
20.812;0.9948975406534203
20.814;0.8206851519076483
20.816;0.7019830998874896
20.818;0.7496340502966212
20.82;0.639471130268674
20.822;0.5366963738914781
20.824;0.44145675584433125
20.826;0.4126562792364535
20.828;0.406400612863758
20.830000000000002;0.29430763703392215
20.832;0.2072145611435801
20.834;0.23912823621647958
20.836000000000002;0.22117809140075534
20.838;0.17571084683398175
20.84;0.1719962339218271
20.842;0.1540263872899728
20.844;0.06509321454568767
20.846;0.17129842365260606
20.848;0.06848270077066833
20.85;0.02196868995348021
20.852;0.02368538897444486
20.854;0.09343993320146984
20.856;0.13474534567012153
20.858;0.07854108585916973
20.86;0.13255941074554667
20.862000000000002;0.13886899948647244
20.864;0.15143788750448606
20.866;0.14788602391222994
20.868000000000002;0.21729693058008098
20.87;0.0817056420463633
20.872;0.12698023184375243
20.874;0.14213566015495668
20.876;0.10936415674061478
20.878;0.09214286315711324
20.88;0.08475504958234537
20.882;0.22065466348861143
20.884;0.10255303148620624
20.886;0.061125033456044524
20.888;0.09531883239390822
20.89;0.046191593018042806
20.892;0.009018862501428387
20.894000000000002;0.11376773919422753
20.896;0.06062843480179731
20.898;0.07633848835612582
20.900000000000002;0.16516410400268466
20.902;0.05114590226939316
20.904;0.07066092129478613
20.906;0.1456819459483012
20.908;0.023085026956733284
20.91;0.08200605408342179
20.912;0.06123587772596329
20.914;0.047399718833963024
20.916;0.06639686826082702
20.918;0.08794153362302606
20.92;-0.0194130823337737
20.922;0.021656151953461142
20.924;0.03486836135113529
20.926000000000002;0.19177913491768728
20.928;0.09436741216492098
20.93;0.09187622147443021
20.932000000000002;0.07950231904472677
20.934;0.07673595168463884
20.936;0.151559790785144
20.938;0.050302211517453684
20.94;0.07135878835657548
20.942;0.039470569230069114
20.944;0.18282776742772874
20.946;0.0947160180435775
20.948;0.083018007569365
20.95;0.08278469527490873
20.952;0.07525158389225237
20.954;0.17374485398469386
20.956;0.12618744448319427
20.958000000000002;0.08113792586632658
20.96;0.08492158303711961
20.962;0.04454581206885927
20.964000000000002;0.17828749353774495
20.966;0.09415205150362323
20.968;0.07368725388722555
20.97;0.08437606700321482
20.972;0.07382787680293
20.974;-0.02082577084357906
20.976;0.13138106246872044
20.978;0.08021407230508797
20.98;0.1320703040424138
20.982;0.07460914259004278
20.984;0.06238554853114471
20.986;0.01375644071049878
20.988;0.06951688247088708
20.990000000000002;0.04093750846948101
20.992;0.10808296099088989
20.994;0.16702340883184763
20.996;0.10109356070004262
20.998;0.024925160868223495
21.0;0.059740882617881165
21.002;0.18796876820869834
21.004;-0.004438655255761648
21.006;0.03722506237961991
21.008;0.11927384610749857
21.01;0.14576898223226392
21.012;0.15953430331070656
21.014;0.11047805901925428
21.016000000000002;0.1797582298706342
21.018;0.04443592498197431
21.02;0.14271011190986554
21.022000000000002;0.020303159723217917
21.024;0.09721959169860685
21.026;0.004391612556318175
21.028;0.08821847371281406
21.03;0.11926832920282904
21.032;0.17990130379756425
21.034;0.08712653107894776
21.036;0.0686887310927653
21.038;0.13840696551128184
21.04;0.1500922413954728
21.042;0.13484569108647526
21.044;0.18525774642547
21.046;0.10369909379794817
21.048000000000002;0.17726191569026592
21.05;0.04052190406834955
21.052;0.14623874804856682
21.054000000000002;0.15017228616418019
21.056;0.10383638606747839
21.058;0.07360426908963037
21.06;0.12603798638890212
21.062;0.10294836841859949
21.064;0.06864337004526065
21.066;0.14973029390295825
21.068;0.08458746323619909
21.07;0.08536147092833238
21.072;0.13613269063413289
21.074;0.09180577870184459
21.076;0.007118553284794077
21.078;0.032420927056423327
21.080000000000002;0.09991283893808586
21.082;0.12745783067925923
21.084;0.1013247131887596
21.086000000000002;0.06658046043445033
21.088;0.10517539436668624
21.09;0.0947229300373924
21.092;0.09125164085331411
21.094;0.04656650406717557
21.096;0.11903258277657389
21.098;0.010402250139393499
21.1;0.10382266395560272
21.102;0.032588478327994594
21.104;-0.017361387170493958
21.106;0.14034315503098307
21.108;0.1130977012248491
21.11;0.05983137124676821
21.112000000000002;0.10199418091230046
21.114;0.018367648869605666
21.116;0.07079129724596653
21.118000000000002;0.2286110559976613
21.12;0.10067170033019117
21.122;-0.0027958808654350575
21.124;0.08076274926027392
21.126;0.15088555466289932
21.128;0.14799177537870714
21.13;0.07521060572290135
21.132;0.14418364702048425
21.134;0.004393653074484832
21.136;0.12167355032469679
21.138;0.014026998241336228
21.14;0.054614683906731396
21.142;0.14864408181667116
21.144000000000002;0.12015951322509139
21.146;0.10060645289577949
21.148;0.025330988315802633
21.150000000000002;0.039564825351402544
21.152;0.04825851670060553
21.154;0.12677031782767226
21.156;-0.00017932498539434405
21.158;0.0070020455454433556
21.16;0.029772707218180955
21.162;0.10689219317877705
21.164;0.06226584114594616
21.166;0.05581310906111475
21.168;0.08200358955697132
21.17;0.10164599401390545
21.172;0.027004628258091336
21.174;0.11442490757322894
21.176000000000002;0.031129028821250383
21.178;0.08627319031062185
21.18;0.06720878687470047
21.182000000000002;0.0706412636967127
21.184;0.1379160230799963
21.186;0.08567787742664143
21.188;0.06832542022339548
21.19;0.1724535423746265
21.192;0.0909614506798252
21.194;0.019175538359230963
21.196;0.06427290284824398
21.198;0.10196985970149203
21.2;0.07053070280269495
21.202;0.1263583950643829
21.204;0.0856814952995676
21.206;0.049059800737381976
21.208000000000002;0.06391227687217997
21.21;0.13121394182341112
21.212;0.10514150815698275
21.214000000000002;0.0588756431187722
21.216;0.1730217217248044
21.218;-0.04120432537853931
21.22;0.13160340765318218
21.222;0.08189911523765123
21.224;0.06919075696825472
21.226;0.08540861185977863
21.228;0.1118602632603413
21.23;0.015406260691178945
21.232;-0.007687106720554365
21.234;0.08537113565249008
21.236;0.13663600627925068
21.238;0.05818259940568138
21.240000000000002;0.07362278506875138
21.242;0.12992652348846476
21.244;0.028576742599838306
21.246000000000002;0.045546999878013125
21.248;0.026660285356354785
21.25;0.06915502120699736
21.252;0.08340568762259803
21.254;0.11690491265668068
21.256;0.1599927133325561
21.258;0.032150226334240035
21.26;0.03137873976057047
21.262;0.03873822778949823
21.264;0.04595571751732888
21.266000000000002;0.032131911716866135
21.268;0.11503613444799118
21.27;0.039543057976895765
21.272000000000002;0.04256873594653243
21.274;0.0705996207203132
21.276;0.05457137535854719
21.278;-0.051986673705289185
21.28;0.11691717648599124
21.282;0.03950777747248603
21.284;0.02247648676952098
21.286;0.14979565709395587
21.288;0.07327028843082278
21.29;0.021311970793340143
21.292;0.03788143382435652
21.294;0.04408525514802453
21.296;0.10538630749361234
21.298000000000002;0.06642648397447662
21.3;0.12644010617755994
21.302;0.025699504013998946
21.304000000000002;0.057494019350732575
21.306;0.04271096308328205
21.308;0.017531092230337095
21.31;0.10108714098510446
21.312;0.08515184148137103
21.314;0.08825708612546374
21.316;0.12250623804076427
21.318;0.07227069050781745
21.32;0.1183838233621612
21.322;0.05587293013318756
21.324;0.07752311498527775
21.326;0.01837558221888958
21.328;0.08339980373631124
21.330000000000002;0.05160459833715532
21.332;0.12367138264322175
21.334;0.15234231853332278
21.336000000000002;-0.03445354725976933
21.338;0.15767488002151336
21.34;0.18233351057928615
21.342;0.022082393233151032
21.344;-0.009538982764330184
21.346;0.07840054382893663
21.348;0.018200773232190076
21.35;-0.032675662538034674
21.352;0.11378113331669025
21.354;0.042782380247043256
21.356;0.006730521572431619
21.358;0.09190571947472266
21.36;0.053915830249116704
21.362000000000002;0.06688779846400594
21.364;0.026384821918714062
21.366;0.09030693359430941
21.368000000000002;0.04323781901992706
21.37;0.06226649851012542
21.372;0.08919922926691254
21.374;0.04378180561975242
21.376;0.053696849478982976
21.378;-0.028881206060158857
21.38;0.06643173704859305
21.382;-0.04301693306599858
21.384;0.08115046707357836
21.386;0.06458614314712137
21.388;0.07701256616336588
21.39;0.04940230357060537
21.392;0.14147665937376874
21.394000000000002;0.059447771289040066
21.396;0.06066076940814934
21.398;-0.060585095622041785
21.400000000000002;0.06129247904816933
21.402;0.11343822399317482
21.404;-0.005948623210594833
21.406;0.029272352151606045
21.408;0.06759238065703851
21.41;0.0224140962312982
21.412;0.07671980821331777
21.414;0.03325368207871344
21.416;0.05418592548422255
21.418;0.07649883994114906
21.42;0.020492569668505108
21.422;0.04936851087651592
21.424;0.0509496116400097
21.426000000000002;-0.016409852410875947
21.428;0.11020686732530083
21.43;-0.011923100734504373
21.432000000000002;-0.03379888111109799
21.434;0.06766530872088938
21.436;0.026362330111466003
21.438;0.1094933658092781
21.44;0.06768370614629098
21.442;0.10791803191430929
21.444;0.05421547010109984
21.446;0.09226081061924868
21.448;0.02123091712430081
21.45;0.00022456309491285936
21.452;-0.06695509356696677
21.454;0.06892541479403996
21.456;-0.048231311339400146
21.458000000000002;0.05820369007893355
21.46;0.06694529231524184
21.462;0.05759131758836544
21.464000000000002;0.08830012583806975
21.466;0.020899416682617966
21.468;-0.0011597465329381829
21.47;0.0702634781237614
21.472;-0.031011056876537067
21.474;-0.04476301256416754
21.476;0.06195745300631301
21.478;0.04052407556494399
21.48;0.028315645718051886
21.482;0.04857908665651779
21.484;0.08917398431381908
21.486;0.012917321462901359
21.488;0.10852791256418738
21.490000000000002;-0.02988221040126151
21.492;0.0065235777527716185
21.494;0.03763326057102409
21.496000000000002;-0.03791265290724861
21.498;-0.01324964518822927
21.5;0.02135097055030276
21.502;0.07163057671931422
21.504;0.028582235174172063
21.506;0.08635039939358748
21.508;0.06033539759638684
21.51;0.009406138724819338
21.512;0.05229574903055788
21.514;0.09753318334689397
21.516000000000002;0.009564241131453651
21.518;-0.0012277664299954888
21.52;0.0860159681774324
21.522000000000002;0.032666471476744674
21.524;0.0715394406529304
21.526;0.0013102585330707316
21.528;-0.06196583667830026
21.53;0.11730402300162526
21.532;0.008255454190404889
21.534;-0.0220552917999274
21.536;-0.03333390570008116
21.538;-0.0060519059328689034
21.54;0.007280214248902697
21.542;0.0919397193191954
21.544;-0.03313222357110687
21.546;0.05262952897529696
21.548000000000002;-0.012796934473253023
21.55;0.07093991196032702
21.552;0.06813675327191207
21.554000000000002;-0.0515515308578466
21.556;0.09941796299346363
21.558;0.11649198236184777
21.56;0.021299324727334618
21.562;0.08673425220425139
21.564;0.16934688441151302
21.566;0.13130306686886772
21.568;0.14338700562014164
21.57;0.15714797332426994
21.572;0.31445033507030357
21.574;0.3287508616317435
21.576;0.3821688667525382
21.578;0.4489169636021065
21.580000000000002;0.5627807962146095
21.582;0.5554574879140628
21.584;0.6194760948068812
21.586000000000002;0.7329143531824802
21.588;0.7243895410702712
21.59;0.7202443509610367
21.592;0.9257121990255176
21.594;0.9561652114908977
21.596;1.0180213430308622
21.598;1.0344965874390988
21.6;1.054195968605923
21.602;0.9413426475142237
21.604;1.0183062285632707
21.606;0.9127683076374014
21.608;0.9167235225107265
21.61;0.9156428999837231
21.612000000000002;0.7337521546989729
21.614;0.6807501027929649
21.616;0.6441460691645942
21.618000000000002;0.6500569863899007
21.62;0.4320545662473492
21.622;0.40719530638854456
21.624;0.4076015724909079
21.626;0.27815695531750767
21.628;0.2909814743083485
21.63;0.1547095307820406
21.632;0.17584396107876338
21.634;0.10923305834721365
21.636;0.11024798122663315
21.638;0.0878216443445812
21.64;0.06622208973841542
21.642;0.08401329927346829
21.644000000000002;0.0013812665735278944
21.646;0.08392437323814884
21.648;-0.01819946265635399
21.650000000000002;0.07411109963188317
21.652;0.042839996975945135
21.654;0.00913461538641283
21.656;0.0409316645988428
21.658;0.021072582832095715
21.66;-0.03113843890524177
21.662;0.05327846012460356
21.664;-0.044338686137071814
21.666;-0.01851721697783513
21.668;-0.012781692689451885
21.67;-0.0503551678821113
21.672;0.03157808519262589
21.674;-0.0823863919592188
21.676000000000002;0.06246484915020517
21.678;0.012948910955697555
21.68;-0.0832170151797653
21.682000000000002;0.028023187370435822
21.684;0.03675010286172886
21.686;-0.05073537021849762
21.688;0.08299133764152794
21.69;-0.03556148980685925
21.692;-0.03325875290970145
21.694;-0.029769884684839265
21.696;-0.03931861214649581
21.698;0.03499611942696758
21.7;0.04872314738365103
21.702;-0.040352846601349086
21.704;0.03869678369934702
21.706;-0.036794753315036496
21.708000000000002;-0.051354508229610143
21.71;0.07438423570974628
21.712;-0.12393579695362246
21.714000000000002;0.0323027410224342
21.716;0.04402823508341357
21.718;0.03026511602943429
21.72;-0.02842948903028448
21.722;0.013721826357645926
21.724;-0.08370956397660295
21.726;-0.09971914425226464
21.728;0.04916467074734915
21.73;-0.030508481082641307
21.732;-0.09381526400850626
21.734;-0.06742778107623704
21.736;-0.009975209950502334
21.738;-0.0396515770871929
21.740000000000002;0.002976013627793527
21.742;-0.03544178633119309
21.744;0.06720598764579397
21.746000000000002;-0.06447080408756484
21.748;0.04723776197647113
21.75;-0.011836289247773373
21.752;-0.049562470054220764
21.754;-0.008640042709044154
21.756;-0.06259737774563573
21.758;0.007171235836263248
21.76;-0.03979135068060165
21.762;0.02525148607876424
21.764;-0.04793369831435431
21.766000000000002;-0.0386476875223663
21.768;-0.09432579961018302
21.77;-0.040830117412169964
21.772000000000002;-0.06598683361452284
21.774;-0.0102778024213201
21.776;-0.08874627942099497
21.778;0.06521245222816371
21.78;0.049126414680583014
21.782;-0.15283897371416286
21.784;0.04610249062578946
21.786;0.010889761243334555
21.788;-0.028011670668660844
21.79;-0.11698421830224953
21.792;-0.06793363417382067
21.794;0.03155209992820719
21.796;-0.0766788549018876
21.798000000000002;0.0355861365047066
21.8;0.014770988823281053
21.802;-0.033161661832573144
21.804000000000002;-0.04052271507528404
21.806;-0.06235355834120669
21.808;-0.06074112679891923
21.81;-0.0597618817514948
21.812;-0.1461091333841552
21.814;-0.002177062088647614
21.816;-0.007875221754165999
21.818;-0.042406831070099876
21.82;0.025199978647001534
21.822;-0.03560923329627499
21.824;-0.02539278136210746
21.826;-0.029104021702745814
21.828;0.008003732066977211
21.830000000000002;-0.06244654656366054
21.832;-0.061070469152653295
21.834;-0.05207648178954129
21.836000000000002;0.04698334905778281
21.838;0.06317735492109137
21.84;-0.06961465861748892
21.842;0.011202961904872084
21.844;-0.027323739062074203
21.846;-0.03945408403275615
21.848;-0.001244514788343913
21.85;-0.053785167828923106
21.852;0.046034260035871945
21.854;0.0018202641388909077
21.856;0.05933766416632971
21.858;-0.0023040329820785965
21.86;-0.02290953606760745
21.862000000000002;-0.03443725081018966
21.864;0.025928561936529378
21.866;-0.09309055320382323
21.868000000000002;-0.04065457633773359
21.87;-0.04076479051077685
21.872;-0.06331201057272108
21.874;0.0012401378100551017
21.876;0.04159610862634965
21.878;-0.0696743924883554
21.88;0.06951561114006674
21.882;0.03812700618124495
21.884;-0.05789760261584574
21.886;-0.05084323212162681
21.888;-0.06541230706139393
21.89;-0.09230655606817349
21.892;0.027334921731218466
21.894000000000002;-0.09453892906892791
21.896;-0.05535379057220463
21.898;-0.08107252165477788
21.900000000000002;0.05959387947657874
21.902;0.08529824589274634
21.904;-0.029841343675997188
21.906;0.02341324368819568
21.908;-0.048285588121885596
21.91;-0.07051347916360068
21.912;0.013989793888970516
21.914;-0.15424643080327421
21.916;0.03937133229078422
21.918;-0.0742355667413379
21.92;-0.09476321871169761
21.922;-0.037103728459081456
21.924;-0.04114612031804095
21.926000000000002;-0.028020847300763835
21.928;-0.09053650094625151
21.93;-0.016141006052046797
21.932000000000002;-0.1091896410454509
21.934;0.012640187211339249
21.936;-0.09613928399360618
21.938;-0.056127748050383196
21.94;-0.04775844751878827
21.942;-0.06131115276648787
21.944;-0.05485541422530029
21.946;-0.0901685159373409
21.948;-0.11650902751135028
21.95;-0.015648782100734226
21.952;-0.10090626063462724
21.954;-0.02778465418875354
21.956;-0.11661042139303016
21.958000000000002;-0.1453385123809432
21.96;0.04431415751862275
21.962;-0.016673486788535224
21.964000000000002;0.042954385397040565
21.966;-0.04305447378516486
21.968;-0.02325405207935426
21.97;-0.07867770361961199
21.972;-0.03986812264376247
21.974;-0.09831898981436632
21.976;-0.04090506632075801
21.978;-0.1109403020084539
21.98;-0.009970009047209433
21.982;-0.0032516460525666355
21.984;-0.11952188792414668
21.986;0.005605014490471551
21.988;-0.14346471530177898
21.990000000000002;-0.10130853045751875
21.992;-0.05997395408062266
21.994;-0.059276256917074485
21.996000000000002;-0.056162778921125533
21.998;-0.05433765752548059
22.0;-0.029045307347676196
22.002;-0.03980686942494396
22.004;0.050618593188708004
22.006;-0.09347875872851119
22.008;-0.0612001838804421
22.01;-0.07487748887368195
22.012;-0.011074776491583282
22.014;-0.13269008898423823
22.016000000000002;-0.07449582549982248
22.018;-0.07932237972642577
22.02;-0.05348746288511335
22.022000000000002;-0.17098476172419314
22.024;0.017115236656525548
22.026;-0.14412352238460763
22.028;-0.11503647571488311
22.03;-0.07651983248958677
22.032;-0.10579004097853553
22.034;-0.10432797579290201
22.036;0.055540837732365386
22.038;-0.04989488595465426
22.04;-0.030019764209595165
22.042;-0.11735161916583833
22.044;-0.060968446113055595
22.046;0.007105338000533576
22.048000000000002;-0.13588096637616
22.05;-0.02749320729067934
22.052;-0.025781410634287072
22.054000000000002;-0.07918263538741775
22.056;-0.1252378045694132
22.058;-0.07985304458898912
22.06;-0.048510896464538655
22.062;-0.037840376485804905
22.064;-0.07582533816391074
22.066;-0.12640918225518488
22.068;-0.07490100727521255
22.07;-0.05736030360235821
22.072;-0.012759122357982246
22.074;-0.1028578545874346
22.076;-0.05085330135943366
22.078;0.007987809541765672
22.080000000000002;-0.050237229694427996
22.082;-0.076516405331297
22.084;-0.12637287284469256
22.086000000000002;-0.044030502768459476
22.088;-0.036622567234005816
22.09;-0.08003675659797482
22.092;-0.03434283629981513
22.094;-0.11538572833577874
22.096;-0.08389766121418184
22.098;-0.01013556359317741
22.1;-0.007899243423298535
22.102;-0.04115256533923849
22.104;-0.09720924377116251
22.106;-0.10670209937919989
22.108;0.008696418371750017
22.11;-0.10471908716385618
22.112000000000002;-0.11486534503295329
22.114;-0.05168247992280696
22.116;-0.09521673010905479
22.118000000000002;-0.06308391883997877
22.12;-0.008384894841165308
22.122;-0.09107695417539535
22.124;-0.09836121987897321
22.126;-0.09230409061988737
22.128;-0.08907320237819615
22.13;-0.1379890129452184
22.132;-0.02038704360509974
22.134;-0.11110998607900091
22.136;-0.03534827293670764
22.138;-0.026939549606116144
22.14;-0.17010855332694436
22.142;-0.07882543724130375
22.144000000000002;-0.1300033201353693
22.146;-0.06744914984490652
22.148;-0.1443995537658875
22.150000000000002;-0.13447901484445496
22.152;-0.15556317346791815
22.154;-0.07302205921931113
22.156;-0.10526003141448523
22.158;-0.07524532350246746
22.16;0.004411091011476798
22.162;-0.08727077747904642
22.164;-0.04505437210974612
22.166;-0.06936950891198068
22.168;-0.12573327069368995
22.17;-0.09287106492371876
22.172;-0.056964020072099095
22.174;-0.07808421108498005
22.176000000000002;-0.12312210898496762
22.178;-0.11380676534676262
22.18;-0.10838597337679647
22.182000000000002;-0.10939902995094829
22.184;-0.055692258778662324
22.186;-0.1439113546455562
22.188;-0.15321963281757528
22.19;-0.023000581578347917
22.192;-0.06444238279089057
22.194;-0.1417315317157581
22.196;-0.14346272053207612
22.198;-0.107759444026211
22.2;-0.100740802191428
22.202;-0.16895808491411404
22.204;-0.062334827042370346
22.206;-0.06835544101304629
22.208000000000002;0.00266924518916542
22.21;-0.16362790014592687
22.212;-0.1113027235759787
22.214000000000002;-0.12534863861516607
22.216;-0.07030593210465434
22.218;-0.078524261582878
22.22;-0.08454510179138615
22.222;-0.05265545463738795
22.224;-0.09905522974889093
22.226;-0.08091312917828072
22.228;-0.03806307275607719
22.23;-0.16785244219265646
22.232;-0.12564105658274405
22.234;-0.07655052479088809
22.236;-0.0696700497518063
22.238;-0.08416956402541327
22.240000000000002;-0.12327590972454655
22.242;-0.058273493392614964
22.244;-0.2108121199292598
22.246000000000002;-0.07843604869628794
22.248;-0.11450366304541928
22.25;-0.06073895676281981
22.252;-0.06413880212298018
22.254;-0.19647769697791756
22.256;-0.06734287589267036
22.258;-0.12300675557554282
22.26;-0.07092678563022178
22.262;-0.08040083836233235
22.264;-0.1331323947296675
22.266000000000002;-0.18553219126629683
22.268;-0.15275038044594913
22.27;-0.09709151804439108
22.272000000000002;-0.03234252526679525
22.274;-0.18844802368690322
22.276;-0.11973354578754895
22.278;-0.06741737392139302
22.28;-0.19823056855925297
22.282;-0.027236028466423076
22.284;-0.12243815059097947
22.286;-0.16229307958737257
22.288;-0.16376643706981012
22.29;-0.040889936067333196
22.292;0.01390958497304226
22.294;-0.11759687506606946
22.296;-0.1395282906950772
22.298000000000002;-0.10021580391924167
22.3;-0.11423180468239368
22.302;-0.1010940286494118
22.304000000000002;-0.06674688115634664
22.306;-0.13992322154955572
22.308;-0.06626928046588959
22.31;0.02762727298339572
22.312;-0.15928379912879226
22.314;-0.08425831314735857
22.316;-0.06187116888262419
22.318;-0.134550704548027
22.32;-0.07921745461582334
22.322;0.03140672192242476
22.324;-0.15658061882126775
22.326;-0.1037679444909154
22.328;-0.0946641878873689
22.330000000000002;-0.012925060065130847
22.332;-0.12182033925956899
22.334;-0.018339664285061952
22.336000000000002;-0.0288287998955173
22.338;-0.09700554532106072
22.34;-0.0805385580670999
22.342;-0.15022276789332156
22.344;-0.08114152610953075
22.346;-0.1091919383858544
22.348;-0.07116800048844611
22.35;-0.0753493433117744
22.352;-0.15026832508704424
22.354;-0.08426672823987497
22.356;-0.03525383426170013
22.358;-0.028100897970656805
22.36;-0.09445416992418777
22.362000000000002;-0.03458444548740586
22.364;-0.0317308846557363
22.366;0.025355224159990752
22.368000000000002;0.13953973598157207
22.37;0.08922679656505739
22.372;0.13311430459079646
22.374;0.18158590984067124
22.376;0.3849814533701558
22.378;0.3242331656664727
22.38;0.3648400844608195
22.382;0.546883765891065
22.384;0.5508528964772025
22.386;0.6549188849537
22.388;0.6296782715826525
22.39;0.7377880342741632
22.392;0.7836706438133001
22.394000000000002;0.8436850259585841
22.396;0.8376007868167158
22.398;0.9292538445931742
22.400000000000002;0.8804154327062883
22.402;0.8873617058495203
22.404;0.8707383141688767
22.406;0.8371048348727544
22.408;0.8019701405156368
22.41;0.7823584176604316
22.412;0.6336005117322664
22.414;0.614750622532716
22.416;0.5934665722766119
22.418;0.47724725546832253
22.42;0.38891485254274266
22.422;0.3199988552579886
22.424;0.2766884889501915
22.426000000000002;0.14762744567522212
22.428;0.13197039308127845
22.43;0.08038899936104242
22.432000000000002;0.08406146157146258
22.434;-0.060117595684740024
22.436;-0.06011910172236605
22.438;-0.044327971819570836
22.44;-0.07675937870292851
22.442;-0.07514164014009506
22.444;0.03842593070266627
22.446;-0.032158227541817436
22.448;-0.07415954461578743
22.45;-0.1678259938584314
22.452;-0.09131914615707223
22.454;-0.10386114421315358
22.456;-0.12039434862362508
22.458000000000002;-0.08812252227324377
22.46;-0.11530969831338485
22.462;-0.029801007392415493
22.464000000000002;-0.15746530661780433
22.466;-0.029859658609765985
22.468;-0.07360343155533024
22.47;-0.03413129993122792
22.472;-0.06652974076603702
22.474;-0.14783300721351694
22.476;-0.08795990816041183
22.478;-0.10621617416395901
22.48;-0.12975509610900154
22.482;-0.10677122807260303
22.484;-0.08797466517096665
22.486;-0.12470543657782762
22.488;-0.10318871960211942
22.490000000000002;-0.09301136895697311
22.492;-0.19269610917719854
22.494;-0.1338295482046203
22.496000000000002;-0.0689808350904796
22.498;-0.011530141920200035
22.5;-0.0987109375023222
22.502;-0.08251854225164826
22.504;-0.1673294510469489
22.506;-0.15020927810243306
22.508;-0.11687899055127607
22.51;-0.1320414710654602
22.512;-0.09266648890587213
22.514;-0.16859169200224916
22.516000000000002;-0.13073463489579729
22.518;-0.10465574821919393
22.52;-0.07755112796764344
22.522000000000002;-0.06959026292878845
22.524;-0.15405425696159222
22.526;-0.05528078501406643
22.528;-0.07259455756776542
22.53;-0.08009531945315716
22.532;-0.0421719869810054
22.534;-0.08131798326647868
22.536;-0.13529409430504138
22.538;-0.0681126469021748
22.54;-0.10682100999416701
22.542;-0.16632984801684858
22.544;-0.1419921079285819
22.546;-0.14273886586523313
22.548000000000002;-0.08262141956026613
22.55;-0.1336319597221301
22.552;-0.08234723007591888
22.554000000000002;-0.13505338635789074
22.556;-0.1341281277775487
22.558;-0.01656631953652743
22.56;-0.08928822121151068
22.562;-0.10208302234109505
22.564;-0.13835032766492672
22.566;-0.08702277291974848
22.568;-0.13679937069344952
22.57;-0.025663169521275273
22.572;-0.12963155773821744
22.574;-0.12685885722551196
22.576;-0.052595349046583
22.578;-0.13101195289183787
22.580000000000002;-0.11273466871771093
22.582;-0.08092898264704385
22.584;-0.10688008481597433
22.586000000000002;-0.16106240665447427
22.588;-0.15933403379196154
22.59;-0.07825237841142242
22.592;-0.031760687220585226
22.594;-0.09434664754006744
22.596;-0.036626051504431795
22.598;-0.17051666502242294
22.6;0.002671663824304074
22.602;-0.19680305696019745
22.604;-0.1416812412697852
22.606;-0.10435666284186834
22.608;-0.013679490017719176
22.61;-0.15532280235841675
22.612000000000002;-0.13048755291941405
22.614;-0.025172423308105818
22.616;-0.08375589087853783
22.618000000000002;-0.15185865170690083
22.62;-0.07629952687321698
22.622;-0.1226063345229064
22.624;-0.12790550545940477
22.626;-0.163604391327131
22.628;-0.08888421035731167
22.63;-0.11833061401671961
22.632;-0.016683535306081534
22.634;-0.13592995769717003
22.636;-0.07185930127950549
22.638;-0.076499539458362
22.64;-0.08786886089251357
22.642;-0.03463047333938602
22.644000000000002;-0.06616714101897347
22.646;-0.09623586815764965
22.648;-0.03459378268353143
22.650000000000002;-0.081914396959294
22.652;-0.0898510744548463
22.654;-0.1206199943755424
22.656;-0.06588339222359434
22.658;-0.12077469306949602
22.66;-0.09026278342630739
22.662;-0.13659305103876968
22.664;0.010532523309262964
22.666;-0.06202945418767274
22.668;-0.1231963409546307
22.67;-0.040958728309371695
22.672;-0.1572718374955135
22.674;-0.24715438899059622
22.676000000000002;-0.08949661965865652
22.678;-0.1783147813322462
22.68;-0.0800297215380621
22.682000000000002;-0.11196905163367066
22.684;-0.08378882432919696
22.686;0.02147891709668695
22.688;-0.04524764099097469
22.69;-0.018085052800546023
22.692;0.0018509634171116618
22.694;-0.09815926750694116
22.696;-0.10706112833355794
22.698;-0.12767533513062854
22.7;-0.09181477507178183
22.702;-0.06915852443700889
22.704;-0.17767417008574507
22.706;-0.1815222064310054
22.708000000000002;-0.06621385977918218
22.71;-0.1043800531913316
22.712;-0.14414590891349097
22.714000000000002;-0.18345375986812656
22.716;-0.186187823544132
22.718;-0.13795117784224917
22.72;0.004544504754856793
22.722;-0.04441698017235988
22.724;-0.1167443872826821
22.726;-0.19037796288500097
22.728;-0.09503257155501571
22.73;-0.021171950130802475
22.732;-0.05321712274520989
22.734;-0.047736794145303366
22.736;-0.10847461046391074
22.738;-0.10437372351898759
22.740000000000002;-0.23849471821580404
22.742;-0.11752220505151831
22.744;-0.0411818398390309
22.746000000000002;-0.08852893443868692
22.748;-0.0727097911886412
22.75;-0.10431958776504185
22.752;0.05910796242521042
22.754;-0.09589473223871905
22.756;-0.0896419420534351
22.758;-0.07307023250711604
22.76;-0.10815267132142574
22.762;-0.10640626519462103
22.764;-0.10228426874691039
22.766000000000002;-0.09774618419736379
22.768;-0.09116103210361569
22.77;-0.08672884950639646
22.772000000000002;0.0036093420650628455
22.774;-0.1480045519902038
22.776;-0.11153210129500368
22.778000000000002;-0.07141708799241037
22.78;-0.038363950573841114
22.782;0.015139900835544923
22.784;-0.1257498827954892
22.786;-0.024391614643588175
22.788;-0.11440494261184692
22.79;-0.09385254976709341
22.792;-0.05919085345623758
22.794;-0.10804532722852646
22.796;-0.06989490565609166
22.798000000000002;-0.10871655636808514
22.8;-0.03451311004768652
22.802;0.012351199930086751
22.804000000000002;-0.07785041578668447
22.806;-0.04603382893238498
22.808;-0.1241294396583381
22.81;-0.05570356922000827
22.812;-0.06833313230673416
22.814;-0.053220338895785674
22.816;-0.1004930495559057
22.818;-0.05879222476693424
22.82;-0.07078517029487169
22.822;-0.14728167732035813
22.824;-0.03725071195606036
22.826;-0.06443498906564982
22.828;-0.05876753424248595
22.830000000000002;-0.08711765744374296
22.832;-0.06412654104540609
22.834;-0.09853219878785482
22.836000000000002;-0.049601447269492366
22.838;-0.06764994805404642
22.84;-0.011293793581738126
22.842;-0.06970823735166642
22.844;0.03361870460327741
22.846;-0.0697294378412892
22.848;-0.007571240569477611
22.85;0.011919628504186153
22.852;-0.05745906981762631
22.854;-0.05375572629985442
22.856;-0.11074581084495302
22.858;-0.025810056534396837
22.86;-0.0692954825496457
22.862000000000002;-0.13864902237533913
22.864;-0.051638791577686874
22.866;-0.08978370231414258
22.868000000000002;-0.13829976457155307
22.87;-0.12415149529850288
22.872;0.01994317773112171
22.874;-0.012161581437876476
22.876;-0.022546948331206525
22.878;-0.03936346367749042
22.88;-0.05396024233762241
22.882;-0.0991157352798067
22.884;-0.14645325979733742
22.886;-0.07898073947367233
22.888;-0.13353481501062292
22.89;-0.03288366516650916
22.892;-0.05052497149911792
22.894000000000002;-0.0940566137790845
22.896;-0.02930546665835889
22.898;0.022465866841007195
22.900000000000002;-0.0735506354209381
22.902;-0.008599157846929786
22.904;-0.0559105015102353
22.906;-0.016659817539134786
22.908;-0.06966217982389188
22.91;-0.09928337682883362
22.912;0.0035418934580352807
22.914;-0.01934368522814464
22.916;-0.09660491444365983
22.918;-0.10539777524930455
22.92;-0.06723689457166826
22.922;-0.19590596590035353
22.924;-0.09560505360092847
22.926000000000002;-0.01795134036706915
22.928;-0.05412336003921652
22.93;-0.04570404852286157
22.932000000000002;0.011106248597912732
22.934;-0.002501130095426865
22.936;-0.046035717599609643
22.938;-0.18268996957735956
22.94;-0.10575055616288404
22.942;-0.01489411041780525
22.944;-0.09720331274018976
22.946;-0.056884014309139995
22.948;0.0007983192555301721
22.95;-0.07669857156619206
22.952;-0.1344935292727144
22.954;-0.07345312573172931
22.956;-0.07333212832539139
22.958000000000002;-0.10039221129132272
22.96;-0.11620276021676626
22.962;-0.13358687759639667
22.964000000000002;-0.09804431563089222
22.966;-0.09320608734597355
22.968;-0.06275075970646625
22.97;0.032201128116656194
22.972;-0.04317033715695785
22.974;0.03986024955037375
22.976;-0.06935260866118083
22.978;-0.007402412198594714
22.98;-0.1063110638784582
22.982;-0.04930998067020087
22.984;-0.14916543005610733
22.986;-0.050020879869938036
22.988;-0.04953261570968955
22.990000000000002;-0.02943989754059684
22.992;-0.0023494122232336073
22.994;-0.0812758011024964
22.996000000000002;-0.01839759395459384
22.998;-0.08501211027572861
23.0;-0.00516156471969776
23.002;-0.04291116554219549
23.004;-0.04534849356583112
23.006;-0.008080265259047356
23.008;-0.061215802993847566
23.01;0.020344625200824758
23.012;-0.1114131065215021
23.014;-0.1301181022533311
23.016000000000002;-0.14641252524953055
23.018;-0.013907915987650253
23.02;-0.055956017412393665
23.022000000000002;-0.09391685698080413
23.024;0.006219633369351364
23.026;0.021613029937859414
23.028000000000002;-0.027317224426673357
23.03;-0.148847529282188
23.032;-0.1326287916360343
23.034;-0.01120318976551752
23.036;-0.09300224987514552
23.038;-0.09419468010314447
23.04;-0.18408773851008417
23.042;-0.047333712844338925
23.044;-0.017581649221975637
23.046;-0.0919293305273602
23.048000000000002;-0.08196333329443195
23.05;-0.10705285133850069
23.052;-0.006942045055565775
23.054000000000002;-0.0764531385350167
23.056;-0.060588016301095275
23.058;-0.0551559532334218
23.06;-0.0552019149999873
23.062;0.028937773561767216
23.064;0.012401410178151093
23.066;0.08216412728163694
23.068;-0.031652945730177094
23.07;-0.038415566394353555
23.072;0.02124377325800482
23.074;-0.1179087587440308
23.076;-0.07645788796146372
23.078;-0.07013558810114227
23.080000000000002;-0.11438500168377937
23.082;-0.03539092414871704
23.084;-0.04800469504379955
23.086000000000002;-0.06185577926967125
23.088;-0.10793609331079511
23.09;-0.10494003250419973
23.092;-0.02398176185050492
23.094;-0.032155207447187625
23.096;-0.046484178922748726
23.098;-0.10362952502519837
23.1;-0.03940846849124013
23.102;-0.09228737661848511
23.104;-0.07354140950123354
23.106;-0.08251998966028037
23.108;0.06286446176721605
23.11;-0.04555137256904162
23.112000000000002;-0.007964343914323074
23.114;-0.07688996124160062
23.116;-0.04799784763861035
23.118000000000002;-0.05079762114330028
23.12;0.03885557921406804
23.122;-0.028354922275334076
23.124;0.010410258271383033
23.126;-0.03559902997273753
23.128;-0.09863578638786136
23.13;-0.05868480561822022
23.132;0.04681513583779529
23.134;-0.029928137693412734
23.136;-0.053928556892296406
23.138;-0.019042795622621546
23.14;-0.06835557577134183
23.142;-0.010547201837980046
23.144000000000002;-0.10054652070062595
23.146;0.055896895021718615
23.148;-0.04346628060794405
23.150000000000002;-0.0073740079294619815
23.152;-0.045068800627907184
23.154;0.008616939639328525
23.156;-0.04385881832371619
23.158;-0.02258691720928111
23.16;0.006986280829123129
23.162;0.09500933930404251
23.164;0.15496357827849813
23.166;0.12039611279392859
23.168;0.07364136286053603
23.17;0.2345866907768197
23.172;0.24904919787676288
23.174;0.25536133198318306
23.176000000000002;0.2467206928984984
23.178;0.4050855035303717
23.18;0.5141429420527137
23.182000000000002;0.5216180035938738
23.184;0.5889658165654048
23.186;0.6430960102678309
23.188;0.7280216323366151
23.19;0.7548000104803356
23.192;0.8764241146187582
23.194;0.8658551787868974
23.196;0.9225575378277212
23.198;0.9957917607785292
23.2;0.9599238615128717
23.202;0.9797929066352226
23.204;1.0182285802926365
23.206;0.8626800959716888
23.208000000000002;0.8251285475710896
23.21;0.8826724129995492
23.212;0.7647347143206125
23.214000000000002;0.744696464537867
23.216;0.5789212364200744
23.218;0.5368572513587707
23.22;0.41643368875977943
23.222;0.40517324245305514
23.224;0.33028412708403276
23.226;0.2769654213305285
23.228;0.23765671176706918
23.23;0.19431374661041687
23.232;0.143037460660918
23.234;0.08762614112883377
23.236;0.10431827985050067
23.238;0.03459148421866863
23.240000000000002;0.09047560741556042
23.242;-0.01180722742548557
23.244;-0.05709259061669092
23.246000000000002;-0.011201071461835698
23.248;0.0028775044863947954
23.25;-0.04310486223834273
23.252;-0.04570534713794648
23.254;-0.01557312276700905
23.256;0.06080405885970688
23.258;-0.004845922664607507
23.26;0.06516282519203818
23.262;-0.07365625392291368
23.264;-0.02620793667051128
23.266000000000002;0.007506458959899251
23.268;-0.10117932556999065
23.27;-0.0022449232462666315
23.272000000000002;0.01721109966708055
23.274;-0.027005304514937153
23.276;-0.04205436298926048
23.278000000000002;-0.01379517221092796
23.28;-0.00505467953846705
23.282;-0.11834679582482328
23.284;-0.03787372542458846
23.286;0.08244845162046266
23.288;0.04649317164820482
23.29;-0.11571765017143806
23.292;-0.048274326343725735
23.294;-0.03751853885494056
23.296;0.05280203473644605
23.298000000000002;-0.06506962503453403
23.3;0.04194150317129845
23.302;0.030087323545396213
23.304000000000002;-0.015116886186683873
23.306;0.04952696911624462
23.308;-0.02923056870535068
23.31;0.009203620450310517
23.312;-0.010768345951105483
23.314;0.020494626128478972
23.316;-0.05087508507796894
23.318;-0.04135827706331126
23.32;-0.04105025767031818
23.322;-0.049680661887935525
23.324;-0.018151644621919944
23.326;-0.01261547391737011
23.328;0.012863237809530366
23.330000000000002;0.05591278411320383
23.332;0.015526575536615038
23.334;-0.03412742485087147
23.336000000000002;0.02852830898145101
23.338;-0.034019735966147054
23.34;0.05760190386941048
23.342;-0.011608661001224943
23.344;0.04978210154044657
23.346;-0.02669242730068796
23.348;0.04284917487915347
23.35;-0.004004210865596429
23.352;0.03164362898175223
23.354;-0.04515496758267929
23.356;-0.0354575183911562
23.358;0.03438378008405862
23.36;0.0065892548822235955
23.362000000000002;0.04393773868640079
23.364;-0.055721368380532585
23.366;-0.008228623107521402
23.368000000000002;0.009732004209907691
23.37;0.016862207266184065
23.372;0.060467271202365315
23.374;-0.0804152430494229
23.376;-0.00664572787875024
23.378;-0.0461481337899106
23.38;0.08396424318708513
23.382;-0.02872811316289603
23.384;0.005558568702888576
23.386;0.02172717400150917
23.388;0.02177129232205193
23.39;0.05873182686742422
23.392;-0.030575260906786993
23.394000000000002;-0.01629810392797591
23.396;0.07740430721353057
23.398;-0.00557143562269862
23.400000000000002;0.020238696148220724
23.402;0.028423359298942782
23.404;-0.0548646957943946
23.406;0.0331649304892366
23.408;0.018990120781864905
23.41;0.07396727987939174
23.412;0.12491876867860782
23.414;0.016695606454390884
23.416;0.05360424942341331
23.418;0.02732421199467234
23.42;0.014074181676841949
23.422;0.06419193937117179
23.424;0.06341386033453758
23.426000000000002;0.04381070509974992
23.428;-0.004593665496948705
23.43;-0.011714346955428504
23.432000000000002;-0.017105020939341208
23.434;0.029099540888368424
23.436;0.01174452889249487
23.438;0.00848638181412395
23.44;0.005992626257826835
23.442;0.030547173968581014
23.444;0.014457848885575547
23.446;-0.059904071878552664
23.448;0.003011632880434375
23.45;-0.0413342684538939
23.452;-0.015395740008765719
23.454;0.0607055272932192
23.456;0.05635301929103738
23.458000000000002;0.05760353027308297
23.46;0.11271709852929201
23.462;0.058629737428092965
23.464000000000002;-0.003501955451213082
23.466;0.0611951475550601
23.468;0.052087595294586245
23.47;0.06595137307414084
23.472;0.043809209361625724
23.474;-0.0016109089091307684
23.476;0.058244063662054896
23.478;0.010397301599601023
23.48;0.060977898800512895
23.482;0.08219293500772817
23.484;0.004389100144706299
23.486;0.03135919636450322
23.488;0.1349889571593142
23.490000000000002;0.04560063031531851
23.492;0.052003717313727535
23.494;0.03846476327649405
23.496000000000002;0.0555623199530868
23.498;0.05553518484216624
23.5;0.05912916250070205
23.502;0.039335752556803695
23.504;0.013742859279232387
23.506;0.0365778670965484
23.508;-0.00726777609941405
23.51;0.09599472510891453
23.512;0.12338895850069562
23.514;0.09280309825369978
23.516000000000002;0.06933922287265412
23.518;-0.10161686536272854
23.52;0.03154830770908517
23.522000000000002;-0.024052522246271066
23.524;0.06387541389051546
23.526;0.021552173451412006
23.528000000000002;0.05350501552393787
23.53;0.013134100138524236
23.532;0.009453541767573213
23.534;0.07051458165041773
23.536;0.08506931366685891
23.538;0.006526530245323479
23.54;0.024998417297266956
23.542;0.03040597839123397
23.544;0.10277734003782389
23.546;0.05306610835751497
23.548000000000002;-0.08971348355392887
23.55;0.002413806689853276
23.552;0.03949448789034542
23.554000000000002;0.08255770946696392
23.556;0.10005133528271729
23.558;0.10962563671304046
23.56;-0.0007802321437597737
23.562;-0.05538678979728959
23.564;0.09911043346815257
23.566;0.047579917176705504
23.568;0.1027551355173445
23.57;0.10102681654088977
23.572;0.049605225798101275
23.574;0.03826300749696551
23.576;0.09685205022109525
23.578;0.06382397531581191
23.580000000000002;0.14375427871571314
23.582;0.045912543664018715
23.584;-0.014976343210911527
23.586000000000002;0.044518142671801535
23.588;0.0753869803171361
23.59;-0.037771578992425295
23.592;-0.026245594023045535
23.594;0.07602980233497614
23.596;0.15287834046813184
23.598;0.04963879784769755
23.6;0.03540414713824778
23.602;0.05199331769617053
23.604;0.059260393329643855
23.606;0.020544317640675262
23.608;0.06241942353516172
23.61;0.004686769350293364
23.612000000000002;0.18081755947554667
23.614;0.011460750094465712
23.616;0.05300654144645102
23.618000000000002;0.034332003733478236
23.62;0.013771109163337479
23.622;0.07584408304182824
23.624;0.06997512478287807
23.626;0.01281982408566551
23.628;0.08148735645458477
23.63;0.019639931779105023
23.632;0.036785804043159856
23.634;0.08843431077403979
23.636;0.17284339881615418
23.638;0.08784826312191071
23.64;0.03493625990159856
23.642;0.09951053601952155
23.644000000000002;0.0762942288869698
23.646;0.05516534598700125
23.648;0.12630870411973047
23.650000000000002;0.10722864189508202
23.652;0.08707244068191608
23.654;0.07677947819099484
23.656;0.10087681231175034
23.658;0.04462806215749135
23.66;0.026338656396940968
23.662;0.15991003833008588
23.664;0.06640776029394019
23.666;0.009908499232658838
23.668;0.06515314475159519
23.67;0.0350879332277891
23.672;0.021633836041137472
23.674;0.047153563995193895
23.676000000000002;0.022609962654294727
23.678;-0.014120728280869743
23.68;0.06436609602710332
23.682000000000002;0.0947533293607972
23.684;0.04224518463642332
23.686;0.03483642493501532
23.688;0.058614552506455656
23.69;0.04242514387157499
23.692;0.06615145740855895
23.694;0.012720937571094021
23.696;0.06381353136827897
23.698;0.0724742478610279
23.7;0.01790445909453247
23.702;0.13206025305061617
23.704;0.051846795785697834
23.706;0.09579903016518689
23.708000000000002;0.08409932057110711
23.71;0.002457379009778257
23.712;0.08520418538164759
23.714000000000002;0.07397117537434737
23.716;0.0933339950777615
23.718;0.030310107443334386
23.72;0.1006119127353659
23.722;0.07822071204377853
23.724;0.12533955239339512
23.726;0.1348849993557023
23.728;0.07408835918039743
23.73;0.10375951334459543
23.732;0.12196533143977448
23.734;0.0915353370503551
23.736;0.10037320340654979
23.738;0.016216219994584585
23.740000000000002;0.10251412281504577
23.742;0.14349655919777543
23.744;0.07006717438740673
23.746000000000002;0.07685050889968895
23.748;-0.02865060694799597
23.75;0.0053921556419048305
23.752;0.11033106925357776
23.754;0.034012810575616344
23.756;0.049575479316463875
23.758;0.04832103910222445
23.76;0.025287317543258872
23.762;0.09322734478739991
23.764;0.009613064168646268
23.766000000000002;0.17350919483169425
23.768;0.038631521935639464
23.77;0.0807345031333163
23.772000000000002;0.06513475164404914
23.774;0.13509252956325396
23.776;0.11275992274649076
23.778000000000002;0.13256078158352
23.78;0.005419166912278908
23.782;0.11362164573514477
23.784;0.11923641116002927
23.786;0.044221943328551686
23.788;0.0011285005482977312
23.79;-0.02880781247822284
23.792;0.06444598663440582
23.794;0.13175783775619052
23.796;0.16530927872995965
23.798000000000002;0.055378333972700436
23.8;0.002683378166462469
23.802;0.07524819316089046
23.804000000000002;0.08566624241562054
23.806;0.037938763615125964
23.808;0.03225770930933104
23.81;0.07384349028003476
23.812;0.05903092161496916
23.814;0.10936399091809339
23.816;0.09846431449899828
23.818;-0.004076758565702332
23.82;0.07721573007157512
23.822;0.11110702170049919
23.824;0.08091230166347853
23.826;0.07935304163255205
23.828;-0.01116558487035263
23.830000000000002;0.11309805090758732
23.832;0.12150477306728762
23.834;0.094605229470517
23.836000000000002;0.10707861040890254
23.838;0.10024045721661481
23.84;0.09764983365207429
23.842;0.09736792755000713
23.844;0.12212870003821985
23.846;0.09866276691662366
23.848;0.08426383671334155
23.85;0.0669743196269996
23.852;0.05492312566242802
23.854;0.022671043299681684
23.856;0.030614011409855195
23.858;0.06621198315752527
23.86;0.06337309716326428
23.862000000000002;0.02768659308994284
23.864;0.042764659381931816
23.866;0.05805471130561479
23.868000000000002;0.025558902355497196
23.87;0.133184327453672
23.872;0.11797197108167704
23.874;0.07065426082235408
23.876;0.03725120698240064
23.878;0.14346860778444145
23.88;0.0784964007492988
23.882;0.13721892162301808
23.884;0.024767688761764592
23.886;0.09382248478209881
23.888;0.0088050947283239
23.89;-0.019298991024434206
23.892;0.13458539312469092
23.894000000000002;0.043634302952607514
23.896;0.13328428022034722
23.898;0.14076035020557964
23.900000000000002;0.09649402159733775
23.902;0.06570267379177058
23.904;0.04432540314635444
23.906;0.10303342311019521
23.908;0.08768228904225776
23.91;0.14671614274587214
23.912;0.11113271674411121
23.914;-0.011386811151168408
23.916;0.029404781468011856
23.918;0.11411489376380292
23.92;0.01823284883716912
23.922;0.15585252412393374
23.924;0.04881063793151391
23.926000000000002;0.1693226388911453
23.928;0.1026233676692836
23.93;0.006729886008976019
23.932000000000002;0.09148002873343805
23.934;0.06152809691997943
23.936;0.11374633799905406
23.938;0.08308969881892513
23.94;0.12945933293443393
23.942;-0.012129265957669402
23.944;0.107387923608173
23.946;-0.019958538633576384
23.948;0.11834250032141638
23.95;0.07242954241967228
23.952;0.04803014979645534
23.954;0.0808407197006117
23.956;0.1164837594609448
23.958000000000002;0.17756520974853068
23.96;0.16622576934946276
23.962;0.19795217929220596
23.964000000000002;0.17796285063606426
23.966;0.29102247974990847
23.968;0.22153265132889258
23.97;0.19811394359463547
23.972;0.3775576331143856
23.974;0.37684791007183777
23.976;0.4771132844817584
23.978;0.47122936843652086
23.98;0.6325905235951877
23.982;0.5571588587784932
23.984;0.6655955512073348
23.986;0.867093827285718
23.988;0.875628059607479
23.990000000000002;0.8646775897582876
23.992;0.9125584760275566
23.994;1.0978099274472206
23.996000000000002;1.131544476734573
23.998;1.0256217234050031
24.0;1.1367068124640016
24.002;1.088232717036189
24.004;1.0618463875615909
24.006;0.9655568945898463
24.008;0.844210680725678
24.01;0.9442250158787259
24.012;0.8267283320789778
24.014;0.915903026330671
24.016000000000002;0.7629106299253974
24.018;0.5405486265665735
24.02;0.5473407473001022
24.022000000000002;0.5178443919239568
24.024;0.4421068469864411
24.026;0.41349655434687277
24.028000000000002;0.31105915648199867
24.03;0.38104454600014476
24.032;0.20216683604087585
24.034;0.12878158277259277
24.036;0.18346929476781398
24.038;0.18353089284427188
24.04;0.0952939806057898
24.042;0.13235356105601181
24.044;0.08923825574983787
24.046;0.08717338147047392
24.048000000000002;0.12576548292619388
24.05;0.12922809715244354
24.052;0.11957802554974029
24.054000000000002;0.10306628059362484
24.056;0.09795746170116677
24.058;0.06909563550760983
24.060000000000002;0.07738977638417946
24.062;0.06849284733019666
24.064;0.06951601203071987
24.066;0.10608683951801424
24.068;0.11544585415392981
24.07;0.06909575630596931
24.072;0.08067190546201045
24.074;0.05470357427093836
24.076;0.10348846670976337
24.078;0.011503697804059937
24.080000000000002;0.05862980712007752
24.082;0.1258561067932536
24.084;0.10237805159025458
24.086000000000002;0.1703564302268255
24.088;-0.024406967611367097
24.09;0.050829425012599655
24.092;0.15311111331180383
24.094;0.1857442872803358
24.096;0.19933479141858576
24.098;0.09250355251716871
24.1;0.0957158457044024
24.102;0.13700822804453813
24.104;0.10148310132539791
24.106;0.10365909491771239
24.108;0.07514010636565972
24.11;0.1651864821338737
24.112000000000002;0.14344234297894215
24.114;0.05604054121603776
24.116;0.08861026598866927
24.118000000000002;0.13005983886624362
24.12;0.09166699108269652
24.122;0.053198809029204625
24.124;0.13834922446222495
24.126;0.08879278031498718
24.128;0.05584034086911409
24.13;0.08736659220734751
24.132;0.127086377096308
24.134;0.1259826454527988
24.136;0.027343458557778075
24.138;-0.03855139626931811
24.14;0.1638584306997817
24.142;0.09363006627914003
24.144000000000002;0.12425976521754878
24.146;0.0874718218754752
24.148;0.14352642955976352
24.150000000000002;0.1160959374983669
24.152;0.0572347490367094
24.154;0.11230190335635995
24.156;0.1637177892480766
24.158;0.09248333576706555
24.16;0.07942918988650871
24.162;0.09164197746356889
24.164;0.09079398931895989
24.166;0.06827627122251492
24.168;0.03615570556726497
24.17;0.0594874420992837
24.172;0.1030135186909421
24.174;0.15550474562014033
24.176000000000002;0.12737438221217653
24.178;0.1598608497252085
24.18;0.04830400478878422
24.182000000000002;0.10453499615800858
24.184;0.04757728585137888
24.186;0.08101579069818185
24.188;0.113924766953931
24.19;0.0799761131134273
24.192;0.08850561115364247
24.194;0.11851745827640685
24.196;0.10811487551074794
24.198;0.06500240390630302
24.2;0.14001309578656032
24.202;0.05573545398209899
24.204;0.04590773170756368
24.206;0.02540869749248338
24.208000000000002;0.16597576224580723
24.21;0.2176093724847356
24.212;0.06656543409125375
24.214000000000002;0.014433885790902795
24.216;0.21490837265555654
24.218;0.1428442000784974
24.22;0.07816539418465669
24.222;0.03813974808026531
24.224;0.0224985294990354
24.226;0.053625738634432596
24.228;0.14952474217738387
24.23;0.13097308087344217
24.232;0.16497837708386215
24.234;0.048614253509163353
24.236;0.1437377759292145
24.238;0.1620034183864112
24.240000000000002;0.057694677406388103
24.242;0.13532037105557765
24.244;0.07532180052503684
24.246000000000002;0.22064397564965052
24.248;0.1501119055830763
24.25;0.16627921128000528
24.252;0.15612983282292153
24.254;0.12528561393093043
24.256;0.0869718950206175
24.258;0.06395816216094558
24.26;0.10208077000077369
24.262;0.21437629742120884
24.264;0.14441824849526297
24.266000000000002;0.1265778482842532
24.268;0.10547018879081832
24.27;0.05885817409931377
24.272000000000002;0.051104141577073874
24.274;0.029128258783312114
24.276;0.07700673338771702
24.278000000000002;0.1736741344193053
24.28;0.049557044441818535
24.282;0.0736601088976779
24.284;0.2397612841467308
24.286;0.06857525897688158
24.288;0.10271888373871858
24.29;0.13606784357322674
24.292;0.11901538150359134
24.294;0.14474123200251787
24.296;0.0854286457349328
24.298000000000002;0.07961937053936577
24.3;0.008786056511758567
24.302;0.07889406173945271
24.304000000000002;0.02513336174250347
24.306;0.13211083390756173
24.308;0.09031202914760979
24.310000000000002;0.059060897877641655
24.312;0.12762186435653844
24.314;0.052678450218011555
24.316;0.13508006988490173
24.318;0.11511787601478127
24.32;0.14708784765393465
24.322;0.11920615630347835
24.324;0.12726407769468584
24.326;0.13128377759194648
24.328;0.07207089840794181
24.330000000000002;0.018555640137820503
24.332;0.16076151505787578
24.334;0.0776222737612378
24.336000000000002;-0.020044923776102855
24.338;0.09887313362125148
24.34;0.12259717588530653
24.342;0.14409984388914798
24.344;0.0889462860489861
24.346;0.1362200427085591
24.348;0.05753382609581568
24.35;0.17521108815425646
24.352;0.07761732511286606
24.354;0.15893980979977618
24.356;0.08025790839003939
24.358;-0.027641292184125643
24.36;0.140595867218683
24.362000000000002;0.08152429637909184
24.364;0.12223340437687757
24.366;0.04668610067993321
24.368000000000002;0.08622286341229228
24.37;0.045109206510286354
24.372;0.10249941635970777
24.374;0.23986738228345023
24.376;0.07699312634132016
24.378;0.04538303078131789
24.38;0.11208276299542685
24.382;0.03232417788022711
24.384;-0.03444211656328515
24.386;0.11833448987740859
24.388;0.09268736760792595
24.39;0.08341870898940651
24.392;0.030177851106397632
24.394000000000002;0.11247003615613088
24.396;0.0739467520916255
24.398;0.09636583002781858
24.400000000000002;0.02936739797131372
24.402;0.11282914487813293
24.404;0.09464622270181815
24.406;0.03831312177789312
24.408;-0.055899004145012504
24.41;0.11391183644163713
24.412;0.08492242118913189
24.414;0.09223396997659691
24.416;0.07218681320929368
24.418;-0.002737549504093703
24.42;0.14468735306902475
24.422;0.07597023122829785
24.424;0.023682094056237724
24.426000000000002;0.1033822926402239
24.428;-0.04623812855911942
24.43;0.13463247400202905
24.432000000000002;0.06622699517692408
24.434;0.09997382426818019
24.436;0.10367808689603196
24.438;0.08454062840598726
24.44;0.1271456426991991
24.442;0.0625651633814364
24.444;0.050982432818588226
24.446;0.15860367544987083
24.448;0.13488848379185522
24.45;0.0773610701169449
24.452;0.10208131029652863
24.454;0.04733829066479634
24.456;0.048579798060405896
24.458000000000002;0.044094590020968806
24.46;0.12736984069010368
24.462;-0.006684297642943246
24.464000000000002;0.09317938320246891
24.466;-0.012173462558627723
24.468;0.09772332956194403
24.47;0.056753048837802286
24.472;0.10935154068517197
24.474;0.12738749031285376
24.476;0.1502564961540161
24.478;0.08887980336665609
24.48;0.03774157987639364
24.482;0.06735327842904912
24.484;0.08424087224281963
24.486;0.09316659570097216
24.488;0.24994140428397627
24.490000000000002;0.07437232088088758
24.492;0.10632307255136579
24.494;0.08254106326538174
24.496000000000002;0.04365236820670244
24.498;0.02283356872281206
24.5;0.05870279612316193
24.502;0.12266254300207349
24.504;0.07404249898259599
24.506;0.10495765904044083
24.508;0.04311205205499321
24.51;0.05334266108693819
24.512;0.00106394091107824
24.514;0.11035882138842759
24.516000000000002;0.054070125880637934
24.518;0.10847784011964937
24.52;0.022410305402838317
24.522000000000002;0.006164846919804651
24.524;0.0071773194788603695
24.526;0.230001689600892
24.528000000000002;0.10407361096958223
24.53;0.0482897799047011
24.532;0.06915169722740978
24.534;0.026054964461447574
24.536;0.14342034131500883
24.538;0.015614625230970042
24.54;0.030198341815395192
24.542;0.01847783361363381
24.544;0.0904058941088835
24.546;0.020014879715468878
24.548000000000002;-0.006152051820116661
24.55;0.14948229408882255
24.552;0.17783991809565441
24.554000000000002;0.04475990119020619
24.556;0.11900292063827979
24.558;0.09884075282553748
24.560000000000002;0.04283693728777955
24.562;0.07629148208319693
24.564;0.10241592499873665
24.566;0.0934009606196136
24.568;0.09234564859737636
24.57;0.1349725210765323
24.572;0.003646427325844054
24.574;0.04824918419577076
24.576;0.06713723615995527
24.578;0.05766042629647958
24.580000000000002;0.10076729087800809
24.582;0.10468452334441894
24.584;0.0038336200848811397
24.586000000000002;0.13804149790709042
24.588;0.11904917129667619
24.59;0.16879209517878044
24.592;0.023472486247825733
24.594;0.05165218771403818
24.596;0.09069036482561409
24.598;0.10589484420796716
24.6;0.035910843988995245
24.602;0.07774807456516772
24.604;0.12400311642324895
24.606;0.012661955678108495
24.608;0.07473981486622634
24.61;0.018113709874007684
24.612000000000002;0.050533641167960185
24.614;0.13495392542900939
24.616;0.03214932696249234
24.618000000000002;0.07725474971491006
24.62;0.12028461318209031
24.622;0.08378374578792298
24.624;0.08290707187665461
24.626;0.0986237026334248
24.628;0.06581433022010448
24.63;0.06941818212939362
24.632;0.05225315926079803
24.634;0.038120892402095666
24.636;0.0773613222487249
24.638;0.12350994643851962
24.64;0.10389588050520573
24.642;0.11039400585790848
24.644000000000002;0.03497796508903838
24.646;0.06852260211581539
24.648;0.08454117816705337
24.650000000000002;0.038128812437204535
24.652;-0.01758383723058078
24.654;0.12938758604074738
24.656;0.12573948259786502
24.658;0.11275654190012721
24.66;0.04054481382961319
24.662;0.020345233601082854
24.664;0.009506596333262993
24.666;0.12408183582823983
24.668;0.17489569181656267
24.67;0.09895181182149206
24.672;0.08877902601335333
24.674;0.0034903369917663393
24.676000000000002;0.07965665612126985
24.678;0.016141156489780338
24.68;0.1383305204131446
24.682000000000002;-0.06092239663704906
24.684;0.13189434755673
24.686;0.10827758486875277
24.688;0.08225897709276823
24.69;0.062449305496547015
24.692;0.1040092468290312
24.694;-0.025789377586135018
24.696;0.021051295049954198
24.698;-0.043186810802193776
24.7;0.031128124424533783
24.702;0.10776909966904508
24.704;0.006237323819562962
24.706;0.09231997780519367
24.708000000000002;0.04158436124605027
24.71;0.06417303966281403
24.712;0.059343116098912976
24.714000000000002;0.07227657047450607
24.716;0.08536878317607491
24.718;0.013329596995094652
24.72;0.12654425502189476
24.722;0.014299803261936195
24.724;0.05601611058045604
24.726;-0.03972971267414949
24.728;0.008808159640827276
24.73;0.07240200896292774
24.732;0.015361105733464532
24.734;0.052720636942075384
24.736;0.036138440320787876
24.738;0.07901709134312401
24.740000000000002;0.019591322513753277
24.742;0.07838884864562853
24.744;0.06767143495468088
24.746000000000002;0.0675114492474453
24.748;-0.01424003596543421
24.75;0.04227230306340377
24.752;0.17436753785861467
24.754;0.025558489080585462
24.756;-0.02766227720493121
24.758;0.05611032308976138
24.76;0.0778891960900237
24.762;0.09969888454554646
24.764;0.14639100121872434
24.766000000000002;0.22529118598650325
24.768;0.19300920148978057
24.77;0.26166207082474524
24.772000000000002;0.263339851892684
24.774;0.35414093363606947
24.776;0.35590112428561266
24.778000000000002;0.40494808645898794
24.78;0.5293848164306655
24.782;0.5138827577706897
24.784;0.6699386015646442
24.786;0.6952718756115451
24.788;0.8332672934701236
24.79;0.8379511442363695
24.792;0.9115850885135208
24.794;1.0389201649800015
24.796;1.0222210001577277
24.798000000000002;1.0651812045718794
24.8;1.0815625827144781
24.802;0.9988042489894742
24.804000000000002;0.9597831992366697
24.806;0.9958750844685768
24.808;0.8847552232779315
24.810000000000002;0.87560487948336
24.812;0.8251268481190517
24.814;0.7247877956560083
24.816;0.6901857634039541
24.818;0.6228028929836804
24.82;0.559266627354148
24.822;0.4910794467196954
24.824;0.35664349807371526
24.826;0.2735174879437985
24.828;0.24056815586068886
24.830000000000002;0.30726171514529155
24.832;0.24940653539977517
24.834;0.14977190638296164
24.836000000000002;0.15963466216871589
24.838;0.1877107331500152
24.84;0.13652985335037404
24.842;0.1343507940260865
24.844;0.030129492800495976
24.846;0.04843990550110225
24.848;0.021142018855910737
24.85;0.08853327563910102
24.852;0.015903743476757666
24.854;0.059973373130418575
24.856;0.02559473183791087
24.858;-0.04982280534539699
24.86;0.029781636899506393
24.862000000000002;0.05160092445775319
24.864;0.09759003711732075
24.866;0.03232804070572953
24.868000000000002;0.055306754152846346
24.87;0.04568416456911331
24.872;0.09719523296286209
24.874;-0.005721179367789705
24.876;0.008770328425546384
24.878;0.03823539833209226
24.88;-0.04629990072109634
24.882;0.005986253014241889
24.884;-0.01457428132199472
24.886;-0.025359364930621093
24.888;0.07006533418893099
24.89;0.0008859791001044719
24.892;0.01511290185432005
24.894000000000002;0.057327729341399236
24.896;0.10769230684223659
24.898;0.05209208610511422
24.900000000000002;0.054776698572619145
24.902;-0.006797798641192954
24.904;0.03550642941866275
24.906;-0.0007905846297443578
24.908;-0.05133280906435808
24.91;0.04230934607274535
24.912;0.06608976694136943
24.914;0.03332737087131689
24.916;0.07094018447818003
24.918;0.09027425581572798
24.92;-0.07489242983175072
24.922;0.026913374382324395
24.924;-0.016362130246279784
24.926000000000002;0.054041305032039716
24.928;-0.0695317196636435
24.93;-0.02127349650870712
24.932000000000002;0.0241557577224506
24.934;0.09907669451191142
24.936;-0.005523511154043965
24.938;0.07137892892216927
24.94;-0.0017259511025332804
24.942;-0.039978917606000974
24.944;0.03098091032812829
24.946;-0.03639095837313804
24.948;0.06450067789680021
24.95;0.01751774447893855
24.952;0.07582058912922865
24.954;-0.02508774644603426
24.956;0.023171727507460008
24.958000000000002;0.05484352149758883
24.96;-0.07229559836945625
24.962;0.03278590953001204
24.964000000000002;-0.04950393658298361
24.966;0.005237124808007627
24.968;0.012455592482976584
24.97;0.040926793912328695
24.972;-0.05161630650695698
24.974;0.012480311147697114
24.976;0.034440795885609124
24.978;-0.010304591517665749
24.98;0.02455004345657111
24.982;0.05398968991082627
24.984;0.0536575522787273
24.986;0.01836702982331749
24.988;0.10115043107643718
24.990000000000002;0.03465511916711298
24.992;0.0062356076500844244
24.994;0.006737975733893959
24.996000000000002;-0.08514886916457579
24.998;-0.04801293122043095
25.0;-0.06507216714480782
25.002;-0.007394964563996931
25.004;0.07154521998106751
25.006;0.06967338300650444
25.008;-0.023592396023151895
25.01;0.040209602296243964
25.012;0.08056513120528838
25.014;0.036397803877799624
25.016000000000002;0.028134644432721723
25.018;-0.03647862893618034
25.02;0.007972445745897724
25.022000000000002;-0.06750739279290031
25.024;-0.01121035200044472
25.026;0.06076169541918568
25.028000000000002;0.057074535421157174
25.03;-0.09665334532558251
25.032;-0.030294481402464886
25.034;-0.053234323768676955
25.036;-0.03007659861913303
25.038;-0.06164543987686059
25.04;0.03555873892257078
25.042;0.06004189620953437
25.044;-0.106753432175672
25.046;-0.05300158524870832
25.048000000000002;-0.04335258785797607
25.05;0.021990444325941057
25.052;-0.025984351887496124
25.054000000000002;-0.03621649098049593
25.056;0.04411291990970334
25.058;0.0700273140321705
25.060000000000002;0.026333385562974536
25.062;-0.0315589555840647
25.064;0.006368483000316271
25.066;0.05005875615845619
25.068;0.011630324351081477
25.07;-0.025012767911503687
25.072;0.002585633405610726
25.074;0.03615759164192069
25.076;0.018097866599970175
25.078;-0.03400015697656064
25.080000000000002;-0.023887846994838192
25.082;-0.16126445659208216
25.084;-0.053569569384048735
25.086000000000002;0.007456225100805878
25.088;-0.053927127167834356
25.09;-0.013767778018830324
25.092;-0.0352203305677222
25.094;0.03369171891323265
25.096;0.025215836943084123
25.098;-0.05519688397339662
25.1;0.02916945898399366
25.102;-0.12420394614171446
25.104;-0.010534336427199389
25.106;0.03662120061938805
25.108;0.005425973472694769
25.11;-0.036382048316326195
25.112000000000002;-0.05503092477736564
25.114;-0.09283294284561813
25.116;-0.07452017195378448
25.118000000000002;0.024371771562616225
25.12;0.031877339716375463
25.122;-0.10077206626386481
25.124;0.02374048183822128
25.126;-0.025678194448764874
25.128;0.05155944950594828
25.13;-0.0036738661237589766
25.132;-0.05281418298401025
25.134;-0.053296511344930526
25.136;0.0378528117780607
25.138;-0.07998836689132162
25.14;0.013756382321441399
25.142;-0.04683956127608652
25.144000000000002;0.000914470239338723
25.146;0.09894503891679832
25.148;-0.13734478456188695
25.150000000000002;-0.10632786540193484
25.152;-0.08438928293920761
25.154;-0.05642776756465323
25.156;-0.07813281173686498
25.158;-0.0002929810375507276
25.16;-0.046034572779500724
25.162;0.03621817263068488
25.164;-0.06707620821963477
25.166;-0.03237234859596732
25.168;-0.02434244284484982
25.17;-0.07024091094164557
25.172;-0.027066650089775175
25.174;-0.04338425450762801
25.176000000000002;-0.0157722007819306
25.178;0.0822965777583958
25.18;-0.019818765319302004
25.182000000000002;-0.15548511164668727
25.184;-0.05086407591827082
25.186;-0.07607474063652263
25.188;-0.07675761355330954
25.19;-0.18398804429150528
25.192;-0.033372343037673446
25.194;0.0325305717206714
25.196;-0.0589628083457714
25.198;-0.15563945150633618
25.2;-0.09004981249669075
25.202;0.01314965390742439
25.204;0.07129961438468946
25.206;-0.05654390397605061
25.208000000000002;-0.04984812248932123
25.21;0.006483867696766343
25.212;-0.020561766231381663
25.214000000000002;0.010332017254102821
25.216;0.017673904044526637
25.218;-0.025495084519378708
25.22;0.034566668638284136
25.222;-0.10127736878756806
25.224;-0.037322408288847156
25.226;0.009537859289645456
25.228;-0.12004667733959355
25.23;-0.1179536077014558
25.232;-0.06727006046423081
25.234;-0.1418666961095154
25.236;-0.05664395773676539
25.238;-0.053300005198239755
25.240000000000002;0.01868583876125717
25.242;-0.007583901071214309
25.244;-0.08225292722358607
25.246000000000002;-0.03685043806240578
25.248;-0.08163099305688012
25.25;-0.026293359970482773
25.252;-0.00981123258470476
25.254;-0.0001445550097271056
25.256;-0.08408928274136726
25.258;-0.09337052400456058
25.26;-0.13966750750829415
25.262;-0.04193646846119964
25.264;-0.07220266142072868
25.266000000000002;-0.0597779150473668
25.268;-0.01840654065764743
25.27;-0.01042727621633835
25.272000000000002;0.05208635887908511
25.274;0.02911449472445611
25.276;-0.06037031598340553
25.278000000000002;-0.10266872919786549
25.28;-0.04123470711956054
25.282;-0.0244182814291621
25.284;0.03443933270133529
25.286;0.01968981493961753
25.288;-0.07313642708033956
25.29;-0.025430274587723907
25.292;-0.1843816027980213
25.294;-0.09017005777075532
25.296;-0.0010925762406978415
25.298000000000002;-0.0845644618980916
25.3;-0.031159257276947277
25.302;-0.07570219082217065
25.304000000000002;-0.050389905166256785
25.306;-0.07378447389223879
25.308;-0.003974949184319496
25.310000000000002;-0.036618453951177896
25.312;-0.05161682795929115
25.314;-0.05325281438546502
25.316;-0.11707990234117382
25.318;-0.12887452523581294
25.32;-0.0444320395874805
25.322;-0.07486476691396231
25.324;-0.051406785645746134
25.326;-0.15105618311699004
25.328;0.005624098122115999
25.330000000000002;-0.014077579464620786
25.332;-0.0009811285604889516
25.334;-0.015879524693019495
25.336000000000002;-0.10900703412225499
25.338;-0.08277546105830758
25.34;-0.06617035775393773
25.342000000000002;-0.13678890384297654
25.344;-0.0408311163686451
25.346;-0.03542929440694691
25.348;-0.03248002043087095
25.35;-0.13571497931976062
25.352;0.026638967058094695
25.354;-0.04510939364482895
25.356;-0.09483754803699945
25.358;-0.04535444620460972
25.36;-0.06453435349832636
25.362000000000002;0.008499464024508949
25.364;-0.05734174273676567
25.366;-0.06997178199011937
25.368000000000002;-0.010914269411900282
25.37;-0.10001190668225765
25.372;-0.04476291628482951
25.374;-0.12903698975296218
25.376;-0.1211858007954741
25.378;-0.07718869891443107
25.38;0.0011869221104372218
25.382;-0.07027310700173195
25.384;-0.06220668172992014
25.386;-0.13722514282192583
25.388;-0.1540250716962151
25.39;-0.08061965867646427
25.392;-0.00922605653299273
25.394000000000002;-0.020125165932436018
25.396;0.03319093101433904
25.398;0.07842679150579321
25.400000000000002;-0.09858381098650935
25.402;-0.051621103384997785
25.404;-0.07107046142081025
25.406;-0.09575127668784915
25.408;-0.07538254029467456
25.41;-0.04510340440426611
25.412;-0.07335806621792769
25.414;-0.06389460043727972
25.416;-0.02276656410536601
25.418;-0.07138652205289774
25.42;-0.09179175880712594
25.422;-0.1010169193632158
25.424;-0.08348632503020104
25.426000000000002;0.005789607051319048
25.428;-0.028732926050905404
25.43;-0.17854197190767482
25.432000000000002;-0.0871771225823618
25.434;-0.019507357075643217
25.436;-0.17086259623946914
25.438;-0.004931304726346175
25.44;-0.10836719564186878
25.442;-0.03990142991054334
25.444;-0.0833816003794163
25.446;-0.15878917566862383
25.448;-0.08773517070620097
25.45;-0.09292767185005216
25.452;-0.2054699629921722
25.454;-0.06850190612133555
25.456;-0.08071139809284325
25.458000000000002;-0.03518287564229503
25.46;-0.13094344873949446
25.462;-0.0801884693861824
25.464000000000002;-0.09216411726673054
25.466;-0.07025686159802938
25.468;-0.17041135794377654
25.47;-0.1619465610592014
25.472;-0.03246819457537149
25.474;-0.02183378996458693
25.476;-0.011645942777690182
25.478;0.0522755909385519
25.48;-0.06250395101312557
25.482;-0.0748598302234691
25.484;-0.03163214354844928
25.486;-0.01349654516807755
25.488;-0.0866964555708796
25.490000000000002;-0.01469421896973612
25.492;-0.010518525884543925
25.494;-0.07034060797942107
25.496000000000002;-0.10082501795977405
25.498;-0.11597619820805609
25.5;-0.030398531059287255
25.502;-0.08309137841157099
25.504;-0.13540385998931218
25.506;-0.01235318296051012
25.508;-0.023745283643422932
25.51;-0.008268253267750186
25.512;-0.06565620100903806
25.514;-0.041580024496929546
25.516000000000002;-0.06899830606914083
25.518;-0.0963748237646017
25.52;-0.06544382835495806
25.522000000000002;-0.10978892948937344
25.524;-0.09955699397249744
25.526;-0.11237673123792276
25.528000000000002;-0.11277397723248153
25.53;-0.049076742942710444
25.532;-0.11264569695910684
25.534;-0.16035878170294998
25.536;-0.11042939119452683
25.538;-0.17558315793960738
25.54;-0.03984885187650656
25.542;-0.10543578512411339
25.544;-0.02145053273842823
25.546;-0.10536520384916014
25.548000000000002;-0.08635855568202977
25.55;-0.1804506063711282
25.552;-0.0430942671470495
25.554000000000002;-0.06088691088239903
25.556;-0.014037443626781873
25.558;-0.08652727360828866
25.560000000000002;-0.02603758907977298
25.562;-0.012019437083741952
25.564;0.026138819802845825
25.566;0.09535579495354532
25.568;0.13288081997411882
25.57;0.11946393476712998
25.572;0.0998213450181287
25.574;0.11775743325201293
25.576;0.13403034486749624
25.578;0.4467068105384591
25.580000000000002;0.34513986354954235
25.582;0.4515720678744781
25.584;0.5315002540093966
25.586000000000002;0.6753159744573805
25.588;0.7296603382599307
25.59;0.8191948184907947
25.592000000000002;0.9069299666614664
25.594;0.8769453954677927
25.596;0.832874301858231
25.598;0.8280769439181459
25.6;0.9385276954265352
25.602;0.9356328120062567
25.604;0.877219853160856
25.606;0.9272710490527136
25.608;0.8641749406814881
25.61;0.7101590030748273
25.612000000000002;0.7016121664808027
25.614;0.600694366582908
25.616;0.5055558903232195
25.618000000000002;0.38985216067706974
25.62;0.3945588010496464
25.622;0.3104572094691774
25.624;0.2015297989167621
25.626;0.24749847466411268
25.628;0.09666648470609097
25.63;0.04944980416410549
25.632;0.06333681410663299
25.634;0.06888015728747726
25.636;0.18504303285763823
25.638;-0.017793096755693683
25.64;-0.03621394318046293
25.642;-0.04043842071708431
25.644000000000002;-0.06809546892926038
25.646;-0.08822716748691044
25.648;-0.03651333453609311
25.650000000000002;-0.11164990650235648
25.652;-0.1604694678510435
25.654;-0.07784297100352304
25.656;-0.10707552236835904
25.658;-0.12986697164020317
25.66;-0.08116527668276553
25.662;-0.15608285572859004
25.664;-0.14076824402139354
25.666;-0.0190332907234467
25.668;-0.06834144569917339
25.67;-0.10483801714825328
25.672;-0.11153238219623243
25.674;-0.08161176747629953
25.676000000000002;-0.14483462726175222
25.678;-0.13391646940097932
25.68;-0.08660666330637201
25.682000000000002;-0.07384620113409707
25.684;-0.03772084842647049
25.686;-0.14510002870424632
25.688;-0.09406727156177916
25.69;-0.1139329308856862
25.692;-0.07163922922698492
25.694;-0.03940233270799441
25.696;-0.12065637418247252
25.698;-0.06440074719382623
25.7;-0.008790913600749323
25.702;-0.02773958376943772
25.704;-0.0905588654749604
25.706;-0.09536409503189927
25.708000000000002;-0.0749611616906753
25.71;-0.17771899597875587
25.712;-0.12802482423717948
25.714000000000002;-0.16047164946821185
25.716;-0.04191099241040419
25.718;-0.09566965294958311
25.72;-0.0652224854737915
25.722;-0.13023171132279032
25.724;-0.16801652654090288
25.726;-0.04760860386743762
25.728;-0.09263448544559683
25.73;-0.07832128278993195
25.732;-0.05163513790711257
25.734;-0.05666976429127587
25.736;-0.11604890756623458
25.738;-0.12475581932534589
25.740000000000002;-0.09899926099982746
25.742;-0.06664165847953728
25.744;-0.07218365189305112
25.746000000000002;-0.12538835440906126
25.748;-0.056036090878899714
25.75;-0.12130817839991195
25.752;-0.08131293567638974
25.754;-0.1387401338209353
25.756;-0.16705049440460137
25.758;-0.17167399551095494
25.76;-0.11585731162267959
25.762;-0.1562622787633472
25.764;-0.11988497316674959
25.766000000000002;-0.13384413615170623
25.768;-0.1258054259351745
25.77;-0.10508236253717067
25.772000000000002;-0.058691978893103264
25.774;-0.12297299101169137
25.776;-0.10261994146361596
25.778000000000002;-0.06764034701178653
25.78;-0.11630490138486765
25.782;-0.08516771933209762
25.784;-0.16282642606885434
25.786;-0.11954638895799148
25.788;-0.12774469072091918
25.79;-0.0492562376468205
25.792;-0.0651041692176926
25.794;-0.1354590627357813
25.796;-0.1402628341532042
25.798000000000002;-0.08118654243757292
25.8;-0.10867938611806859
25.802;-0.11259881860897941
25.804000000000002;-0.12348117480561682
25.806;-0.1665728269654283
25.808;-0.15679870358407885
25.810000000000002;-0.09791293449312322
25.812;-0.18342242803852646
25.814;-0.059446422560004375
25.816;-0.07228885892976569
25.818;-0.1646606111052037
25.82;-0.10243954659393689
25.822;-0.09187014008052288
25.824;-0.21785243451068972
25.826;-0.1184176319001208
25.828;-0.1375627882548823
25.830000000000002;-0.15294767739853202
25.832;-0.23400313899171327
25.834;-0.11603125772812396
25.836000000000002;-0.10352020885224046
25.838;-0.09805967703780188
25.84;-0.08995951923336248
25.842000000000002;-0.09878016790542893
25.844;0.027108078825850715
25.846;-0.15494732092034483
25.848;-0.04297385622248033
25.85;-0.15123825782149464
25.852;-0.028162714156792112
25.854;-0.15658272378721286
25.856;-0.1277615962062764
25.858;-0.17826973438584348
25.86;-0.0964248743884871
25.862000000000002;-0.09489897918899191
25.864;-0.030918397552399265
25.866;-0.03392847984900128
25.868000000000002;-0.15683773211959368
25.87;-0.10927494748156112
25.872;-0.08045835630648114
25.874;-0.01757918780560702
25.876;-0.06920685154164516
25.878;-0.05790027318998743
25.88;-0.05920659868693942
25.882;-0.240893711393663
25.884;-0.07942339076437911
25.886;-0.08394933090418016
25.888;-0.08863264785312953
25.89;-0.10142795858784434
25.892;-0.09900218280491344
25.894000000000002;-0.10435755004109219
25.896;-0.11432253441212996
25.898;-0.13790058440317493
25.900000000000002;0.012969789982697405
25.902;-0.1261135445415945
25.904;-0.1208064500586311
25.906;-0.09944423943935436
25.908;-0.10957455600487018
25.91;-0.06585225667378344
25.912;-0.03579316329798496
25.914;-0.13326779778905232
25.916;-0.09708783721700132
25.918;-0.14516704151812448
25.92;-0.0791991702704584
25.922;-0.040205171077903404
25.924;-0.029332993378816202
25.926000000000002;-0.06448765043107987
25.928;-0.12220674801388705
25.93;-0.08321023857583461
25.932000000000002;-0.1609304307390975
25.934;-0.05225316086760637
25.936;-0.15201664453234975
25.938;-0.0994560159694407
25.94;-0.08077113301075345
25.942;-0.07729932499538061
25.944;-0.07684612429024336
25.946;-0.1375929534438692
25.948;-0.07437287522187186
25.95;-0.0725384920684737
25.952;-0.1495681998718061
25.954;-0.039725039605398166
25.956;-0.032857620397235415
25.958000000000002;-0.03520676132597841
25.96;-0.07834064503741538
25.962;-0.11531945705411967
25.964000000000002;-0.04862426815870864
25.966;-0.16623897072226446
25.968;-0.08202373836085142
25.97;-0.14828082722537006
25.972;-0.13512895423713883
25.974;-0.03649160874816678
25.976;-0.11279650092694553
25.978;-0.07902361297505985
25.98;-0.10924265114282337
25.982;-0.060341129794013564
25.984;-0.010020303666495853
25.986;-0.07806187618442931
25.988;-0.16148813377770865
25.990000000000002;-0.17117957426596475
25.992;-0.13461533146918256
25.994;-0.07452297182166212
25.996000000000002;-0.12890750686659022
25.998;-0.1558280439064087
26.0;-0.15187091676037032
26.002;-0.05953769131890664
26.004;-0.09884526318861286
26.006;-0.08574066848677081
26.008;-0.2909833728115721
26.01;-0.1665699189278673
26.012;-0.04944764097643616
26.014;-0.04973965717548479
26.016000000000002;-0.012864650577526685
26.018;-0.14851009395408435
26.02;-0.19686973978373618
26.022000000000002;-0.10023836180181386
26.024;-0.07729397919766286
26.026;-0.08048876912088207
26.028000000000002;-0.12359253241158479
26.03;-0.11150347379424692
26.032;-0.05629649302808377
26.034;-0.09202057913990991
26.036;-0.01570250540655671
26.038;0.04257432432020122
26.04;-0.21985898428241762
26.042;-0.10349482051890083
26.044;-0.05953415694879361
26.046;-0.09498996847422819
26.048000000000002;-0.09984352091305584
26.05;-0.05879075901777773
26.052;-0.18279650170444056
26.054000000000002;-0.07182935740808817
26.056;-0.12414142415867166
26.058;-0.10967222682541251
26.060000000000002;-0.04487946752187525
26.062;-0.013739746360559135
26.064;-0.07666291159979975
26.066;-0.05735122912542013
26.068;-0.16041814757008355
26.07;-0.05397172667042681
26.072;-0.0305034213847444
26.074;-0.056019584893875506
26.076;-0.008643281608016432
26.078;-0.14716720043060283
26.080000000000002;-0.1859083399364338
26.082;-0.10576058401908486
26.084;-0.040629955568999246
26.086000000000002;-0.15252859935335758
26.088;-0.10386140880437497
26.09;-0.08491678504582183
26.092000000000002;-0.1376329870715745
26.094;-0.01741722959586875
26.096;-0.11529933927380949
26.098;-0.1166420197880077
26.1;-0.16866554137845824
26.102;-0.11556351165342318
26.104;-0.1281931800505053
26.106;-0.08061246906509968
26.108;-0.09404995287471941
26.11;-0.10039665243228361
26.112000000000002;0.03832198871554582
26.114;-0.1065356839785569
26.116;-0.08422990591651904
26.118000000000002;-0.06774154039759593
26.12;-0.07462497469878325
26.122;-0.14343042809554998
26.124;0.056085332925383924
26.126;-0.016308834450194945
26.128;-0.09369211526346928
26.13;-0.05851072393903482
26.132;-0.004481799316228455
26.134;-0.045895578913547265
26.136;-0.12532364781380462
26.138;-0.2457574976331993
26.14;-0.10756680747307451
26.142;0.02239653288197356
26.144000000000002;-0.043454099149083214
26.146;-0.13248660710846794
26.148;0.008257586889017468
26.150000000000002;-0.20156894116222857
26.152;-0.12337955301608748
26.154;0.003906431480021039
26.156;-0.084447531946234
26.158;-0.002322895306744094
26.16;-0.1122793178714021
26.162;-0.10890678850903235
26.164;-0.11270519305179595
26.166;-0.1768714792201807
26.168;-0.06290355745222001
26.17;-0.12918884536079264
26.172;-0.11732609815115808
26.174;-0.07539780404804604
26.176000000000002;-0.07032991017957353
26.178;-0.07379806606125731
26.18;-0.07674539407633836
26.182000000000002;-0.020355857937032706
26.184;-0.1323255357250239
26.186;-0.17431047060025096
26.188;-0.04955091807573525
26.19;-0.05303540684650733
26.192;0.024912945402146364
26.194;-0.10929943663776398
26.196;-0.09906735984032178
26.198;-0.04890982547390892
26.2;-0.04407719553242025
26.202;-0.16762493134510173
26.204;-0.10163866208186771
26.206;-0.08536529868128201
26.208000000000002;-0.0330792254231732
26.21;-0.06716579120540958
26.212;-0.07441934520617349
26.214000000000002;-0.11645593532837961
26.216;-0.033681779295980624
26.218;0.06928730942048222
26.22;0.046955378447930116
26.222;-0.00044856020037466193
26.224;-0.046274131883281264
26.226;0.07081272042325638
26.228;0.003886145394635665
26.23;-0.09624720939367278
26.232;-0.09474144368733495
26.234;0.006708034827354478
26.236;-0.02743573331472246
26.238;-0.022548812045134203
26.240000000000002;-0.0890853858950154
26.242;-0.10269357178773432
26.244;-0.11422117579192592
26.246000000000002;0.033941226489267604
26.248;-0.16126559925270623
26.25;-0.058399051317145505
26.252;-0.022961847486079774
26.254;-0.10952865869959133
26.256;-0.13658580371106688
26.258;-0.16776926610583892
26.26;-0.02507954071247912
26.262;-0.12117838468725538
26.264;0.016537249191189776
26.266000000000002;-0.05981451628350217
26.268;-0.10975187646606639
26.27;-0.10418420468839655
26.272000000000002;-0.10313646045445227
26.274;-0.06791795931077792
26.276;-0.04660515740156122
26.278000000000002;-0.1590405398632687
26.28;-0.10772883544744354
26.282;-0.1387302841245967
26.284;-0.10355628670965417
26.286;0.07356316452676431
26.288;-0.07633605942050459
26.29;-0.02753503650804709
26.292;-0.01690004145109158
26.294;-0.08475988714169537
26.296;-0.11880547076757292
26.298000000000002;0.028028780490482075
26.3;-0.07608592108376486
26.302;-0.05987786693000068
26.304000000000002;-0.08271761987568793
26.306;-0.10093808903733492
26.308;-0.04087424103337589
26.310000000000002;-0.05900838407549151
26.312;-0.10745330601362667
26.314;-0.0882686185736471
26.316;0.01939782151918692
26.318;-0.028200104658408297
26.32;-0.03083661325903342
26.322;-0.06158663471618956
26.324;-0.05294601293041374
26.326;0.006627994481052689
26.328;-0.06494260728565712
26.330000000000002;-0.05712819172731833
26.332;-0.030219507996193284
26.334;-0.03783047887025613
26.336000000000002;-0.07936269859868092
26.338;0.0013111914562702748
26.34;-0.02875904634585657
26.342000000000002;-0.03073331503977615
26.344;-0.046029279775544246
26.346;-0.07676307521353357
26.348;-0.025098124950410583
26.35;-0.11711137364310666
26.352;-0.023527299081536904
26.354;0.031403132477016
26.356;-0.04786530884933127
26.358;-0.02340564156065556
26.36;0.018589168939328438
26.362000000000002;0.0008464320631166797
26.364;0.042197144113040146
26.366;0.11967560600725896
26.368000000000002;0.05681541970184392
26.37;0.14936262795628832
26.372;0.10795596359351513
26.374;0.2201436552385387
26.376;0.27281486011923906
26.378;0.3606119278830259
26.38;0.43755278467649905
26.382;0.5204896502395674
26.384;0.6797379707867255
26.386;0.6200963985239293
26.388;0.7353127974668767
26.39;0.8114751156004255
26.392;0.8148739254701781
26.394000000000002;0.8846277173656742
26.396;0.8967105312183127
26.398;1.0024330774378025
26.400000000000002;0.9317672673807715
26.402;0.9558417777497686
26.404;0.9164907226988477
26.406;0.9423578997489371
26.408;0.7904693226294931
26.41;0.7607297531105427
26.412;0.6426256215067553
26.414;0.6670507906508678
26.416;0.5536575423781926
26.418;0.48119760970046765
26.42;0.516889926824264
26.422;0.507235762419319
26.424;0.2762516234230246
26.426000000000002;0.2868470422455387
26.428;0.2404218209120637
26.43;0.09653861086300544
26.432000000000002;0.17802537626235376
26.434;0.12887642951523604
26.436;0.09888649060319185
26.438;0.04644883080048995
26.44;0.020298636637234566
26.442;0.02900820132511102
26.444;0.030924466439859397
26.446;-0.09062178929797099
26.448;0.01157381472026208
26.45;-0.09353383105808871
26.452;-0.02904733618770059
26.454;-0.09411595666314988
26.456;-0.09162499777380317
26.458000000000002;0.0032860371263321447
26.46;-0.08715664562274311
26.462;-0.057104577256422526
26.464000000000002;-0.03015682525239831
26.466;-0.06728823104552584
26.468;-0.003088719358384076
26.47;-0.04900533619884332
26.472;0.03316439067729244
26.474;-0.046006823290497476
26.476;-0.005071516044521787
26.478;-0.05873994564033827
26.48;-0.08895626517768643
26.482;0.016504008752509985
26.484;0.06563198597175915
26.486;-0.041198885757241135
26.488;-0.09890524140855683
26.490000000000002;-0.04494812644031965
26.492;0.07167842972733571
26.494;-0.11218330255347855
26.496000000000002;-0.08532766741871886
26.498;-0.016101608435142717
26.5;0.04700168571324939
26.502;0.10561187837261839
26.504;-0.061451474436435644
26.506;-0.03457916883580235
26.508;-0.03291180961823061
26.51;-0.02038121985187018
26.512;-0.04210091163563251
26.514;-0.05272101694563699
26.516000000000002;-0.022687522581905536
26.518;-0.07116209228502618
26.52;-0.03449357485964332
26.522000000000002;0.030629164574177394
26.524;-0.09286625613747376
26.526;-0.020689949248854075
26.528000000000002;-0.041219251496524535
26.53;-0.06680855588400533
26.532;-0.012842465043118917
26.534;-0.047796475693031595
26.536;-0.0033342793789227394
26.538;-0.06343613896580973
26.54;-0.019029997915745594
26.542;-0.08051850550073263
26.544;-0.015728591642840514
26.546;-0.0535454556153084
26.548000000000002;-0.02675318398342976
26.55;-0.07666281714324472
26.552;-0.004190236316496121
26.554000000000002;0.015055770062725349
26.556;-0.004894102624216877
26.558;-0.04627661175368582
26.560000000000002;-0.007720983763571242
26.562;-0.042764620047287746
26.564;-0.06474297102867903
26.566;-0.04803432473328191
26.568;0.002931664048091271
26.57;-0.009294182855595768
26.572;-0.08349159734450498
26.574;-0.03681376811014644
26.576;0.02174340306092222
26.578;-0.044506091715112384
26.580000000000002;-0.04600249237200778
26.582;-0.05044971165557373
26.584;0.01367003630592121
26.586000000000002;0.02624477858929975
26.588;0.0285377500424073
26.59;-0.02847526899055457
26.592000000000002;0.07357658129809806
26.594;-0.05443611492480123
26.596;-0.040977914524606716
26.598;-0.06362526818362801
26.6;-0.03405535067760047
26.602;-0.034707730204453835
26.604;-0.015702025736302302
26.606;-0.041308615283956907
26.608;0.0322070463109096
26.61;0.015836200859685796
26.612000000000002;-0.015341797702453362
26.614;-0.12034739628445858
26.616;-0.04370613548081136
26.618000000000002;-0.01669834694575177
26.62;0.07985586884825147
26.622;0.015378773418692603
26.624000000000002;-0.038055383100207056
26.626;0.07488865699018227
26.628;-0.00613916507116204
26.63;0.024703475292270412
26.632;0.09115759031372205
26.634;-0.009058317939014397
26.636;0.021827066563519106
26.638;0.04312157894177221
26.64;0.011724765014727221
26.642;0.011760663502339992
26.644000000000002;-0.010064896067246344
26.646;-0.01767106627290856
26.648;-0.06917466301463386
26.650000000000002;0.05114796767313623
26.652;0.03975483383416278
26.654;0.06436642359002676
26.656;-0.0790239786959605
26.658;0.04006950418390381
26.66;0.015336840758007947
26.662;-0.003739895318689763
26.664;-0.026611650759801125
26.666;0.0036049676918343153
26.668;-0.031978286458743475
26.67;4.157835174945445e-06
26.672;-0.022948037008937015
26.674;-0.07722518816124813
26.676000000000002;0.0801392706808457
26.678;-0.04652752990278472
26.68;0.04267196927529874
26.682000000000002;-0.060866056937725385
26.684;0.028378116696383186
26.686;-0.019669781047465303
26.688;0.05509498237666712
26.69;0.07030373232670835
26.692;0.029358604843630003
26.694;-0.018254516121783762
26.696;-0.023675435554438923
26.698;-0.03285943855860769
26.7;-0.012279717221366677
26.702;0.039418211177462734
26.704;0.03704220129192922
26.706;-0.049281559292721995
26.708000000000002;0.011434514387520507
26.71;0.005014545129947069
26.712;-0.03720825083711095
26.714000000000002;-0.05954524314230894
26.716;-0.027128985010396227
26.718;0.04758287462774727
26.72;-0.04093036485881502
26.722;-0.00749074447547049
26.724;0.015376186055754545
26.726;0.07249329263820806
26.728;-0.04786786333534515
26.73;-0.04373230032306418
26.732;-0.07858540907155723
26.734;0.0027402197303795176
26.736;-0.020950808951061516
26.738;0.11581159753912311
26.740000000000002;0.05735714028866202
26.742;0.06317018345207014
26.744;0.024705642347655286
26.746000000000002;-0.016368334831242705
26.748;0.017858542973661663
26.75;0.016434412995153955
26.752;-0.015765837013762142
26.754;0.0691168454769708
26.756;0.03200340544379056
26.758;0.010743600864594548
26.76;0.008702850623570612
26.762;0.004010560149778564
26.764;-0.023255394260545452
26.766000000000002;0.027094053863651137
26.768;0.07910795365812957
26.77;0.01577481368358264
26.772000000000002;-0.03855883065091585
26.774;0.012171769442624785
26.776;0.07593261642627123
26.778000000000002;0.029749376564474933
26.78;0.11239406704082852
26.782;-0.022121558013514852
26.784;0.03749454223581419
26.786;0.032049446607142804
26.788;0.019945301025818915
26.79;-0.0018623982319968119
26.792;0.04741506884077845
26.794;0.014041854468225158
26.796;0.10476407408615179
26.798000000000002;0.06889484357431225
26.8;0.04169548340979974
26.802;0.02480847933348177
26.804000000000002;0.00690236577646975
26.806;-0.01578248352965098
26.808;0.06854059416714132
26.810000000000002;0.030202153342321597
26.812;0.0886918143486774
26.814;0.05824136248014433
26.816;0.08238207977919594
26.818;0.08229445075131099
26.82;0.05223342991609682
26.822;0.06113014821010859
26.824;0.13980851490462745
26.826;0.007942076609487252
26.828;0.00372710157207198
26.830000000000002;0.16226716238988667
26.832;0.021519987576355995
26.834;-0.059346329105421536
26.836000000000002;0.07328695849710971
26.838;0.06853729082432289
26.84;0.13719955084129903
26.842000000000002;0.022080482779182828
26.844;0.0716056973169934
26.846;-0.008098847872365332
26.848;0.04925678826048662
26.85;0.094294484041473
26.852;0.04193498802523774
26.854;0.09093697159051774
26.856;0.10322809362775223
26.858;0.012158355058098893
26.86;0.02652445103989358
26.862000000000002;0.02331660068415775
26.864;0.028775440112454243
26.866;-0.020737611556417013
26.868000000000002;0.06864761327832125
26.87;0.050254634364670515
26.872;-0.0008701807884705787
26.874000000000002;0.05386520416249559
26.876;0.031144317786159028
26.878;0.05073313694297105
26.88;-0.023533778599377567
26.882;0.09896267384790236
26.884;0.0037412280387099026
26.886;0.025667453080759094
26.888;0.015859254970963098
26.89;0.14035294469753345
26.892;0.05752304769351721
26.894000000000002;0.038979309295798514
26.896;0.0973819003165268
26.898;0.10602367490134014
26.900000000000002;0.049335660691253745
26.902;0.015387509790148562
26.904;-0.0037586801257483704
26.906;0.10768357170154805
26.908;0.020576556497491086
26.91;0.004727167086140328
26.912;0.06413796316805838
26.914;0.08164364314316688
26.916;0.11215500549203537
26.918;-0.0377345357156004
26.92;0.0488793949266997
26.922;0.049242970138735125
26.924;0.11650281230174356
26.926000000000002;0.06627739287394019
26.928;0.005126453281432505
26.93;0.014600072700699546
26.932000000000002;0.05759554039195973
26.934;0.11276004271933945
26.936;0.04390627848252969
26.938;0.06523751439646891
26.94;0.10109976417588362
26.942;0.07707176459042123
26.944;0.08377858278614718
26.946;0.10599420974175375
26.948;0.06280053990145223
26.95;0.019490932906170107
26.952;0.13952476719813683
26.954;-0.007123219221543742
26.956;0.14991522521170242
26.958000000000002;0.04311335787012854
26.96;0.05481979158270335
26.962;0.05491413890419536
26.964000000000002;0.07459779882730436
26.966;0.11701600139908246
26.968;0.058941330607705955
26.97;0.08938844476019794
26.972;-0.006249813273871974
26.974;0.11459422828690866
26.976;0.05395659015622993
26.978;0.08785690564852247
26.98;-0.028714220713850304
26.982;0.09640174193504616
26.984;0.12994566119635897
26.986;0.04081288705440847
26.988;0.06767164528214065
26.990000000000002;0.14800679575253875
26.992;-0.07229936069312883
26.994;0.07291503185899562
26.996000000000002;0.008250676597444676
26.998;-0.005743470243780684
27.0;-0.007020454331336634
27.002;0.01246784559868333
27.004;0.041989487450756605
27.006;0.025265177155096984
27.008;0.08649719701252304
27.01;0.06254154036151024
27.012;-0.023393245967026306
27.014;0.1697368565195812
27.016000000000002;0.066678905567258
27.018;0.14296184279533458
27.02;0.11473580774991288
27.022000000000002;0.062088653091878616
27.024;0.1397288195212546
27.026;0.11148063274173597
27.028000000000002;0.06115559102794064
27.03;0.11534505770134139
27.032;0.058374686616784396
27.034;0.01674397564405134
27.036;-0.03301081072703127
27.038;0.13467564939490323
27.04;0.06581697546395864
27.042;0.14449724393682561
27.044;0.0644227358167609
27.046;-0.014276902489033752
27.048000000000002;0.06952160502192767
27.05;0.06792199178244118
27.052;0.048766962817990714
27.054000000000002;0.0500460788967451
27.056;0.03675991126183881
27.058;0.08647952149962629
27.060000000000002;0.07151898907417334
27.062;0.10547550110357655
27.064;-0.005934928886273658
27.066;0.0791119771223274
27.068;0.015505145362963366
27.07;0.07336053457280914
27.072;0.009471316094267934
27.074;0.09908216402599904
27.076;0.058599624276144006
27.078;0.06128762531985243
27.080000000000002;0.07005092441160943
27.082;0.00814478690199369
27.084;0.19119915348678185
27.086000000000002;-0.03006682474038473
27.088;0.0010249872215508798
27.09;0.04015787549912547
27.092000000000002;0.05554398497311684
27.094;0.16288682266571497
27.096;0.08676520387812742
27.098;0.0006099612940932003
27.1;0.10624079345569384
27.102;0.042192046223881396
27.104;0.06363401423875269
27.106;0.1317530801997664
27.108;-0.0012786798085545198
27.11;-0.010126151614269094
27.112000000000002;0.11279916037180059
27.114;0.08611556515514178
27.116;0.013593886385215186
27.118000000000002;0.12783981256264004
27.12;0.06017942122603891
27.122;0.07080655287176434
27.124000000000002;0.061423260675296416
27.126;0.09922710447918347
27.128;0.14771626026543716
27.13;0.036522385940957934
27.132;0.16180714426461984
27.134;0.07715841120170305
27.136;0.1028757289151345
27.138;0.006596906056467636
27.14;0.01325792244210558
27.142;0.04850314216089662
27.144000000000002;0.1119603122113175
27.146;0.0934130795922081
27.148;0.18205590826365875
27.150000000000002;0.11438769706200992
27.152;0.13515863203671863
27.154;0.01169061560549954
27.156;0.07595271660104577
27.158;0.05513040932991137
27.16;0.17198005750130851
27.162;0.1478629889292566
27.164;0.16647085295096964
27.166;0.2626020318644368
27.168;0.2704376680048053
27.17;0.18376621836561213
27.172;0.2540561950211471
27.174;0.31136228562845736
27.176000000000002;0.3985085225735339
27.178;0.4909575820625958
27.18;0.6985755515651879
27.182000000000002;0.6777748739401992
27.184;0.8029617962211802
27.186;0.7716807921472271
27.188;0.8278799824647627
27.19;0.9341695082093247
27.192;0.9834834469741922
27.194;0.9626266583851629
27.196;1.0235205450483835
27.198;0.981402116448383
27.2;1.0727328859182508
27.202;1.157970841463032
27.204;1.09035147966178
27.206;0.9862488639305443
27.208000000000002;1.0031369139758706
27.21;0.9531095044044148
27.212;0.958214457834565
27.214000000000002;0.7916243803499534
27.216;0.7548730109416859
27.218;0.7286819373935987
27.22;0.49100795083157994
27.222;0.5832706487788707
27.224;0.43944758897057734
27.226;0.365381425566631
27.228;0.28211128770776883
27.23;0.24840743581471447
27.232;0.1884012187367494
27.234;0.2562796059929651
27.236;0.2389932250217729
27.238;0.11975267157289937
27.240000000000002;0.15154745095680605
27.242;0.14632273342836385
27.244;0.23405899645044814
27.246000000000002;0.16597243252753546
27.248;0.07972468346760006
27.25;0.0686942709605859
27.252;0.1562078446970371
27.254;0.07487116158244667
27.256;0.06936439491582397
27.258;0.22354170998998268
27.26;0.12578000010876506
27.262;0.1271137345965016
27.264;0.028445493845183106
27.266000000000002;0.08012132631301268
27.268;0.07824846632919855
27.27;0.034923021151325735
27.272000000000002;-0.01778268635650028
27.274;-0.012641405795259505
27.276;0.0824899881745543
27.278000000000002;0.14575894777195725
27.28;0.14003099890124943
27.282;0.11566777965084744
27.284;0.11587739169650026
27.286;0.12950285687016266
27.288;0.0017654402944339426
27.29;0.12281866609373525
27.292;0.0717267012220551
27.294;0.11316098466440803
27.296;0.09472305274515386
27.298000000000002;0.14284335522273944
27.3;0.21525925494927134
27.302;0.08628793300962494
27.304000000000002;0.275376666246743
27.306;0.055308842174062886
27.308;0.1351050163845038
27.310000000000002;0.10593322827628135
27.312;0.03232012985461455
27.314;0.20500838926089232
27.316;0.14670919998744078
27.318;0.23068897562027751
27.32;0.03290398893775494
27.322;0.17055357537266627
27.324;0.09864228782135277
27.326;0.08296168512418257
27.328;0.15117901257398758
27.330000000000002;0.07514021301285254
27.332;0.08982624772480181
27.334;0.046615803558350905
27.336000000000002;0.03593096084007041
27.338;0.10038926183612351
27.34;0.07330773393809978
27.342000000000002;0.1265972376331832
27.344;0.0789141452868086
27.346;0.07982478777898322
27.348;0.1408093329699134
27.35;0.1497094633717058
27.352;0.13355160389156553
27.354;0.01622754376638566
27.356;0.16511376249276835
27.358;0.12431174641940582
27.36;-0.021821255916438423
27.362000000000002;-0.04210089159482662
27.364;0.07650486070840522
27.366;0.10899891758964594
27.368000000000002;0.0745263794072931
27.37;0.061524661121233414
27.372;0.09213994117350816
27.374000000000002;0.09812702179922994
27.376;0.19715775400166533
27.378;0.1483796733714766
27.38;0.1024115334474637
27.382;0.06332648049364167
27.384;0.0024607924337617937
27.386;0.022002050554349423
27.388;0.07382439810147497
27.39;0.077200684196478
27.392;0.12183347455791463
27.394000000000002;0.17664009037933015
27.396;0.06251972027742492
27.398;0.11231234057184651
27.400000000000002;0.14033527308624333
27.402;0.1432414080919658
27.404;0.09952189119062214
27.406;0.14876851257278442
27.408;0.13833319079022913
27.41;0.03907575518077351
27.412;0.1365766621986434
27.414;0.059127414680706356
27.416;0.0862789412978166
27.418;0.09258139326094107
27.42;0.07536828116279598
27.422;0.06463839725495689
27.424;0.06152737753088553
27.426000000000002;0.050043994471684956
27.428;0.10674629449559297
27.43;0.12678472047674186
27.432000000000002;0.07863009426586687
27.434;0.06340325491813303
27.436;0.12250113731886235
27.438;0.028991476633456068
27.44;0.1373473611125776
27.442;0.09414449520144821
27.444;0.18268605968881302
27.446;0.1524979344039935
27.448;0.0971472916014257
27.45;0.12344954568121567
27.452;0.05834339341178054
27.454;0.10267317364831446
27.456;0.07541226038018507
27.458000000000002;0.14152431434073331
27.46;0.10741931297138704
27.462;0.13323960314487812
27.464000000000002;0.19321822460051666
27.466;0.15490274844517082
27.468;0.06697629657659984
27.47;0.03886683380532741
27.472;0.036795432825429034
27.474;0.11285338268251373
27.476;0.03742770531413731
27.478;0.11907874181396533
27.48;0.10804446835494147
27.482;0.15669436857709063
27.484;0.08080208549876197
27.486;0.09790652580060602
27.488;0.09393400356817475
27.490000000000002;0.06849683952330385
27.492;0.11077947690431639
27.494;0.17338560034565542
27.496000000000002;0.13029211984415973
27.498;0.19975593088268523
27.5;0.1301835503378702
27.502;0.20113732693524103
27.504;0.08840837048552319
27.506;0.13680183987634403
27.508;0.19036002508285887
27.51;0.08943625328438791
27.512;0.062170994539048806
27.514;0.1837546365639749
27.516000000000002;0.11350405620590757
27.518;0.12088206956903937
27.52;0.07492655084059945
27.522000000000002;0.13695835212293955
27.524;0.06610635284404259
27.526;0.06290067889078267
27.528000000000002;0.13218629788823993
27.53;-0.012111673095272987
27.532;0.15517559120222485
27.534;0.10014518687684061
27.536;0.07721028676994922
27.538;0.08796432099558951
27.54;0.11645991965860028
27.542;0.034745253028786394
27.544;0.18478893667830573
27.546;0.1265175913242722
27.548000000000002;0.05558239109074337
27.55;-0.026404270594724694
27.552;0.050352796406995026
27.554000000000002;0.1143120566119621
27.556;0.033466039699897865
27.558;0.09717126040064214
27.560000000000002;0.15605558299935784
27.562;0.07465087692024372
27.564;0.1291630685116884
27.566;0.048535026887325375
27.568;0.08445083555278146
27.57;0.1164996223205655
27.572;0.09353988136722163
27.574;0.08436296078076941
27.576;0.013543606466798655
27.578;0.04877659299953736
27.580000000000002;0.0555412835579332
27.582;0.13800002266665706
27.584;0.16375092538707092
27.586000000000002;0.08074696530302454
27.588;0.08534848568651487
27.59;0.10641111535916378
27.592000000000002;0.13473466487052088
27.594;0.05182605214276198
27.596;0.13971552510333632
27.598;0.17276444923000736
27.6;0.14662578143320476
27.602;0.09186389552985605
27.604;0.06671693370370568
27.606;0.04252888326649936
27.608;0.07005255589900794
27.61;0.11227172874122564
27.612000000000002;0.08683662186959826
27.614;0.10193868205039917
27.616;0.12712042628182918
27.618000000000002;0.1013001603595729
27.62;0.09148669340148673
27.622;0.11129161076353522
27.624000000000002;0.08212592401043367
27.626;0.0984740875122871
27.628;0.10500239093193284
27.63;0.12977559182549553
27.632;0.059929934381380875
27.634;0.13551657849340937
27.636;0.19657750532522322
27.638;0.14034032384746847
27.64;0.10301147878436417
27.642;0.1682520392355908
27.644000000000002;0.10141717664357199
27.646;0.21681043254566668
27.648;0.14566632961469148
27.650000000000002;0.1247043236168077
27.652;-0.02299791833538796
27.654;0.10962411921078018
27.656;0.1489667914287981
27.658;0.115891622163791
27.66;0.05490253512739439
27.662;-0.00326920568042903
27.664;0.14781876331941068
27.666;0.07880700301269015
27.668;0.06693268230744595
27.67;0.07916334036059156
27.672;0.04810396084063417
27.674;0.15145687192620352
27.676000000000002;0.0550152296676953
27.678;0.04797001684558807
27.68;0.17967305419878402
27.682000000000002;0.1718875831954591
27.684;0.1558222764994128
27.686;0.12129516154970837
27.688;0.04179062689869513
27.69;0.058600067508834015
27.692;0.17484910943007237
27.694;0.10792795454764333
27.696;0.1146922667247035
27.698;0.0671290976034756
27.7;0.08482573065457438
27.702;0.03206159232359485
27.704;0.09461595673492905
27.706;0.08162783732230317
27.708000000000002;0.08094256434994523
27.71;0.1196956064640734
27.712;0.12178969917344216
27.714000000000002;0.03604143990701306
27.716;0.1276415095151232
27.718;0.1406695370043783
27.72;0.12234097179587929
27.722;0.19708396569897618
27.724;0.04081819956206385
27.726;0.13268107462059514
27.728;0.0628048614160714
27.73;0.1507513532699051
27.732;0.1774520796512316
27.734;0.08599038658857815
27.736;-0.0035287257306312186
27.738;0.010503576101406925
27.740000000000002;0.10347597909964118
27.742;0.15833485516199008
27.744;0.0405075872953483
27.746000000000002;0.05551500358565824
27.748;0.06714346788874095
27.75;0.11173568909929754
27.752;0.11378576163867699
27.754;0.11783623125891296
27.756;0.1631720934540403
27.758;0.11624968540610542
27.76;0.18715201552817223
27.762;0.1265385848946719
27.764;0.12305254710154581
27.766000000000002;0.031178907554690133
27.768;0.053620302791427175
27.77;0.06050989467639879
27.772000000000002;0.033218571566479255
27.774;0.06713542440595943
27.776;0.10465006497773757
27.778000000000002;0.09304852201189244
27.78;0.07827517872109216
27.782;0.12985816276844436
27.784;0.054197448697030144
27.786;0.10381303920860108
27.788;0.05130462747570138
27.79;0.09559720115322867
27.792;0.09440608360001551
27.794;0.10032456855938542
27.796;-0.002542728639101835
27.798000000000002;0.0665136398396054
27.8;0.1518478661077809
27.802;0.11564419786890351
27.804000000000002;0.0691774104372378
27.806;0.05409770470051553
27.808;0.109691988047101
27.810000000000002;0.08887866537758915
27.812;0.17505045233103422
27.814;0.17888752974388197
27.816;0.15120508904999064
27.818;0.10857032952017162
27.82;-0.013914989233689432
27.822;0.05564892660864672
27.824;0.14203455232872
27.826;0.08904000923489458
27.828;0.05838470522064543
27.830000000000002;0.09067258575997716
27.832;0.07692348203097109
27.834;0.13556132470443027
27.836000000000002;0.0467749264458355
27.838;0.023350440055860615
27.84;0.013450421395620318
27.842000000000002;0.0321472090473903
27.844;0.0851689358035443
27.846;0.06678935795975066
27.848;0.1383057269881212
27.85;0.18091807850170677
27.852;0.07195028732952205
27.854;0.002899515239444317
27.856;0.12184228345856765
27.858;0.14183891576167415
27.86;0.08135721261619355
27.862000000000002;0.17033563746536354
27.864;0.04442260470590765
27.866;0.06144422480107267
27.868000000000002;0.1184075684921102
27.87;0.11520612121201007
27.872;0.08613249292373257
27.874000000000002;0.08536225135642998
27.876;0.13176919665627454
27.878;0.03020441471734911
27.88;0.10667847572875147
27.882;0.17918687474014744
27.884;0.033149153423014305
27.886;0.10363337542828858
27.888;0.11889957551070603
27.89;0.04574836373539311
27.892;0.045037574963720114
27.894000000000002;0.07680604439332717
27.896;-0.002264485646152989
27.898;0.10052787347604675
27.900000000000002;0.12083409068034771
27.902;0.0866152669525633
27.904;-0.011861685620431675
27.906;0.051741251022213
27.908;0.12437381389691972
27.91;0.09026398230822467
27.912;0.07147846926046557
27.914;0.021889213019486153
27.916;0.09329787433440616
27.918;0.1364355930767141
27.92;0.0665978429111588
27.922;0.020348120567957977
27.924;0.12347713985151967
27.926000000000002;0.03617304310436659
27.928;0.02468763645513935
27.93;0.07004496559500342
27.932000000000002;0.08333747651212357
27.934;0.06137687892769389
27.936;0.09148154879772173
27.938;0.03437323384679222
27.94;0.0612207079924095
27.942;0.09681281693149141
27.944;0.049462694888882074
27.946;0.07938721090399514
27.948;0.10463582194498985
27.95;0.13830013630747168
27.952;0.13983745198133637
27.954;0.030827031412604178
27.956;0.11174285149421267
27.958000000000002;0.1630754663593365
27.96;0.01487636262613222
27.962;0.17452246253440024
27.964000000000002;0.14915218356911986
27.966;0.19395977170308068
27.968;0.21585193998010632
27.97;0.24871012558654848
27.972;0.2604336079047841
27.974;0.3868881348875669
27.976;0.39640526612218474
27.978;0.5307523238014352
27.98;0.49122158832275836
27.982;0.4984997264917158
27.984;0.7143691081970602
27.986;0.7677577019493661
27.988;0.8122391865013802
27.990000000000002;0.8886672147284596
27.992;0.888736912893095
27.994;1.0134799561954049
27.996000000000002;1.057400226431131
27.998;1.1622107447054861
28.0;1.0479386353956521
28.002;0.9958972656421347
28.004;0.9698141542081797
28.006;0.9240692728847658
28.008;0.9347072960739238
28.01;0.8571105380514978
28.012;0.8061082525336074
28.014;0.8398604111461847
28.016000000000002;0.7538730495981277
28.018;0.5811370845215116
28.02;0.6063375367647519
28.022000000000002;0.46274423431275813
28.024;0.46517850118159454
28.026;0.4153365327913774
28.028000000000002;0.31639202542876693
28.03;0.2093544839494433
28.032;0.19210755481066633
28.034;0.15256529057244927
28.036;0.10011984410113006
28.038;0.1349340382307661
28.04;0.2407106819963592
28.042;0.029454705660000212
28.044;0.1344211525430789
28.046;0.0568306450455609
28.048000000000002;-0.033009163121409814
28.05;0.0266943289153289
28.052;-0.006944146267931169
28.054000000000002;0.130729600915762
28.056;0.07256950020453865
28.058;0.08509591109484571
28.060000000000002;0.06067471094416606
28.062;0.01882123342224458
28.064;0.11336559338022378
28.066;-0.0065201382053778414
28.068;0.13182554962471327
28.07;0.07544775177459082
28.072;0.10195120170504071
28.074;0.08545341792821655
28.076;0.07147118152743884
28.078;0.07940555572554073
28.080000000000002;0.08388096122845326
28.082;0.017256149716394772
28.084;-0.014149889099358937
28.086000000000002;0.03056341573128976
28.088;0.11781319550061631
28.09;-0.08457337501196091
28.092000000000002;0.1078282204566141
28.094;-0.03742904308326622
28.096;0.029985047451638235
28.098;-0.021041964600464494
28.1;0.019611165167190275
28.102;0.02695788976836077
28.104;-3.657932883970039e-05
28.106;0.007545524970658371
28.108;0.018544258820812363
28.11;0.021238431851280413
28.112000000000002;-0.02723700386917221
28.114;0.07393970732211208
28.116;-0.009587388956392176
28.118000000000002;0.11807449975856704
28.12;0.030427858958772227
28.122;0.013080068391357173
28.124000000000002;0.005256028350434164
28.126;-0.041394373463496725
28.128;0.02483421482633049
28.13;-0.011329710380731127
28.132;-0.020229052516594404
28.134;0.006141970862100436
28.136;-0.03689855221376634
28.138;0.06828275165162814
28.14;0.03487613547044967
28.142;0.06013714539361368
28.144000000000002;0.08084657678901083
28.146;0.08217902397073792
28.148;-0.027127594229368605
28.150000000000002;0.02928545593110951
28.152;0.08773542559572545
28.154;0.028268337316796684
28.156000000000002;0.1058889609024233
28.158;-0.02237589748767567
28.16;-0.00041437043775958277
28.162;0.04971946359668869
28.164;0.09874748777466011
28.166;0.07025834993948989
28.168;0.018706523941383765
28.17;0.0227098312474026
28.172;0.027092436040836644
28.174;0.015203030912308332
28.176000000000002;0.0895731300109822
28.178;0.005706109674732448
28.18;0.034119083989016474
28.182000000000002;0.07388108257896207
28.184;0.054373012480897445
28.186;0.0383408836140694
28.188;-0.09836445895065195
28.19;0.05442076450321896
28.192;0.03375537129554594
28.194;0.012486710525584404
28.196;0.04764261168612437
28.198;0.14822453663161114
28.2;0.01526133441434503
28.202;-0.015496418552214865
28.204;0.035713436264952034
28.206;0.06359760605388347
28.208000000000002;-0.06600752263172086
28.21;0.012314303965387442
28.212;-0.00669576728454236
28.214000000000002;0.05155289876738088
28.216;0.02890927798048447
28.218;0.028743396726906567
28.22;0.09065517163361632
28.222;0.01666914500649563
28.224;0.0320511843983927
28.226;-0.025920147820803856
28.228;-0.017121631449548116
28.23;-0.021113932583164054
28.232;-0.04652881748175591
28.234;0.03791653962427814
28.236;0.01733278751852251
28.238;0.05759993255285469
28.240000000000002;-0.011904362962378803
28.242;0.02651099437186461
28.244;0.03441390113868119
28.246000000000002;0.01571958393819859
28.248;0.04674180678086279
28.25;0.03749710725302456
28.252;0.013221704563457892
28.254;0.0335677761354544
28.256;-0.04937976483145984
28.258;-0.01230500011695226
28.26;0.0343149688844977
28.262;0.016873273750533588
28.264;0.012613010591513422
28.266000000000002;7.381064327180442e-05
28.268;-0.028840888270901262
28.27;0.05561124594908709
28.272000000000002;0.08560675790857139
28.274;0.0409182158861874
28.276;0.018409282004708153
28.278000000000002;-0.04362992355385701
28.28;0.03716563759011057
28.282;-0.014502738796914494
28.284;-0.03129506256047002
28.286;-0.06918069281003109
28.288;0.10055220557913318
28.29;-0.016841440134320894
28.292;0.004751500226642762
28.294;-0.01384073118603342
28.296;-0.021622014103716704
28.298000000000002;0.025667905817611043
28.3;0.008784865935340244
28.302;-0.04408199351112644
28.304000000000002;0.01737869727729734
28.306;0.027163736235670317
28.308;-0.1314777880594296
28.310000000000002;0.05305279660407176
28.312;-0.05210762741698718
28.314;0.041194746369754474
28.316;0.01375240305373723
28.318;0.011464510518015383
28.32;0.0046921141949741825
28.322;-0.00591687798636204
28.324;0.05263196312811461
28.326;-0.10055981159477896
28.328;-0.004278880548538734
28.330000000000002;0.05569766726123668
28.332;0.044888102450824016
28.334;-0.08763154664333761
28.336000000000002;0.050751723142590376
28.338;-0.0008478234862271785
28.34;-0.008364929088331276
28.342000000000002;-0.034331022063884144
28.344;0.03816595735594646
28.346;0.0556468652776068
28.348;0.04260103080915756
28.35;-0.0009968098501363406
28.352;0.032727378772973846
28.354;0.026397049490659887
28.356;0.08265536665730892
28.358;0.007372246477839758
28.36;-0.14859370009896763
28.362000000000002;-0.11861951766974384
28.364;0.030193133840302932
28.366;-0.09702737183435835
28.368000000000002;0.023161659732901678
28.37;-0.031450978733959564
28.372;0.06294794538728178
28.374000000000002;0.02298655782030065
28.376;0.04835626183358567
28.378;0.07064546946233896
28.38;0.0050469015479778535
28.382;-0.06055678859697277
28.384;0.061171405232823904
28.386;-0.01426238890354263
28.388;0.015683729406528638
28.39;-0.016766876666377294
28.392;-0.11806972688716741
28.394000000000002;-0.055600567377996506
28.396;0.09000712593807403
28.398;-0.03958445488092228
28.400000000000002;-0.08582114502518262
28.402;-0.011952487024028997
28.404;-0.046535048934988846
28.406000000000002;0.015617608132520208
28.408;0.06092443441116052
28.41;0.044797241466315946
28.412;0.0072362218750289566
28.414;-0.06751496360556793
28.416;0.048453933168987565
28.418;-0.033401182932581236
28.42;-0.09572578173464089
28.422;-0.004076739406901153
28.424;-0.043556893245841055
28.426000000000002;-0.08203313162173392
28.428;-0.005537432825077534
28.43;-0.052815049830844125
28.432000000000002;0.010182900429066874
28.434;-0.03995458231283858
28.436;0.03604977009327704
28.438;0.011029338818165934
28.44;-0.057388134526099394
28.442;0.006787245925414402
28.444;-0.026656338259658224
28.446;0.04321474028532732
28.448;0.004518252084980499
28.45;-0.06419340142353804
28.452;-0.04394427812689738
28.454;-0.0745417587278294
28.456;0.09693423724297243
28.458000000000002;-0.06120636942709244
28.46;0.011934653536617386
28.462;-0.05390233587637625
28.464000000000002;0.003141037347387292
28.466;-0.050983632997237086
28.468;-0.02340912561288141
28.47;0.027929136831442887
28.472;-0.11619803870954473
28.474;0.04859090185207236
28.476;-0.06367673911922801
28.478;-0.055815186370940024
28.48;-0.028374097985017784
28.482;-0.016816615957879928
28.484;-0.010598308855316204
28.486;-0.08165247796172276
28.488;-0.06752962181232136
28.490000000000002;0.011628757639340431
28.492;-0.047644530977693056
28.494;0.02436600170421478
28.496000000000002;-0.09197607128112434
28.498;0.04468580895108892
28.5;-0.008456218887436792
28.502;-0.04689110389982731
28.504;0.09573405226656367
28.506;-0.09267751603171812
28.508;-0.08251973805089596
28.51;0.055937007326398204
28.512;-0.03361747709277671
28.514;0.013373835014325534
28.516000000000002;-0.02039916054561665
28.518;0.0861088769014502
28.52;0.006818931468032724
28.522000000000002;-0.0221692357924176
28.524;0.011003489276527417
28.526;-0.04907951362031513
28.528000000000002;-0.07073676702858381
28.53;-0.06928576476512419
28.532;-0.09577418655170153
28.534;-0.04834796037808263
28.536;-0.12182149177567626
28.538;-0.022656119027487563
28.54;0.04075330892955003
28.542;0.051356240795209576
28.544;-0.003064267781223838
28.546;-0.038878789321102586
28.548000000000002;-0.07198443049094899
28.55;-0.010475873460217604
28.552;-0.11547790351800566
28.554000000000002;-0.040943469957388005
28.556;-0.07237861043687979
28.558;-0.003977109491725125
28.560000000000002;-0.1201339987529183
28.562;-0.11049253802073622
28.564;-0.055025809271079466
28.566;-0.045861332184825375
28.568;-0.01959485958075977
28.57;-0.05996811207340795
28.572;-0.06068606413831874
28.574;-0.04046253527002669
28.576;-0.11074551542543769
28.578;-0.09350189029651933
28.580000000000002;0.011818651919809464
28.582;-0.034540617855031416
28.584;-0.12298897154856453
28.586000000000002;-0.06818935404794438
28.588;-0.07378669593301944
28.59;-0.07746558007801754
28.592000000000002;-0.06019086924369363
28.594;-0.01581754164319628
28.596;-0.060710428342261896
28.598;-0.04641434738898336
28.6;-0.07283276457926163
28.602;-0.08112013454966382
28.604;-0.09175274134457402
28.606;-0.0029524573750093763
28.608;-0.021192776531456847
28.61;-0.0979466769342231
28.612000000000002;-0.05609721327986191
28.614;-0.12153666397029277
28.616;-0.03978315030193502
28.618000000000002;0.008649139273766898
28.62;-0.03267609018633361
28.622;-0.06681401357898045
28.624000000000002;-0.07596667384005618
28.626;-0.10676183584787025
28.628;-0.020403489837456365
28.63;-0.037737803054836205
28.632;-0.09328215223468184
28.634;-0.05572422630259878
28.636;-0.01701995842472568
28.638;-0.005787718262759006
28.64;-0.06299471427837704
28.642;-0.10100075533463691
28.644000000000002;-0.12832266014903093
28.646;0.007037852838654338
28.648;0.016717253655310134
28.650000000000002;-0.07252466876958745
28.652;0.0017049256402102211
28.654;-0.1156637614050707
28.656000000000002;-0.0723355628541932
28.658;-0.11648272073801384
28.66;0.0037190189345950447
28.662;-0.03581585078420503
28.664;-0.13823074745012637
28.666;-0.055880893829396115
28.668;-0.093917988263385
28.67;-0.157377311060091
28.672;0.025877521564439114
28.674;-0.14329051193985826
28.676000000000002;-0.05404763008381695
28.678;-0.022735463153659936
28.68;-0.10398167049334062
28.682000000000002;-0.11339690524920973
28.684;-0.0919751198338471
28.686;-0.015621139000015744
28.688;0.0194602852486742
28.69;-0.05506440775304479
28.692;0.009522517911960696
28.694;-0.08917003891762246
28.696;-0.09168903539793151
28.698;-0.10174653796208352
28.7;-0.08510334496024627
28.702;-0.1148726856147007
28.704;0.004998765234793021
28.706;-0.035126790514922665
28.708000000000002;-0.027649051773706836
28.71;-0.09405539447293426
28.712;-0.02456704431715788
28.714000000000002;-0.07715202486142082
28.716;-0.14771021928195424
28.718;-0.05797785616343816
28.72;-0.062488413916694775
28.722;-0.0628525513101492
28.724;-0.04679216346361231
28.726;0.011937762304433386
28.728;-0.07304443122714678
28.73;-0.10282151328112121
28.732;-0.11479033970521843
28.734;-0.0014472934051670688
28.736;-0.03732344726868101
28.738;-0.030803283305098517
28.740000000000002;0.050208947417026015
28.742;-0.12629783893851404
28.744;-0.12773232070063412
28.746000000000002;-0.07446721091517478
28.748;-0.03992443658442173
28.75;0.017977983569022457
28.752;-0.08083414688322482
28.754;-0.08546832584489422
28.756;-0.005429495539432519
28.758;-0.010177604831941009
28.76;-0.0046639253224275146
28.762;-0.006344513584040659
28.764;0.03216035723192848
28.766000000000002;0.09650685334654738
28.768;0.04721674331767668
28.77;0.10890473031845894
28.772000000000002;0.08681826270467917
28.774;0.2954076336590262
28.776;0.3582825371009082
28.778000000000002;0.32644008814724446
28.78;0.35741804174698116
28.782;0.4420602316274961
28.784;0.6110502736077265
28.786;0.5933503858790193
28.788;0.6420861133821588
28.79;0.7989479926545359
28.792;0.8293843389981812
28.794;0.8606380413932455
28.796;0.830754875272173
28.798000000000002;0.945957237011869
28.8;0.8972217050365048
28.802;0.9550806009497305
28.804000000000002;0.811124180324857
28.806;0.9185405609003946
28.808;0.812153122351516
28.810000000000002;0.8329162598057969
28.812;0.7196105842153647
28.814;0.6072018375927256
28.816;0.5901166566621449
28.818;0.536562371223183
28.82;0.40658918004096
28.822;0.3388213153829137
28.824;0.30760547629458085
28.826;0.18563290183849807
28.828;0.13681558927591994
28.830000000000002;0.09613017853955177
28.832;0.09989537932234158
28.834;0.0872513285276775
28.836000000000002;0.09844586923070678
28.838;0.10868717702425595
28.84;-0.028317895124809124
28.842000000000002;-0.026066163929625012
28.844;-0.05409134309931993
28.846;-0.07790049353901075
28.848;-0.03076160850626268
28.85;-0.11398755530210597
28.852;-0.061685474817704505
28.854;0.047640563628248436
28.856;-0.15230974440782036
28.858;-0.09521209950750052
28.86;0.03584938199444124
28.862000000000002;-0.09237538593676557
28.864;-0.01697341106088901
28.866;-0.11660835720347312
28.868000000000002;-0.05601711415880816
28.87;-0.07714114408020617
28.872;-0.10201437105387601
28.874000000000002;-0.08483905603643503
28.876;-0.04370973873138153
28.878;-0.1051619668700116
28.88;-0.1049257295176827
28.882;-0.14962146621793684
28.884;-0.07899160566964618
28.886;-0.16586757752708403
28.888;-0.09742454887177879
28.89;-0.14657775992859703
28.892;-0.1741926087363052
28.894000000000002;-0.11639941004599369
28.896;-0.07004515421799618
28.898;-0.16365673749351664
28.900000000000002;-0.02430706763044778
28.902;-0.052480544022099146
28.904;-0.10158236051401888
28.906000000000002;-0.1587084410184604
28.908;-0.13001813121477163
28.91;-0.026942503496988138
28.912;-0.06842290849034303
28.914;-0.10230376831278053
28.916;-0.029520998651007664
28.918;-0.07918408352355275
28.92;-0.03590166578321227
28.922;-0.07581899941732956
28.924;-0.07924997628837603
28.926000000000002;-0.026468276780234543
28.928;-0.0941371665268755
28.93;-0.09895447052876355
28.932000000000002;-0.030863899154727564
28.934;-0.07498233796007842
28.936;-0.09464420727185421
28.938;-0.05071432219999617
28.94;-0.024862023470437353
28.942;-0.056075462558557644
28.944;-0.038252319573901766
28.946;0.023848302591573778
28.948;-0.10021037129575448
28.95;-0.07445998673771757
28.952;-0.09995290241621552
28.954;-0.07377493787601577
28.956;-0.09157186729897346
28.958000000000002;-0.032256296804024115
28.96;-0.07521888811715556
28.962;-0.07516043418706837
28.964000000000002;-0.06990085847388992
28.966;-0.12069511302169915
28.968;-0.11075901943670366
28.97;-0.13992850410412078
28.972;-0.05376218567114306
28.974;-0.18605380731429988
28.976;-0.11576380589159631
28.978;-0.06267995104229546
28.98;-0.12650587394578952
28.982;-0.11740850667136864
28.984;-0.1561978705256113
28.986;-0.09771187348366052
28.988;0.005136212602551357
28.990000000000002;-0.07209164967792114
28.992;-0.11201462733726275
28.994;-0.08118097791570189
28.996000000000002;-0.01964711949583596
28.998;-0.016237022086521863
29.0;-0.07749968252229188
29.002;-0.08583839766633782
29.004;-0.15092831055301176
29.006;-0.08830850428212446
29.008;-0.11589849527301643
29.01;-0.024473449374834005
29.012;-0.08954532711881308
29.014;-0.24712463025586368
29.016000000000002;-0.08169510071526428
29.018;-0.1503693769895921
29.02;-0.06637233863647811
29.022000000000002;-0.15111729695433584
29.024;-0.012842548679597984
29.026;-0.21084722952734036
29.028000000000002;-0.12280103396149013
29.03;-0.09946215844422254
29.032;-0.031688597545222755
29.034;-0.11684474107058103
29.036;-0.10187943297750264
29.038;-0.057102313345709046
29.04;0.04255457424222217
29.042;-0.09717890399812558
29.044;-0.1007247798451328
29.046;-0.13980941601372635
29.048000000000002;-0.08557475584467063
29.05;-0.029443590321926144
29.052;-0.11777174922636773
29.054000000000002;-0.12428265218118625
29.056;-0.1092130490350182
29.058;-0.10537928064129863
29.060000000000002;-0.19452874641942566
29.062;-0.14158403364277178
29.064;-0.09552138163205375
29.066;-0.06674656753972202
29.068;-0.08012046192437287
29.07;-0.02464691121624961
29.072;-0.11681320373635036
29.074;-0.10212960474171032
29.076;-0.14752254075178928
29.078;-0.13019321251967986
29.080000000000002;-0.06742322540162295
29.082;-0.08215768100865076
29.084;-0.06433709547466186
29.086000000000002;-0.1107794690534368
29.088;-0.1652884905406479
29.09;-0.10152160060695282
29.092000000000002;-0.05391212550740068
29.094;-0.03709158977734657
29.096;-0.1396647978526948
29.098;-0.08361564954386504
29.1;-0.08296813158360258
29.102;-0.1336612877764251
29.104;-0.05555087227916985
29.106;-0.08226298227965924
29.108;-0.051878577302528775
29.11;-0.11653225916986606
29.112000000000002;-0.1892325905046996
29.114;-0.037628641077486716
29.116;-0.15767325720750194
29.118000000000002;-0.07774198015552647
29.12;-0.10860513566402195
29.122;-0.23210179620936366
29.124000000000002;-0.10081595683052542
29.126;-0.07788048984875523
29.128;-0.11974803979687623
29.13;-0.1929049146329546
29.132;-0.061625357400493505
29.134;-0.13945642892353116
29.136;-0.10597670786888834
29.138;0.0014477431947330366
29.14;-0.02700075686248643
29.142;-0.11308198910379691
29.144000000000002;-0.05521333564459478
29.146;-0.09175100679043972
29.148;-0.17992554510015102
29.150000000000002;-0.11338455931656849
29.152;-0.06763239428675114
29.154;-0.1411566336100511
29.156000000000002;-0.09910924612872149
29.158;-0.05663954643891866
29.16;-0.09807684789561538
29.162;-0.03355173577968726
29.164;-0.12009058544832187
29.166;-0.09531816099731617
29.168;-0.1200131867838071
29.17;-0.08786282098094506
29.172;-0.11118760663185745
29.174;-0.08480160975632436
29.176000000000002;-0.07361152521422655
29.178;-0.15767779876357896
29.18;-0.13631355978458176
29.182000000000002;-0.10902079504071546
29.184;-0.1505428595726049
29.186;-0.05573124983271076
29.188;-0.17281208443339413
29.19;-0.14818378534496326
29.192;-0.03819529442722875
29.194;-0.07162787217234949
29.196;-0.06728095425585753
29.198;-0.18130336182513285
29.2;-0.0232476586579016
29.202;-0.08167103149300423
29.204;-0.071852273340637
29.206;-0.09065065322748495
29.208000000000002;-0.13028862103828204
29.21;-0.04282008346149313
29.212;-0.039281099009615225
29.214000000000002;-0.134537534449162
29.216;-0.1514433457021083
29.218;-0.1072516966295798
29.22;-0.015071959763855891
29.222;-0.04481121342606596
29.224;-0.1086689052015294
29.226;-0.09085360176625842
29.228;-0.04288140960700155
29.23;-0.11772728422836423
29.232;-0.10885804051300771
29.234;-0.09990375532697965
29.236;-0.1167343396950515
29.238;-0.10557444039404769
29.240000000000002;-0.16502626475391774
29.242;-0.09922877648295846
29.244;-0.08117126142074006
29.246000000000002;-0.06723998835621016
29.248;-0.1377955430813696
29.25;-0.10609320128464433
29.252;-0.0821470423180997
29.254;-0.05610215179105649
29.256;-0.13044923797871597
29.258;-0.10160623573363878
29.26;-0.10536493782783697
29.262;-0.15308686571801158
29.264;-0.10938750986104923
29.266000000000002;-0.029955710946394945
29.268;-0.1559289647648439
29.27;-0.05640733679317203
29.272000000000002;-0.08364914293696796
29.274;-0.13725539954367688
29.276;-0.12695786857267125
29.278000000000002;-0.05551776559758105
29.28;-0.09468388227926185
29.282;-0.05083778913810312
29.284;-0.14575934201076893
29.286;-0.1085524427982597
29.288;-0.13592374648464467
29.29;-0.06239750507343643
29.292;-0.13557723029367208
29.294;-0.14326714970198973
29.296;-0.08201155599245734
29.298000000000002;-0.0738763679552914
29.3;-0.17214490065535015
29.302;-0.08596309621804316
29.304000000000002;-0.162067088805125
29.306;-0.06727742907290611
29.308;-0.09412592251210138
29.310000000000002;-0.06802500992743635
29.312;-0.09610091681228156
29.314;-0.11368168903302149
29.316;-0.07766705011197708
29.318;-0.054208956297903635
29.32;-0.10077075128822593
29.322;0.006779889433596961
29.324;-0.12249444083199278
29.326;-0.08818509135822622
29.328;-0.11397034411974907
29.330000000000002;-0.05563623417165931
29.332;-0.029434418803535825
29.334;-0.054688686491448146
29.336000000000002;-0.1416818238338004
29.338;-0.1003889292249253
29.34;-0.07812245671128365
29.342000000000002;-0.04656549222218585
29.344;-0.08886851043650285
29.346;-0.13482313436258136
29.348;-0.18522120389152333
29.35;-0.09310509078347207
29.352;-0.17118948667290845
29.354;-0.13462177562223437
29.356;-0.06527504168790127
29.358;-0.13010145917040872
29.36;-0.15457631074083103
29.362000000000002;-0.1743317409012665
29.364;-0.11920294529960859
29.366;-0.08495813892054434
29.368000000000002;-0.12847307781069545
29.37;-0.1344647585970872
29.372;-0.09570727388016557
29.374000000000002;-0.0015887432133183943
29.376;-0.11178590091332007
29.378;-0.11901953144614236
29.38;-0.11213952863469435
29.382;-0.10836624436783766
29.384;-0.11064492245091823
29.386;-0.10932543511658992
29.388;-0.1237681829296764
29.39;-0.11772090721082823
29.392;-0.05840853469539163
29.394000000000002;-0.04805351072035978
29.396;-0.05212695048728863
29.398;-0.17003127418082437
29.400000000000002;-0.16819788988556053
29.402;-0.05814832956442342
29.404;0.012741328819667289
29.406000000000002;-0.03788303423994325
29.408;-0.13183571697154778
29.41;-0.17025053873564272
29.412;-0.07992323259720874
29.414;-0.05759536231242172
29.416;-0.05410818656034993
29.418;-0.09425976598020813
29.42;-0.09078172520462609
29.422;0.06746356103003946
29.424;-0.11081978740369333
29.426000000000002;0.020315793603405408
29.428;-0.07389254810595787
29.43;-0.03062041087056125
29.432000000000002;-0.04958586500362738
29.434;-0.06930312589684609
29.436;-0.031169446004386127
29.438000000000002;-0.07503445130884011
29.44;-0.04418342094817257
29.442;-0.24423097620256234
29.444;-0.15817234779811412
29.446;-0.09404609476701344
29.448;-0.15613755524291856
29.45;-0.1869184849695637
29.452;-0.07517783646609905
29.454;-0.013479575570139846
29.456;-0.06064424513172395
29.458000000000002;-0.0863289566942273
29.46;-0.09069252718232768
29.462;-0.03551875167997533
29.464000000000002;-0.10392746483834535
29.466;-0.06982031527632196
29.468;0.006452479930247515
29.47;-0.11249006363484146
29.472;-0.12941410556591912
29.474;-0.03886954399578929
29.476;-0.0359509702761709
29.478;-0.12663825830019249
29.48;-0.09365657761994728
29.482;-0.05254167012498716
29.484;-0.07822297366199239
29.486;0.013838020712219248
29.488;-0.10784207235090947
29.490000000000002;-0.05703164050865395
29.492;-0.13336222132249845
29.494;-0.05092813980414501
29.496000000000002;-0.12170543821771311
29.498;-0.057576344130573165
29.5;-0.014121022022841143
29.502;-0.10351871706780193
29.504;-0.08794428450103288
29.506;-0.09078040085402063
29.508;-0.13279835549925906
29.51;-0.059324839254154646
29.512;-0.08911242379438496
29.514;-0.0037083444214078415
29.516000000000002;-0.189390064374725
29.518;-0.1404867923728584
29.52;-0.10612407602023216
29.522000000000002;-0.10814024432271754
29.524;-0.1869056688150426
29.526;0.012360157170861544
29.528000000000002;-0.10660953166975795
29.53;-0.09740236154616025
29.532;-0.07232073868530496
29.534;-0.12155250411466526
29.536;-0.10726674461838626
29.538;-0.05738849862204133
29.54;-0.15877313802389798
29.542;-0.06168940124870903
29.544;-0.10588181007766562
29.546;-0.06486397061072563
29.548000000000002;-0.12423561032774905
29.55;-0.04040732300147607
29.552;0.022543301773356172
29.554000000000002;-0.05291953523401414
29.556;0.016914170637728917
29.558;-0.09027739130239404
29.560000000000002;-0.029730714270116858
29.562;-0.06698856289931124
29.564;0.027060537749249353
29.566;0.0428911716140897
29.568;0.16462546519604887
29.57;0.04780156000657143
29.572;0.13625362640067323
29.574;0.16593083568534972
29.576;0.3765200272504471
29.578;0.36508738770401306
29.580000000000002;0.3826392651404457
29.582;0.5419907584637935
29.584;0.49121603960190735
29.586000000000002;0.6651360716255563
29.588;0.6688767723287068
29.59;0.6920575824870867
29.592000000000002;0.8753099030154827
29.594;0.9423333152145932
29.596;1.0060971000935761
29.598;0.8799462185346106
29.6;0.8610020792124233
29.602;0.8702322026785367
29.604;0.8922001820013281
29.606;0.9240906838145619
29.608;0.8002250820071642
29.61;0.8287684175943419
29.612000000000002;0.7086611268497113
29.614;0.5219940607932219
29.616;0.557143455916704
29.618000000000002;0.5323543718078787
29.62;0.4210905731869724
29.622;0.3926616961866118
29.624000000000002;0.2341594742256514
29.626;0.289858799866882
29.628;0.19317489410188882
29.63;0.14192378830701435
29.632;0.05408982290926034
29.634;0.0798966768899526
29.636;-0.027033736904673505
29.638;-0.10803826133640594
29.64;-0.0033735375526901326
29.642;-0.08882867013267733
29.644000000000002;-0.05848595118153006
29.646;-0.035754491986907756
29.648;-0.12699636538199133
29.650000000000002;-0.07570166857058325
29.652;-0.06618476609104931
29.654;-0.12924825054581335
29.656000000000002;-0.014891224288367838
29.658;-0.027993689616364982
29.66;-0.005692407820851092
29.662;-0.053685450347016224
29.664;-0.06353904885070147
29.666;-0.05645022037579954
29.668;-0.12844772198784069
29.67;-0.0502801126439575
29.672;0.010068426829442333
29.674;-0.07158992196847003
29.676000000000002;-0.05139491701000284
29.678;-0.10553939025522688
29.68;-0.1541717623240814
29.682000000000002;-0.10016095215144899
29.684;-0.047842868704377595
29.686;0.05488818310801401
29.688000000000002;-0.11711993561180245
29.69;-0.022408090141988884
29.692;-0.02131977811609883
29.694;-0.028231232961614058
29.696;-0.13312557977445416
29.698;-0.032132727943457694
29.7;-0.09354693944217565
29.702;-0.01749930766682408
29.704;-0.19558323769268113
29.706;0.012437836311703261
29.708000000000002;-0.0417363313963752
29.71;-0.003764402390591483
29.712;-0.045167294985278425
29.714000000000002;-0.06492937038414502
29.716;0.016558824809397646
29.718;-0.009369567710664155
29.72;-0.04874159837601301
29.722;-0.00048418246709728413
29.724;0.03670467203861691
29.726;-0.08452546309646058
29.728;-0.18786504391460776
29.73;-0.04064473006846284
29.732;-0.07498301838882065
29.734;-0.036899762555739686
29.736;-0.08813577871872974
29.738;-0.04025977503362803
29.740000000000002;-0.012005942278496426
29.742;-0.031362458896071956
29.744;-0.004445922981538557
29.746000000000002;-0.039103679849889245
29.748;-0.1053423474359891
29.75;0.005972347174838848
29.752;-0.12159415895179927
29.754;-0.041088511366748
29.756;-0.08956473490399483
29.758;-0.019852485986534076
29.76;-0.03116758954753592
29.762;6.615388144912832e-05
29.764;0.012138060714935513
29.766000000000002;-0.1018333012002178
29.768;0.014670067967276545
29.77;-0.08739033366858667
29.772000000000002;-0.0229569320099544
29.774;-0.07883578887234433
29.776;-0.11565997030872212
29.778000000000002;-0.0183140480060561
29.78;0.00397201700744354
29.782;-0.0005345652998375583
29.784;-0.04286564322489463
29.786;-0.02291486388543109
29.788;-0.11642916446056024
29.79;0.011493181496703544
29.792;-0.006225194277289757
29.794;-0.007208386717679861
29.796;-0.11101021306126238
29.798000000000002;-0.00023741807917665447
29.8;0.014466476155896961
29.802;-0.024891378660487455
29.804000000000002;-0.012198004433130624
29.806;-0.08471945837704126
29.808;-0.037223157522293646
29.810000000000002;-0.006804890360899665
29.812;-0.08654916940427926
29.814;-0.08479049460017102
29.816;-0.018542425364346804
29.818;0.04718995142335138
29.82;-0.08555048238210711
29.822;-0.02418277417544963
29.824;-0.05409113963716683
29.826;-0.045156790787576964
29.828;-0.1401579926032348
29.830000000000002;-0.10188481801675159
29.832;0.018231800155946554
29.834;0.009826102299858502
29.836000000000002;-0.036737468149320475
29.838;-0.020550196889247366
29.84;-0.04692336517743928
29.842000000000002;-0.06825125535988731
29.844;0.11112350682911615
29.846;0.004233495476352253
29.848;0.0311697269741925
29.85;0.004604509664193953
29.852;0.03285362495429882
29.854;-0.028728659081576523
29.856;0.04936607451766719
29.858;0.023333941999868768
29.86;-0.05672796773284262
29.862000000000002;-0.062401720030732216
29.864;-0.1233026608355235
29.866;-0.007616256416880015
29.868000000000002;-0.07544816616545613
29.87;0.03749071110674003
29.872;-0.022308776663268873
29.874000000000002;0.007287397893981865
29.876;-0.0381993798914113
29.878;0.032621146075588005
29.88;-0.003676476785895468
29.882;-0.04472109715427704
29.884;0.031432940729236344
29.886;0.005907513753210029
29.888;0.04883543069093009
29.89;0.003078035002517965
29.892;0.02819054739657244
29.894000000000002;0.00018884446689491213
29.896;-0.08859614819234421
29.898;-0.06684031766139852
29.900000000000002;0.003944311798180028
29.902;-0.00042148171794398684
29.904;-0.03966947363067386
29.906000000000002;0.025178021359981994
29.908;-0.05839609625252812
29.91;0.05009528637095058
29.912;-0.06472878545738489
29.914;-0.03810784064536877
29.916;0.0022712881819127242
29.918;0.02889674790601446
29.92;-0.027613124822810226
29.922;-0.021318959310014707
29.924;-0.12073232900517632
29.926000000000002;-0.005251499015796612
29.928;0.045047891142518226
29.93;0.06637206453114702
29.932000000000002;0.0827984152558542
29.934;-0.030037248854202177
29.936;-0.10414582591513595
29.938000000000002;0.01110159127851888
29.94;-0.08043525346523706
29.942;0.039058513271617745
29.944;-0.022668634654656274
29.946;-0.028280505691673362
29.948;0.02526614158295248
29.95;-0.05013774019783734
29.952;0.014569390845255733
29.954;0.004659457807946356
29.956;-0.02601396922529676
29.958000000000002;0.005913019652443232
29.96;0.041953036805081736
29.962;0.0300519592213032
29.964000000000002;0.04593236053740758
29.966;0.017378230279668977
29.968;0.005232452536058112
29.97;0.00020807671655313168
29.972;-0.027383061171273846
29.974;0.0021448285754222893
29.976;-0.02968090923878088
29.978;-0.06085244375379195
29.98;0.020852822908440136
29.982;-0.0513074934635168
29.984;0.027267811730346043
29.986;0.08498349410375872
29.988;-0.048550931641695154
29.990000000000002;0.048548351141924705
29.992;0.11895010090621008
29.994;-0.016151993536428884
29.996000000000002;0.0878761996248602
29.998;-0.04173856797398103
