0.0;-0.02789134989409904;NORMAL
0.004;-0.018488212830655684;NORMAL
0.008;0.01732727332868286;NORMAL
0.012;0.10811855864899292;NORMAL
0.016;0.057356818680763824;NORMAL
0.02;0.027070047729520066;NORMAL
0.024;0.039308029699040674;NORMAL
0.028;0.0219312232831742;NORMAL
0.032;0.06703545599427735;NORMAL
0.036000000000000004;-0.0008755402456478106;NORMAL
0.04;0.02448561059377296;NORMAL
0.044;-0.013282010815116985;NORMAL
0.048;-0.0067463209821205;NORMAL
0.052000000000000005;0.036023223568906346;NORMAL
0.056;-0.03171638418821794;NORMAL
0.06;-0.06607955513282948;NORMAL
0.064;0.01315258652862926;NORMAL
0.068;-0.003921769819133717;NORMAL
0.07200000000000001;-0.08265288739681992;NORMAL
0.076;-0.01808932123226052;NORMAL
0.08;0.013954001930111891;NORMAL
0.084;-0.08177112182567603;NORMAL
0.088;0.05177616738595604;NORMAL
0.092;0.01588560294842279;NORMAL
0.096;0.04320105955837448;NORMAL
0.1;-0.01459571519987455;NORMAL
0.10400000000000001;-0.037755983774489126;NORMAL
0.108;0.029457461390609892;NORMAL
0.112;-0.0648147416110803;NORMAL
0.116;-0.01678155730176639;NORMAL
0.12;-0.01440968354812883;NORMAL
0.124;-0.09804413081739839;NORMAL
0.128;0.02599409553249997;NORMAL
0.132;-0.0729302772178709;NORMAL
0.136;0.14403420079316628;NORMAL
0.14;-0.031779666609905326;NORMAL
0.14400000000000002;0.033481415254433135;NORMAL
0.148;-0.06284148173163055;NORMAL
0.152;0.0017788258127719424;NORMAL
0.156;0.08676233218714509;NORMAL
0.16;0.04640900461633774;NORMAL
0.164;-0.008910638485880853;NORMAL
0.168;0.019191111383526426;NORMAL
0.17200000000000001;0.04075372121805496;NORMAL
0.176;0.03112282391903892;NORMAL
0.18;0.004882676150608173;NORMAL
0.184;-0.05835164763344152;NORMAL
0.188;0.005129515210399636;NORMAL
0.192;-0.02867806327226191;NORMAL
0.196;0.01565238247411686;NORMAL
0.2;0.015581845335827014;NORMAL
0.20400000000000001;-0.011520652670047633;NORMAL
0.20800000000000002;-0.03261934225053312;NORMAL
0.212;0.05956746898562787;NORMAL
0.216;0.02335249047123147;NORMAL
0.22;-0.06550793040780178;NORMAL
0.224;-0.03267762994182441;NORMAL
0.228;0.04409569164869887;NORMAL
0.232;0.08890852966909255;NORMAL
0.23600000000000002;0.002685456912963804;NORMAL
0.24;-0.013506666650447667;NORMAL
0.244;-0.04995391568470703;NORMAL
0.248;-0.012128840506790892;NORMAL
0.252;-0.03848209613879512;NORMAL
0.256;-0.05098842644034789;NORMAL
0.26;-0.025887505736074026;NORMAL
0.264;0.026301990487720885;NORMAL
0.268;-0.03226528284265654;NORMAL
0.272;-0.02786854447019041;NORMAL
0.276;-0.007454776974951494;NORMAL
0.28;0.017430088893390996;NORMAL
0.28400000000000003;0.034448727494665675;NORMAL
0.28800000000000003;0.042794332626769;NORMAL
0.292;0.05802005085451198;NORMAL
0.296;-0.025702990917257508;NORMAL
0.3;0.02606451823667101;NORMAL
0.304;-0.160975510075522;NORMAL
0.308;0.018036914539487157;NORMAL
0.312;0.01722784394734762;NORMAL
0.316;0.01246596173719334;NORMAL
0.32;0.005908271160292556;NORMAL
0.324;0.054323614059575226;NORMAL
0.328;-0.051475925685691176;NORMAL
0.332;0.039647275290523316;NORMAL
0.336;0.06525222458794293;NORMAL
0.34;-0.02440089197772066;NORMAL
0.34400000000000003;-0.039597131067029;NORMAL
0.34800000000000003;0.11663492070739695;NORMAL
0.352;-0.014189355273630336;NORMAL
0.356;-0.0009492622948172445;NORMAL
0.36;0.014923648647234986;NORMAL
0.364;-0.05234226348017747;NORMAL
0.368;-0.03196725313654393;NORMAL
0.372;-0.0715533511130875;NORMAL
0.376;0.03576714603704703;NORMAL
0.38;0.05736208984834484;NORMAL
0.384;0.045141449225404674;NORMAL
0.388;-0.08229062580178828;NORMAL
0.392;-0.043618171524327135;NORMAL
0.396;-0.017923045046814454;NORMAL
0.4;-0.0016052574390941572;NORMAL
0.404;0.03626309872808781;NORMAL
0.40800000000000003;0.007390564950644382;NORMAL
0.41200000000000003;0.002691844888681956;NORMAL
0.41600000000000004;-0.0014517844794587867;NORMAL
0.42;-0.059405134710770024;NORMAL
0.424;0.012628877138813133;NORMAL
0.428;-0.020518847074190136;NORMAL
0.432;0.09910316105940581;NORMAL
0.436;0.020080639181757357;NORMAL
0.44;-0.06748817815178942;NORMAL
0.444;-0.033035763262568386;NORMAL
0.448;-0.04342147265506072;NORMAL
0.452;-0.034261479139879224;NORMAL
0.456;-0.05638796029212785;NORMAL
0.46;-0.012258366310027637;NORMAL
0.464;0.03530610858791407;NORMAL
0.468;-0.012624212426570695;NORMAL
0.47200000000000003;-0.0330224775917279;NORMAL
0.47600000000000003;-0.033179699686621066;NORMAL
0.48;0.010689813205239986;NORMAL
0.484;0.020370296196484505;NORMAL
0.488;-0.024025916853844337;NORMAL
0.492;-0.026605312727171933;NORMAL
0.496;0.015963492221883858;NORMAL
0.5;0.04696486754086396;NORMAL
0.504;0.007661132496483496;NORMAL
0.508;-0.03610375564295792;NORMAL
0.512;-0.028415658478884345;NORMAL
0.516;0.0216526700586806;NORMAL
0.52;0.013524294653086875;NORMAL
0.524;-0.10120104281373093;NORMAL
0.528;-0.018466164813071628;NORMAL
0.532;0.09345303209761138;NORMAL
0.536;0.08486933799967242;NORMAL
0.54;-0.05968947703413954;NORMAL
0.544;0.004122703282856115;NORMAL
0.548;-0.042551086800479636;NORMAL
0.552;0.02291860186899934;NORMAL
0.556;0.03942024586046581;NORMAL
0.56;-0.0017635557966940599;NORMAL
0.5640000000000001;-0.04044298590799641;NORMAL
0.5680000000000001;-0.044178826227400304;NORMAL
0.5720000000000001;0.021489171919564752;NORMAL
0.5760000000000001;0.026793263449434425;NORMAL
0.58;0.029161300032043074;NORMAL
0.584;-0.06264099967163467;NORMAL
0.588;-0.03294364234832275;NORMAL
0.592;-0.031223103249182912;NORMAL
0.596;0.022577778549754218;NORMAL
0.6;-0.06889723261849753;NORMAL
0.604;0.031084284470890542;NORMAL
0.608;-0.014880923537580018;NORMAL
0.612;0.000872033030631096;NORMAL
0.616;-0.007373110621104387;NORMAL
0.62;-0.037380388859391996;NORMAL
0.624;-0.0014009889149437572;NORMAL
0.628;-0.0033305386892454976;NORMAL
0.632;-0.04923775691312307;NORMAL
0.636;-0.0371085802044025;NORMAL
0.64;-0.004759596914608248;NORMAL
0.644;0.006401155840508977;NORMAL
0.648;-0.026409605142735788;NORMAL
0.652;0.0030305350592518083;NORMAL
0.656;0.0008851141761242001;NORMAL
0.66;0.018009057227267953;NORMAL
0.664;0.05180088701244873;NORMAL
0.668;0.09581908536438298;NORMAL
0.672;0.04108840340900467;NORMAL
0.676;-0.021755462788867114;NORMAL
0.68;0.030677994070949195;NORMAL
0.684;0.14229801790663546;NORMAL
0.6880000000000001;0.06781290057323733;NORMAL
0.6920000000000001;0.21606850836221847;NORMAL
0.6960000000000001;0.14765507449730292;NORMAL
0.7000000000000001;0.4091392404298726;NORMAL
0.704;0.5192631376799519;NORMAL
0.708;0.6198669985158897;NORMAL
0.712;0.7243360849047428;NORMAL
0.716;0.818771517154398;NORMAL
0.72;0.9836469188039084;NORMAL
0.724;0.9009175115846283;NORMAL
0.728;0.9344337237281666;BEAT
0.732;0.9506746585043531;NORMAL
0.736;0.9381792949810874;NORMAL
0.74;0.944450464710602;NORMAL
0.744;0.7536725933773536;NORMAL
0.748;0.6430343911536177;NORMAL
0.752;0.37910377065606166;NORMAL
0.756;0.4215486222942606;NORMAL
0.76;0.3562313890510812;NORMAL
0.764;0.2480884825226142;NORMAL
0.768;0.030582433288226102;NORMAL
0.772;0.07225507123023144;NORMAL
0.776;0.11747312097591006;NORMAL
0.78;0.09980658252339077;NORMAL
0.784;0.07457295347002445;NORMAL
0.788;-0.023733559268000054;NORMAL
0.792;0.03603567072079851;NORMAL
0.796;0.0486666006354138;NORMAL
0.8;0.06893698201568418;NORMAL
0.804;0.05121022555726691;NORMAL
0.808;0.19576048796377704;NORMAL
0.812;0.04641383870517523;NORMAL
0.8160000000000001;-0.11917350506179988;NORMAL
0.8200000000000001;0.060615354463087134;NORMAL
0.8240000000000001;-0.03179828653572134;NORMAL
0.8280000000000001;0.02863240527076447;NORMAL
0.8320000000000001;0.032148405408143434;NORMAL
0.836;0.06420507386608319;NORMAL
0.84;0.02250671452410804;NORMAL
0.844;-0.057488791428789765;NORMAL
0.848;0.051989399138692514;NORMAL
0.852;0.05373595718752662;NORMAL
0.856;0.033430150724330844;NORMAL
0.86;0.03933013643870937;NORMAL
0.864;-0.0700011502885263;NORMAL
0.868;0.09242724138372688;NORMAL
0.872;-0.01786518106217353;NORMAL
0.876;-0.12307477701598475;NORMAL
0.88;0.03846168968611589;NORMAL
0.884;-0.047700405649537043;NORMAL
0.888;-0.043984342019674154;NORMAL
0.892;0.023575680590162896;NORMAL
0.896;0.1278085089818782;NORMAL
0.9;-0.03836270390765481;NORMAL
0.904;-0.02274561545725465;NORMAL
0.908;-0.05761801611846279;NORMAL
0.912;-0.0353752636574826;NORMAL
0.916;-0.0068970998428631225;NORMAL
0.92;-0.0024781305852670556;NORMAL
0.924;-0.010615862545253853;NORMAL
0.928;-0.009212439388057363;NORMAL
0.932;0.015531169528164614;NORMAL
0.936;0.02146505168681868;NORMAL
0.9400000000000001;0.04526080321153363;NORMAL
0.9440000000000001;-0.012288704905672751;NORMAL
0.9480000000000001;-0.07761297066677555;NORMAL
0.9520000000000001;-0.00821667012411562;NORMAL
0.9560000000000001;0.022153074740444353;NORMAL
0.96;0.04457844201200489;NORMAL
0.964;0.0681782018855418;NORMAL
0.968;-0.03212877636561878;NORMAL
0.972;-0.06636235515349242;NORMAL
0.976;-0.03483197312643804;NORMAL
0.98;0.048423079163594854;NORMAL
0.984;0.05893213337253375;NORMAL
0.988;0.035768460506762134;NORMAL
0.992;-0.08605370626975797;NORMAL
0.996;-0.027536544135012404;NORMAL
1.0;0.031584804647679224;NORMAL
1.004;0.0275220595025993;NORMAL
1.008;0.003246945596576286;NORMAL
1.012;0.026700410865077906;NORMAL
1.016;-0.01702099286115581;NORMAL
1.02;-0.023206694643472348;NORMAL
1.024;0.0067647394180355355;NORMAL
1.028;0.05418154263803571;NORMAL
1.032;0.06578795024392652;NORMAL
1.036;0.07892877723895012;NORMAL
1.04;0.03643915097247629;NORMAL
1.044;0.06148428597264402;NORMAL
1.048;-0.03597880557965114;NORMAL
1.052;-0.01634033711759584;NORMAL
1.056;0.07681987281515651;NORMAL
1.06;0.012908360126905636;NORMAL
1.064;-0.06840107397264683;NORMAL
1.068;0.028534504305501432;NORMAL
1.072;0.017118401138774355;NORMAL
1.076;0.013388130359002035;NORMAL
1.08;0.011202171378991729;NORMAL
1.084;0.02766816726565853;NORMAL
1.088;-0.05684005217247959;NORMAL
1.092;0.036603264511952886;NORMAL
1.096;0.09543366757092228;NORMAL
1.1;0.06414890521357271;NORMAL
1.104;0.027135200223609747;NORMAL
1.108;-0.03613813538259427;NORMAL
1.112;0.0750851150984013;NORMAL
1.116;-0.03647652977690565;NORMAL
1.12;0.002003722773962012;NORMAL
1.124;0.05230814397652183;NORMAL
1.1280000000000001;0.05593291018884919;NORMAL
1.1320000000000001;0.0661253084873135;NORMAL
1.1360000000000001;0.09447341746727611;NORMAL
1.1400000000000001;-0.09733899881048369;NORMAL
1.1440000000000001;-0.030759939084513285;NORMAL
1.1480000000000001;-0.04928451744143391;NORMAL
1.1520000000000001;0.08261423474376829;NORMAL
1.156;-0.05146381544740697;NORMAL
1.16;-0.04855674963637824;NORMAL
1.164;0.05317548564497329;NORMAL
1.168;-0.008222299369312803;NORMAL
1.172;-0.004986204527214579;NORMAL
1.176;-0.06723682741577579;NORMAL
1.18;-0.04160963700801667;NORMAL
1.184;-0.04172499140875263;NORMAL
1.188;0.0468191920676793;NORMAL
1.192;0.004384996471626113;NORMAL
1.196;0.040685519619767484;NORMAL
1.2;-0.024754388884975054;NORMAL
1.204;-0.05667916559222155;NORMAL
1.208;-0.002946477662089596;NORMAL
1.212;0.015363487095425754;NORMAL
1.216;-0.02088701775419328;NORMAL
1.22;-0.033458717507843724;NORMAL
1.224;0.052487560844684034;NORMAL
1.228;0.09629259955923569;NORMAL
1.232;0.048127618591581794;NORMAL
1.236;-0.0508622048878111;NORMAL
1.24;-0.054963892953654996;NORMAL
1.244;-0.04084689803986602;NORMAL
1.248;0.04645107907508972;NORMAL
1.252;-0.029800347897218162;NORMAL
1.256;-0.028564506062876912;NORMAL
1.26;-0.017274618720554837;NORMAL
1.264;-0.026894633256961276;NORMAL
1.268;0.021513576642814253;NORMAL
1.272;-0.11123256847070565;NORMAL
1.276;0.10443138140156148;NORMAL
1.28;-0.003723539644081366;NORMAL
1.284;-0.01097959597092757;NORMAL
1.288;0.040262217352338626;NORMAL
1.292;-0.0769803136385645;NORMAL
1.296;-0.01409342641821927;NORMAL
1.3;0.041116440992671095;NORMAL
1.304;0.060533799231389164;NORMAL
1.308;-0.020955893205812294;NORMAL
1.312;0.09250488381763583;NORMAL
1.316;0.014504669544798338;NORMAL
1.32;-0.02184218732968367;NORMAL
1.324;-0.037291802809075764;NORMAL
1.328;-0.04844876584010421;NORMAL
1.332;0.0060409881318104815;NORMAL
1.336;0.0012570992815783097;NORMAL
1.34;0.006102980081598783;NORMAL
1.344;0.04212658735138596;NORMAL
1.348;0.003951092715050047;NORMAL
1.352;0.032147838534300505;NORMAL
1.356;-0.001566730684100613;NORMAL
1.36;0.053721783707719434;NORMAL
1.364;0.030794519423655905;NORMAL
1.368;-0.04977854360395722;NORMAL
1.372;0.027076358270760693;NORMAL
1.3760000000000001;0.039849595463087674;NORMAL
1.3800000000000001;0.009578836600010684;NORMAL
1.3840000000000001;-0.04633837207895727;NORMAL
1.3880000000000001;0.011841729955326294;NORMAL
1.3920000000000001;0.009285210135808658;NORMAL
1.3960000000000001;0.04390434606676836;NORMAL
1.4000000000000001;0.019924030432382948;NORMAL
1.4040000000000001;-0.002979163788595925;NORMAL
1.408;-0.022864044621487258;NORMAL
1.412;0.030309716594943106;NORMAL
1.416;-0.005133391550926646;NORMAL
1.42;-0.030627680226172717;NORMAL
1.424;0.057846945712702706;NORMAL
1.428;-0.026535563962184372;NORMAL
1.432;0.0376935207379724;NORMAL
1.436;-0.06718520358844074;NORMAL
1.44;0.09452848083393427;NORMAL
1.444;0.025790017511351005;NORMAL
1.448;0.011742722370405941;NORMAL
1.452;-0.1283619225535843;NORMAL
1.456;-0.0037454288638952464;NORMAL
1.46;-0.02108774275700019;NORMAL
1.464;-0.016981375411428048;NORMAL
1.468;-0.033010682761135876;NORMAL
1.472;-0.013367309668816704;NORMAL
1.476;0.022502337879301518;NORMAL
1.48;0.0459226356279868;NORMAL
1.484;0.10607592025240689;NORMAL
1.488;0.21683927093466498;NORMAL
1.492;0.19735669211396778;NORMAL
1.496;0.3113539112443736;NORMAL
1.5;0.4113182596763268;NORMAL
1.504;0.44886862085381896;NORMAL
1.508;0.5322407652169031;NORMAL
1.512;0.6772718151306863;NORMAL
1.516;0.8766302290602973;NORMAL
1.52;1.0247295020752212;NORMAL
1.524;1.060332799646639;NORMAL
1.528;1.0041026395570363;BEAT
1.532;1.0464234633068035;NORMAL
1.536;0.9099510055779039;NORMAL
1.54;0.9157259988990021;NORMAL
1.544;0.735627173320471;NORMAL
1.548;0.6047142890320426;NORMAL
1.552;0.4714699214267166;NORMAL
1.556;0.30193728414359583;NORMAL
1.56;0.23359591683506226;NORMAL
1.564;0.1954585951332287;NORMAL
1.568;0.09073234131966468;NORMAL
1.572;0.170246851793007;NORMAL
1.576;0.0688360323826189;NORMAL
1.58;0.09611193316527353;NORMAL
1.584;-0.02304879707134016;NORMAL
1.588;0.035497302559979016;NORMAL
1.592;0.04240710597549366;NORMAL
1.596;-0.011650539478882381;NORMAL
1.6;-0.056863589084903084;NORMAL
1.604;0.02352674759090216;NORMAL
1.608;0.02040459481210888;NORMAL
1.612;0.044637673249049256;NORMAL
1.616;-0.03411413617235535;NORMAL
1.62;-0.11864929997360597;NORMAL
1.624;0.014640519459507081;NORMAL
1.6280000000000001;-0.024146936936340145;NORMAL
1.6320000000000001;-0.02106675763370177;NORMAL
1.6360000000000001;0.06952898729454747;NORMAL
1.6400000000000001;-0.0023151232271743996;NORMAL
1.6440000000000001;-0.06799345214995495;NORMAL
1.6480000000000001;-0.034433957150867806;NORMAL
1.6520000000000001;0.0465402800800571;NORMAL
1.6560000000000001;0.007826257875527516;NORMAL
1.6600000000000001;0.030389527884441114;NORMAL
1.6640000000000001;0.023397566544432893;NORMAL
1.668;-0.05609556007216812;NORMAL
1.672;-0.007520454497963052;NORMAL
1.676;-0.009731441104981812;NORMAL
1.68;0.07657462994041425;NORMAL
1.684;-0.018038889576240225;NORMAL
1.688;0.05419805704659803;NORMAL
1.692;-0.03328626867656286;NORMAL
1.696;0.0614931701359304;NORMAL
1.7;0.04925703539508872;NORMAL
1.704;-0.01637520645329685;NORMAL
1.708;-0.002041197751730786;NORMAL
1.712;-0.03701014842092822;NORMAL
1.716;0.07118892884709387;NORMAL
1.72;-0.029868925056800014;NORMAL
1.724;-0.05048969522769217;NORMAL
1.728;0.035107602864348025;NORMAL
1.732;0.0044121492993100765;NORMAL
1.736;-0.008095911426583908;NORMAL
1.74;0.022614439554122623;NORMAL
1.744;0.021241885872867117;NORMAL
1.748;-0.022707926965761946;NORMAL
1.752;-0.060754767390204925;NORMAL
1.756;0.05868309318894737;NORMAL
1.76;0.017252844047285592;NORMAL
1.764;0.0851985981577269;NORMAL
1.768;-0.005944259092678901;NORMAL
1.772;-0.055865180616244084;NORMAL
1.776;0.032826885355151054;NORMAL
1.78;0.025313557066563137;NORMAL
1.784;0.04484176723647602;NORMAL
1.788;0.011081295644042248;NORMAL
1.792;-0.019942231353765077;NORMAL
1.796;0.044364271011674034;NORMAL
1.8;-0.027836979366007982;NORMAL
1.804;0.05900131339031298;NORMAL
1.808;-0.0030776682500366272;NORMAL
1.812;-0.010123832827149746;NORMAL
1.816;0.06568588855206879;NORMAL
1.82;0.02491941284800542;NORMAL
1.824;-0.01627927184327627;NORMAL
1.828;-0.048909239825737125;NORMAL
1.832;0.003303059266925985;NORMAL
1.836;0.027051604917905033;NORMAL
1.84;-0.0023154554357226803;NORMAL
1.844;0.10167716393086075;NORMAL
1.848;0.06323114528463693;NORMAL
1.852;0.025044809546895426;NORMAL
1.856;-0.06263463121813405;NORMAL
1.86;-0.015026763128240925;NORMAL
1.864;-0.056787177239835174;NORMAL
1.868;0.03159779044272813;NORMAL
1.872;0.018098724397427757;NORMAL
1.8760000000000001;-0.057158125320415844;NORMAL
1.8800000000000001;0.0037266454514987783;NORMAL
1.8840000000000001;-0.006516378595934048;NORMAL
1.8880000000000001;0.08135856964263694;NORMAL
1.8920000000000001;0.0502884746717957;NORMAL
1.8960000000000001;-0.0061465030556091685;NORMAL
1.9000000000000001;0.11660089421532563;NORMAL
1.9040000000000001;0.038693426537517485;NORMAL
1.9080000000000001;0.057590232676432;NORMAL
1.9120000000000001;-0.03369497969436337;NORMAL
1.9160000000000001;-0.03969705919050744;NORMAL
1.92;-0.04936342068446939;NORMAL
1.924;0.010955005793716048;NORMAL
1.928;0.10189216628089791;NORMAL
1.932;0.0013810338363976432;NORMAL
1.936;-0.016596114337058453;NORMAL
1.94;-0.012083123285990737;NORMAL
1.944;0.005558974816238263;NORMAL
1.948;0.05931132355313459;NORMAL
1.952;-0.08528324864431028;NORMAL
1.956;-0.08367723170625557;NORMAL
1.96;0.040270867159421485;NORMAL
1.964;0.0623368100295184;NORMAL
1.968;0.040050665199433406;NORMAL
1.972;-0.05120174185470579;NORMAL
1.976;0.02587154519360472;NORMAL
1.98;-0.048879728325872326;NORMAL
1.984;0.0006052244442523332;NORMAL
1.988;0.04582130990500038;NORMAL
1.992;-0.034763386223034695;NORMAL
1.996;-0.085539882039818;NORMAL
2.0;0.005679187887235496;NORMAL
2.004;0.02394526345391485;NORMAL
2.008;0.0062150528116137055;NORMAL
2.012;0.03921280853249344;NORMAL
2.016;0.05155273083246229;NORMAL
2.02;0.04854001507891897;NORMAL
2.024;0.011799514467382496;NORMAL
2.028;0.08059936571869843;NORMAL
2.032;-0.021683348469221337;NORMAL
2.036;0.023430221133251446;NORMAL
2.04;-0.007921987183780475;NORMAL
2.044;-0.017265058130637653;NORMAL
2.048;0.03208582647863538;NORMAL
2.052;0.07493086967756267;NORMAL
2.056;-0.03762953663175695;NORMAL
2.06;0.008439083425556493;NORMAL
2.064;-0.025353138642276358;NORMAL
2.068;-0.00024369260167177707;NORMAL
2.072;-0.02677814540821635;NORMAL
2.076;0.003556518665441805;NORMAL
2.08;0.056304881789234484;NORMAL
2.084;0.046687599775234734;NORMAL
2.088;0.051322997068515876;NORMAL
2.092;0.0012379711233518177;NORMAL
2.096;0.09318187768669017;NORMAL
2.1;0.015449894714950722;NORMAL
2.104;-0.05620178665062279;NORMAL
2.108;-0.06125298048178917;NORMAL
2.112;-0.0030939882330359445;NORMAL
2.116;-0.05120313559667225;NORMAL
2.12;-0.06469115593042823;NORMAL
2.124;0.03943907360925487;NORMAL
2.128;0.03689682754443339;NORMAL
2.132;-0.00843151893711342;NORMAL
2.136;-0.03131401009864678;NORMAL
2.14;-0.006990795450771645;NORMAL
2.144;-0.008180076533196117;NORMAL
2.148;0.06845686624535675;NORMAL
2.152;-0.004942231680354799;NORMAL
2.156;0.10411840188707222;NORMAL
2.16;0.011724136452963042;NORMAL
2.164;0.06532202859813672;NORMAL
2.168;-0.04513009270789725;NORMAL
2.172;0.004353751124461624;NORMAL
2.176;-0.020839401624721206;NORMAL
2.18;0.08364125387332404;NORMAL
2.184;-0.07861835179195502;NORMAL
2.188;-0.01497716639172548;NORMAL
2.192;0.033478883836879206;NORMAL
2.196;0.01987372816688788;NORMAL
2.2;-0.042516372084558586;NORMAL
2.204;0.06692259932844209;NORMAL
2.208;0.04018669536578712;NORMAL
2.212;-0.03814325707739538;NORMAL
2.216;-0.03792390880837974;NORMAL
2.22;-0.03238172294564912;NORMAL
2.224;-0.017364010454582156;NORMAL
2.228;-0.09848878609078147;NORMAL
2.232;-0.05807277133736349;NORMAL
2.236;0.05060013189934559;NORMAL
2.24;-0.0384980636876535;NORMAL
2.244;-0.03350483319141295;NORMAL
2.248;-0.037649720400310165;NORMAL
2.2520000000000002;0.009508361261831378;NORMAL
2.2560000000000002;0.04584346491318689;NORMAL
2.2600000000000002;0.0156821921752753;NORMAL
2.2640000000000002;0.03755909544270493;NORMAL
2.2680000000000002;0.03991692218558293;NORMAL
2.2720000000000002;-0.011038823732040074;NORMAL
2.2760000000000002;0.03928629814743475;NORMAL
2.2800000000000002;-0.012934998157256138;NORMAL
2.2840000000000003;-0.0004158938705901246;NORMAL
2.2880000000000003;-0.042032132998958076;NORMAL
2.2920000000000003;-0.07049543073439521;NORMAL
2.2960000000000003;0.002124011180394825;NORMAL
2.3000000000000003;0.009804791959783827;NORMAL
2.3040000000000003;0.018858206045752474;NORMAL
2.308;0.06097114719239971;NORMAL
2.312;-0.018603367412276636;NORMAL
2.316;0.00585295211311007;NORMAL
2.32;0.06538229263150702;NORMAL
2.324;0.08932750515621109;NORMAL
2.328;0.04317834178044486;NORMAL
2.332;-0.038626674165307164;NORMAL
2.336;0.04952304068626594;NORMAL
2.34;0.05465778091025239;NORMAL
2.344;0.09546845410363201;NORMAL
2.348;0.04596667888947783;NORMAL
2.352;0.060035402614957656;NORMAL
2.356;0.12537215451719172;NORMAL
2.36;0.157598838695082;NORMAL
2.364;0.2966167416016565;NORMAL
2.368;0.35901200492588814;NORMAL
2.372;0.3943900400492269;NORMAL
2.376;0.6236015225861588;NORMAL
2.38;0.6618574918625375;NORMAL
2.384;0.839211377299713;NORMAL
2.388;0.9841693787588367;NORMAL
2.392;0.8934987991365073;NORMAL
2.396;0.8869634682102544;BEAT
2.4;0.9335852762604987;NORMAL
2.404;0.8850734049130127;NORMAL
2.408;0.8796794020282023;NORMAL
2.412;0.769622433441211;NORMAL
2.416;0.5925451352498015;NORMAL
2.42;0.5251100119112267;NORMAL
2.424;0.3643317245465706;NORMAL
2.428;0.3815807736520483;NORMAL
2.432;0.168810461623652;NORMAL
2.436;0.16912318456629422;NORMAL
2.44;0.13648024582928805;NORMAL
2.444;0.029588300132444557;NORMAL
2.448;0.022029849913543176;NORMAL
2.452;0.005365730351968823;NORMAL
2.456;-0.0068746984443391265;NORMAL
2.46;-0.03196578180749778;NORMAL
2.464;-0.04159366303102344;NORMAL
2.468;0.020777815054255716;NORMAL
2.472;0.08479851429328435;NORMAL
2.476;-0.0008990832629840141;NORMAL
2.48;-0.06000601108245213;NORMAL
2.484;0.04616107082489093;NORMAL
2.488;-0.002755645287037683;NORMAL
2.492;-0.01449889273786069;NORMAL
2.496;-0.045515748753892075;NORMAL
2.5;-0.022416371020312548;NORMAL
2.504;0.019849388953051442;NORMAL
2.508;-0.03105349989671288;NORMAL
2.512;-0.053348399108184424;NORMAL
2.516;0.03279287926960524;NORMAL
2.52;0.019234757528462956;NORMAL
2.524;0.09161626263589448;NORMAL
2.528;0.05702013751939056;NORMAL
2.532;0.024247268093834387;NORMAL
2.536;0.0772982238663335;NORMAL
2.54;-0.01735952732789746;NORMAL
2.544;-0.07315161367349074;NORMAL
2.548;-0.08575331339446884;NORMAL
2.552;0.04353549631951074;NORMAL
2.556;-0.00951170073780855;NORMAL
2.56;-0.10057920751073228;NORMAL
2.564;0.050510846638495546;NORMAL
2.568;0.006136011645635108;NORMAL
2.572;0.07298997406159541;NORMAL
2.576;-0.09745833758610828;NORMAL
2.58;0.034278648514330025;NORMAL
2.584;0.04890195292764904;NORMAL
2.588;-0.037249387243807754;NORMAL
2.592;0.03644425825881208;NORMAL
2.596;-0.08693550586555948;NORMAL
2.6;-0.06502989586107785;NORMAL
2.604;0.09692688705016755;NORMAL
2.608;-0.023483074956217553;NORMAL
2.612;-0.03335557960405349;NORMAL
2.616;0.03157157833599403;NORMAL
2.62;-0.09380386421180215;NORMAL
2.624;-0.029748407588152642;NORMAL
2.628;-0.12915873224149907;NORMAL
2.632;0.0457194743029;NORMAL
2.636;0.006512773329980848;NORMAL
2.64;-0.02112298495698016;NORMAL
2.644;-0.030553466690700967;NORMAL
2.648;-0.05597415478709422;NORMAL
2.652;0.021019252499330683;NORMAL
2.656;0.006231635559705188;NORMAL
2.66;0.09333354670675842;NORMAL
2.664;-0.014410927571074143;NORMAL
2.668;-0.036615651817129495;NORMAL
2.672;0.02532879659429296;NORMAL
2.676;0.06888109816485898;NORMAL
2.68;-0.04695648872415125;NORMAL
2.684;0.025061833230895003;NORMAL
2.688;-0.08419136553931933;NORMAL
2.692;-0.011753409203581526;NORMAL
2.696;0.010536904570305736;NORMAL
2.7;-0.021010236782689304;NORMAL
2.704;-0.023507975399774835;NORMAL
2.708;0.006649681269296915;NORMAL
2.712;-0.03455156042570659;NORMAL
2.716;0.0008413813828003493;NORMAL
2.72;-0.031205580817019164;NORMAL
2.724;0.03379518807834863;NORMAL
2.728;-0.007700103236407904;NORMAL
2.732;0.0038344147888930377;NORMAL
2.736;0.03685661134706317;NORMAL
2.74;0.011450345541238196;NORMAL
2.744;-0.03641290498871218;NORMAL
2.748;0.10109565302223929;NORMAL
2.7520000000000002;0.0202341767202599;NORMAL
2.7560000000000002;0.05123062596892186;NORMAL
2.7600000000000002;-0.029079371358521452;NORMAL
2.7640000000000002;-0.0051065514958652455;NORMAL
2.7680000000000002;-0.015607420597473469;NORMAL
2.7720000000000002;0.0358676659948782;NORMAL
2.7760000000000002;0.01474790908959118;NORMAL
2.7800000000000002;-0.02840307821730329;NORMAL
2.7840000000000003;0.016033919981655733;NORMAL
2.7880000000000003;0.026339719587913347;NORMAL
2.7920000000000003;0.025492322172673356;NORMAL
2.7960000000000003;0.05247436853032172;NORMAL
2.8000000000000003;-0.06683358015982979;NORMAL
2.8040000000000003;-0.04474014444775503;NORMAL
2.8080000000000003;0.08399107871960942;NORMAL
2.8120000000000003;0.09406763152528916;NORMAL
2.816;0.0727947296357064;NORMAL
2.82;-0.034757119220861755;NORMAL
2.824;-0.10275287528765782;NORMAL
2.828;-0.01729269303303887;NORMAL
2.832;-0.05216128024959953;NORMAL
2.836;-0.08519750957179645;NORMAL
2.84;-0.001139217335620497;NORMAL
2.844;-0.06411900691798614;NORMAL
2.848;0.05427502227034825;NORMAL
2.852;0.014924350117874416;NORMAL
2.856;0.05903352655025164;NORMAL
2.86;0.015965893744827344;NORMAL
2.864;0.00581756891399029;NORMAL
2.868;-0.012065622380453035;NORMAL
2.872;0.009858935126450868;NORMAL
2.876;0.013381895864156829;NORMAL
2.88;-0.008416105360807467;NORMAL
2.884;0.015081559746373818;NORMAL
2.888;0.024754254552371575;NORMAL
2.892;0.023576612384024833;NORMAL
2.896;0.03423528661508745;NORMAL
2.9;-0.053480340121272035;NORMAL
2.904;0.02175619806820367;NORMAL
2.908;-0.1124026292030138;NORMAL
2.912;-0.015451315024536772;NORMAL
2.916;-0.004934883992380266;NORMAL
2.92;0.02999130096141386;NORMAL
2.924;-0.131861393715315;NORMAL
2.928;-0.0034315999162936907;NORMAL
2.932;-0.13875199815560232;NORMAL
2.936;0.0447508789518488;NORMAL
2.94;-0.055091784457229245;NORMAL
2.944;-0.014689295806825646;NORMAL
2.948;0.012873328294612069;NORMAL
2.952;-0.06376129376272453;NORMAL
2.956;0.06901965025588934;NORMAL
2.96;-0.027195528070381288;NORMAL
2.964;-0.018088371302212067;NORMAL
2.968;-0.050486522820710825;NORMAL
2.972;-0.0036901161339441507;NORMAL
2.976;0.07403962303991089;NORMAL
2.98;0.036888423836424385;NORMAL
2.984;-0.04110408037312895;NORMAL
2.988;0.04324655511574032;NORMAL
2.992;0.029074847535130927;NORMAL
2.996;-0.025359627066523602;NORMAL
3.0;-0.05220032540735077;NORMAL
3.004;-0.052267811393310264;NORMAL
3.008;-0.072159555571995;NORMAL
3.012;-0.02206973889557835;NORMAL
3.016;-0.07070576459908727;NORMAL
3.02;-0.09496091304904059;NORMAL
3.024;-0.010078949724456802;NORMAL
3.028;0.17011316381070193;NORMAL
3.032;-0.1347446560163783;NORMAL
3.036;-0.038983974135859994;NORMAL
3.04;-0.019062387318699817;NORMAL
3.044;0.007245618801428672;NORMAL
3.048;0.07714198578693705;NORMAL
3.052;-0.04748818563098674;NORMAL
3.056;0.00814049424419037;NORMAL
3.06;-0.05888871331786547;NORMAL
3.064;0.04990705597132693;NORMAL
3.068;0.0449391434621816;NORMAL
3.072;0.005736886677525215;NORMAL
3.076;-0.06654452142565134;NORMAL
3.08;-0.033337559963459266;NORMAL
3.084;-0.03708917339860474;NORMAL
3.088;0.13012614523530264;NORMAL
3.092;-0.06785721484227995;NORMAL
3.096;0.0025764335786892956;NORMAL
3.1;0.022199821971481487;NORMAL
3.104;0.08130670699139071;NORMAL
3.108;-0.0408781850523782;NORMAL
3.112;-0.03210829812261993;NORMAL
3.116;0.02048910724287342;NORMAL
3.12;-0.006117703488141133;NORMAL
3.124;0.015500628778136592;NORMAL
3.128;-0.0897311130842694;NORMAL
3.132;0.013184682896454959;NORMAL
3.136;-0.08774839371609822;NORMAL
3.14;-0.01620134491415744;NORMAL
3.144;-0.0347217101546668;NORMAL
3.148;0.017665507198176816;NORMAL
3.152;-0.003795717598469094;NORMAL
3.156;-0.05533455650803416;NORMAL
3.16;-0.016638497245492857;NORMAL
3.164;-0.018423620111965782;NORMAL
3.168;-0.0014330620867368876;NORMAL
3.172;-0.015294992652825296;NORMAL
3.176;0.010885056086746121;NORMAL
3.18;-0.04271852916521809;NORMAL
3.184;-0.03263795364083369;NORMAL
3.188;0.03223483361701231;NORMAL
3.192;0.04054396543700176;NORMAL
3.196;0.007822596138903187;NORMAL
3.2;0.01319400776445;NORMAL
3.204;0.11818689301318597;NORMAL
3.208;0.0696810794386286;NORMAL
3.212;-0.006413902865043151;NORMAL
3.216;-0.08958245048649033;NORMAL
3.22;0.044112275668139;NORMAL
3.224;-0.09566279989799291;NORMAL
3.228;0.02356365871947013;NORMAL
3.232;-0.00979864349672048;NORMAL
3.236;0.0031517299486569237;NORMAL
3.24;-0.01815936868092949;NORMAL
3.244;0.034191431120045294;NORMAL
3.248;-0.04229042402649316;NORMAL
3.2520000000000002;0.015399101727766165;NORMAL
3.2560000000000002;-0.026632420095786775;NORMAL
3.2600000000000002;0.13895055858814;NORMAL
3.2640000000000002;-0.03643073394404373;NORMAL
3.2680000000000002;-0.07265448586781331;NORMAL
3.2720000000000002;0.0034343566601975177;NORMAL
3.2760000000000002;0.02468338144639931;NORMAL
3.2800000000000002;-0.023430029064717306;NORMAL
3.2840000000000003;-0.09516649698157659;NORMAL
3.2880000000000003;-0.024314261446951077;NORMAL
3.2920000000000003;-0.016410568482399922;NORMAL
3.2960000000000003;0.05707241941026865;NORMAL
3.3000000000000003;-0.08246877867695435;NORMAL
3.3040000000000003;0.02473148699066201;NORMAL
3.3080000000000003;0.023920762290116856;NORMAL
3.3120000000000003;-0.07273615361170958;NORMAL
3.3160000000000003;0.007243867474641901;NORMAL
3.3200000000000003;0.03778272278024251;NORMAL
3.3240000000000003;0.049938163856970766;NORMAL
3.3280000000000003;-0.027516375382471314;NORMAL
3.332;-0.0028103344755953984;NORMAL
3.336;-0.05764015037050231;NORMAL
3.34;-0.024040966218213444;NORMAL
3.344;0.04052716060607315;NORMAL
3.348;0.0516921952728784;NORMAL
3.352;-0.043646651907108695;NORMAL
3.356;0.02602278359341366;NORMAL
3.36;0.06205769939357453;NORMAL
3.364;0.024724776482896504;NORMAL
3.368;0.0738854594203417;NORMAL
3.372;0.003976055701205633;NORMAL
3.376;0.01631369981127355;NORMAL
3.38;-0.04467692546032978;NORMAL
3.384;-0.02992535937149736;NORMAL
3.388;-0.014242670231127541;NORMAL
3.392;0.03167015612131609;NORMAL
3.396;0.003130656172163845;NORMAL
3.4;0.040485397072851446;NORMAL
3.404;0.024551295113364586;NORMAL
3.408;0.023763088066566383;NORMAL
3.412;0.04354004400188017;NORMAL
3.416;-0.1612665668069798;NORMAL
3.42;0.031947778596305626;NORMAL
3.424;0.0005717007612998867;NORMAL
3.428;0.014967436476917815;NORMAL
3.432;0.005418814522503348;NORMAL
3.436;-0.06759151909646083;NORMAL
3.44;0.0924634451557676;NORMAL
3.444;-0.02304088528350389;NORMAL
3.448;0.04989514442340189;NORMAL
3.452;-0.044753707233410725;NORMAL
3.456;-0.07601219085986231;NORMAL
3.46;-0.0017614196422828135;NORMAL
3.464;0.039600703135248425;NORMAL
3.468;-0.032606695261805464;NORMAL
3.472;0.07571690335527005;NORMAL
3.476;0.023491426196600267;NORMAL
3.48;0.0799230663936045;NORMAL
3.484;0.04020914726736494;NORMAL
3.488;-0.1213523265406245;NORMAL
3.492;-0.04816137848420472;NORMAL
3.496;0.050126070282122404;NORMAL
3.5;-0.08459455119521193;NORMAL
3.504;0.044081096059673294;NORMAL
3.508;-0.034556838105135615;NORMAL
3.512;0.06320743647730044;NORMAL
3.516;-0.003915613504916962;NORMAL
3.52;0.013295509378009962;NORMAL
3.524;0.08081050998890102;NORMAL
3.528;0.026337762975392816;NORMAL
3.532;-0.0686336283232442;NORMAL
3.536;0.06778715468826807;NORMAL
3.54;0.08823048785087712;NORMAL
3.544;0.19415592467314355;NORMAL
3.548;0.32111662089866216;NORMAL
3.552;0.3766643070457164;NORMAL
3.556;0.49480286345187424;NORMAL
3.56;0.5102498488601462;NORMAL
3.564;0.7338888237707568;NORMAL
3.568;0.8274055736358352;NORMAL
3.572;0.8349108045576399;NORMAL
3.576;0.8829583775097853;NORMAL
3.58;0.9576114702570232;BEAT
3.584;0.8893411647159465;NORMAL
3.588;0.9544559487475299;NORMAL
3.592;0.7657513721939037;NORMAL
3.596;0.6810967980631093;NORMAL
3.6;0.48500804027559735;NORMAL
3.604;0.5297958602637749;NORMAL
3.608;0.4164827922511478;NORMAL
3.612;0.2414318629118261;NORMAL
3.616;0.12499009869945064;NORMAL
3.62;0.1274733285178884;NORMAL
3.624;0.16852968530347717;NORMAL
3.628;0.042741866479527116;NORMAL
3.632;-0.06117290433317926;NORMAL
3.636;-0.004399956719171375;NORMAL
3.64;-0.014660505595325477;NORMAL
3.644;0.07062276388605165;NORMAL
3.648;-0.10197382522092573;NORMAL
3.652;0.007606075111123004;NORMAL
3.656;-0.009957177244563947;NORMAL
3.66;0.013649867547180217;NORMAL
3.664;0.05342418217345185;NORMAL
3.668;0.017490022510277328;NORMAL
3.672;-0.00835861889369571;NORMAL
3.676;6.152001632060945e-05;NORMAL
3.68;-0.06100432901288605;NORMAL
3.684;0.1062978057845529;NORMAL
3.688;-0.07186205171568816;NORMAL
3.692;-0.09685841076317105;NORMAL
3.696;-0.06497095226775298;NORMAL
3.7;0.01852806422036826;NORMAL
3.704;-0.03723406884185353;NORMAL
3.708;0.05335676012072152;NORMAL
3.712;-0.03811853051393363;NORMAL
3.716;0.08926373929423823;NORMAL
3.72;-0.08364815171685874;NORMAL
3.724;0.0615531309008236;NORMAL
3.728;-0.014519125858892057;NORMAL
3.732;-0.09316430127846383;NORMAL
3.736;-0.03946289281502704;NORMAL
3.74;-0.015937210982394128;NORMAL
3.744;-0.004652837326162311;NORMAL
3.748;0.03668332244374572;NORMAL
3.7520000000000002;-0.05931517445597192;NORMAL
3.7560000000000002;-0.02748662121747887;NORMAL
3.7600000000000002;0.027450833502864362;NORMAL
3.7640000000000002;-0.049895918042997665;NORMAL
3.7680000000000002;-0.011595851206928985;NORMAL
3.7720000000000002;0.06472871301903864;NORMAL
3.7760000000000002;0.043384803534738815;NORMAL
3.7800000000000002;0.08790212833502592;NORMAL
3.7840000000000003;-0.005803295239686483;NORMAL
3.7880000000000003;-0.11831579595276878;NORMAL
3.7920000000000003;-0.0027247454720568764;NORMAL
3.7960000000000003;0.013686886282884359;NORMAL
3.8000000000000003;-0.02344458433719533;NORMAL
3.8040000000000003;0.004812422807329654;NORMAL
3.8080000000000003;0.06267271907497682;NORMAL
3.8120000000000003;0.023410226092058884;NORMAL
3.8160000000000003;0.016626449754081955;NORMAL
3.8200000000000003;0.08238510755335068;NORMAL
3.8240000000000003;-0.013199874750644984;NORMAL
3.8280000000000003;-0.06634992788824347;NORMAL
3.8320000000000003;0.06855792930451023;NORMAL
3.8360000000000003;0.06272227432337313;NORMAL
3.84;-0.0527138444551728;NORMAL
3.844;0.0035759757701364797;NORMAL
3.848;0.024676233908471252;NORMAL
3.852;-0.01524274362381737;NORMAL
3.856;-0.00809054538925794;NORMAL
3.86;-0.04669517742074822;NORMAL
3.864;-0.08218933687353641;NORMAL
3.868;-0.021406795735664282;NORMAL
3.872;-0.0041212105787985604;NORMAL
3.876;0.05200072496582983;NORMAL
3.88;0.005207000619547933;NORMAL
3.884;0.058663830110109096;NORMAL
3.888;-0.003243488622704543;NORMAL
3.892;-0.013796280204217913;NORMAL
3.896;0.02985534546957405;NORMAL
3.9;0.018720634692930865;NORMAL
3.904;-0.013148300208461548;NORMAL
3.908;-0.08662277009431722;NORMAL
3.912;-0.04500621746259688;NORMAL
3.916;-0.053480146567365966;NORMAL
3.92;-0.005215613995633811;NORMAL
3.924;0.053073187023708945;NORMAL
3.928;-0.008641765180398128;NORMAL
3.932;-0.01652095576232788;NORMAL
3.936;-0.03264150571699731;NORMAL
3.94;0.09755490511766583;NORMAL
3.944;0.017832555310918548;NORMAL
3.948;-0.015038834691674241;NORMAL
3.952;-0.10486269521393565;NORMAL
3.956;0.053147145212966034;NORMAL
3.96;0.058540093073086656;NORMAL
3.964;0.03056507691952013;NORMAL
3.968;-0.004784839176756456;NORMAL
3.972;0.019850319437456937;NORMAL
3.976;-0.0673607082002882;NORMAL
3.98;0.021025520594831173;NORMAL
3.984;-0.05754957927344713;NORMAL
3.988;-0.033407563305973165;NORMAL
3.992;0.043815810179757685;NORMAL
3.996;-0.015904997135602932;NORMAL
4.0;0.06231280204227087;NORMAL
4.0040000000000004;0.020774371894869807;NORMAL
4.008;-0.09380573737141745;NORMAL
4.0120000000000005;-0.010666883472873014;NORMAL
4.016;-0.029408937525152987;NORMAL
4.0200000000000005;-0.06417555130237898;NORMAL
4.024;0.024215246220986527;NORMAL
4.0280000000000005;-0.05933882431580315;NORMAL
4.032;0.0007422869513020861;NORMAL
4.0360000000000005;0.008755480338934083;NORMAL
4.04;-0.08472891717868988;NORMAL
4.0440000000000005;-0.059828938666338975;NORMAL
4.048;-0.0437525807791814;NORMAL
4.0520000000000005;0.03830416061155124;NORMAL
4.056;-0.012707895964403602;NORMAL
4.0600000000000005;-0.10781482724858943;NORMAL
4.064;-0.04401555471224759;NORMAL
4.0680000000000005;0.08723498122207485;NORMAL
4.072;0.019137050483572095;NORMAL
4.0760000000000005;-0.0335651534768843;NORMAL
4.08;0.014047546311595441;NORMAL
4.0840000000000005;-0.03921400374014539;NORMAL
4.088;0.04299725299930206;NORMAL
4.0920000000000005;-0.015876237198275484;NORMAL
4.096;0.019189573179515147;NORMAL
4.1;0.08014076614626618;NORMAL
4.104;0.04892841289988486;NORMAL
4.108;0.03212869734515923;NORMAL
4.112;-0.06844397397985157;NORMAL
4.116;-0.05382109151464082;NORMAL
4.12;-0.022915681477882043;NORMAL
4.124;0.04146474234201289;NORMAL
4.128;-0.011049548170610143;NORMAL
4.132;0.028045339580256175;NORMAL
4.136;-0.02338567149949661;NORMAL
4.14;-0.02152980639617852;NORMAL
4.144;0.016654294304551006;NORMAL
4.148;-0.0011049323451615427;NORMAL
4.152;0.00014222804588098968;NORMAL
4.156;-0.02401252518102681;NORMAL
4.16;0.006766171934811179;NORMAL
4.164;0.07584292353240848;NORMAL
4.168;0.09806634238599492;NORMAL
4.172;0.016183923367120597;NORMAL
4.176;-0.026931714465582242;NORMAL
4.18;-0.01396748520333977;NORMAL
4.184;-0.008453687705857844;NORMAL
4.188;0.03854854556206368;NORMAL
4.192;-0.08325567129878365;NORMAL
4.196;0.09478841728638514;NORMAL
4.2;0.0184482865340944;NORMAL
4.204;-0.162669609673878;NORMAL
4.208;-0.004388009465073835;NORMAL
4.212;-0.04876096781944122;NORMAL
4.216;0.031082989770853522;NORMAL
4.22;0.09711044985196488;NORMAL
4.224;0.03127603429171418;NORMAL
4.228;0.052091462015559434;NORMAL
4.232;0.03412182916630263;NORMAL
4.236;-0.012586038879921966;NORMAL
4.24;-0.011890245654044633;NORMAL
4.244;0.03533391303083633;NORMAL
4.248;-0.04623343204007127;NORMAL
4.252;-0.058839389018673506;NORMAL
4.256;0.002308389462399391;NORMAL
4.26;0.00424553744287802;NORMAL
4.264;-0.05584963257475972;NORMAL
4.268;0.029797049273840654;NORMAL
4.272;0.05317115533788137;NORMAL
4.276;-0.02378949090791887;NORMAL
4.28;-0.0021544381911656222;NORMAL
4.284;-0.04097132288074121;NORMAL
4.288;0.046520725230532606;NORMAL
4.292;-0.030012570402849714;NORMAL
4.296;0.013020926118084182;NORMAL
4.3;0.08062971748176584;NORMAL
4.304;0.0641338778211092;NORMAL
4.308;0.04732565406327389;NORMAL
4.312;-0.01967144004211044;NORMAL
4.316;-0.012355895243350547;NORMAL
4.32;-0.07997369626708464;NORMAL
4.324;0.049661970970509936;NORMAL
4.328;-0.010355481800154368;NORMAL
4.332;-0.0576068978474422;NORMAL
4.336;-0.007576380319953617;NORMAL
4.34;0.014173330658910655;NORMAL
4.344;0.07210871954635983;NORMAL
4.348;-0.035995964218833575;NORMAL
4.352;-0.044237548706516604;NORMAL
4.356;0.019773394060130248;NORMAL
4.36;0.050961995411839184;NORMAL
4.364;0.06907555085514204;NORMAL
4.368;-0.06388820078766959;NORMAL
4.372;-0.04905505831187011;NORMAL
4.376;0.03926566041424953;NORMAL
4.38;-0.028594731287547206;NORMAL
4.384;-0.020210706978793732;NORMAL
4.388;0.03326578280284694;NORMAL
4.392;0.017091820759346687;NORMAL
4.396;-0.030822750487315732;NORMAL
4.4;-0.03659648518363026;NORMAL
4.404;0.036128795259062485;NORMAL
4.408;0.013300559721267459;NORMAL
4.412;0.0003505959873623738;NORMAL
4.416;-0.05565348785441371;NORMAL
4.42;-0.05386782568461279;NORMAL
4.424;0.0063210269567609435;NORMAL
4.428;-0.07066098184259695;NORMAL
4.432;0.018474699378220015;NORMAL
4.436;0.025534288548930927;NORMAL
4.44;0.03547855122118844;NORMAL
4.444;-0.07208191991181187;NORMAL
4.448;0.044656611008414775;NORMAL
4.452;0.060761612253504446;NORMAL
4.456;0.08764799002288322;NORMAL
4.46;-0.041036188149666114;NORMAL
4.464;-0.01826959615975981;NORMAL
4.468;0.022321059779146373;NORMAL
4.472;-0.02320553019687544;NORMAL
4.476;0.007069377336659492;NORMAL
4.48;0.01651467108346112;NORMAL
4.484;0.089636129081321;NORMAL
4.488;0.022224832121705403;NORMAL
4.492;-0.02309758924545923;NORMAL
4.496;-0.0012104622085877094;NORMAL
4.5;0.039288318965021315;NORMAL
4.5040000000000004;0.0400954205551914;NORMAL
4.508;0.03291742873049657;NORMAL
4.5120000000000005;0.12562616276203997;NORMAL
4.516;0.0626275952684601;NORMAL
4.5200000000000005;0.08445509132426623;NORMAL
4.524;0.13838981202306844;NORMAL
4.5280000000000005;0.2312758771451784;NORMAL
4.532;0.3702461520787082;NORMAL
4.5360000000000005;0.4951244863591213;NORMAL
4.54;0.6215384817900164;NORMAL
4.5440000000000005;0.644252617961746;NORMAL
4.548;0.8700287539408854;NORMAL
4.5520000000000005;0.9482234828107351;NORMAL
4.556;1.061181475375422;NORMAL
4.5600000000000005;0.9171728683180141;BEAT
4.564;1.0235295996878744;NORMAL
4.5680000000000005;0.8877678323337129;NORMAL
4.572;0.9484533725427263;NORMAL
4.5760000000000005;0.7129946053990001;NORMAL
4.58;0.6745927880811301;NORMAL
4.5840000000000005;0.44744440752132936;NORMAL
4.588;0.3881283758918628;NORMAL
4.5920000000000005;0.3039832112225704;NORMAL
4.596;0.2091650608555445;NORMAL
4.6000000000000005;0.17145217665945167;NORMAL
4.604;0.09584849444678709;NORMAL
4.6080000000000005;0.03395894888914769;NORMAL
4.612;0.003451952117085405;NORMAL
4.616;0.06786642605427556;NORMAL
4.62;-0.006155058948741323;NORMAL
4.624;0.04160864509670276;NORMAL
4.628;-0.007805089174843233;NORMAL
4.632;0.05370704392215053;NORMAL
4.636;0.02318423708520974;NORMAL
4.64;-0.001763835062289818;NORMAL
4.644;0.03521060132827896;NORMAL
4.648;0.10611070294829407;NORMAL
4.652;-0.06986834950645034;NORMAL
4.656;-0.018138765403502663;NORMAL
4.66;0.007614430276093421;NORMAL
4.664;-0.044485197554151666;NORMAL
4.668;0.08025491137780721;NORMAL
4.672;0.024987068663999187;NORMAL
4.676;0.042563231482074054;NORMAL
4.68;0.017997622382016222;NORMAL
4.684;0.03852727649457104;NORMAL
4.688;-0.018744709935418578;NORMAL
4.692;-0.07250793809823633;NORMAL
4.696;0.07129583492737347;NORMAL
4.7;0.11274515774010402;NORMAL
4.704;-0.014835008530644815;NORMAL
4.708;0.0153192153143113;NORMAL
4.712;-0.022902741513651126;NORMAL
4.716;0.01073313503146927;NORMAL
4.72;-0.003932451188153678;NORMAL
4.724;0.07220132768617911;NORMAL
4.728;-0.06273927007214493;NORMAL
4.732;0.01878938465895507;NORMAL
4.736;0.022723901406465324;NORMAL
4.74;-0.000573481256710415;NORMAL
4.744;0.0598775513102963;NORMAL
4.748;-0.09684986372258625;NORMAL
4.752;-0.028932242470062708;NORMAL
4.756;-0.001607346406433918;NORMAL
4.76;0.06750751888953434;NORMAL
4.764;-0.04003319827843541;NORMAL
4.768;0.06167471191800932;NORMAL
4.772;-0.013736675017546477;NORMAL
4.776;0.0601428217761325;NORMAL
4.78;0.08968536677090755;NORMAL
4.784;0.005298373177523255;NORMAL
4.788;-0.052995063432141325;NORMAL
4.792;-0.011096699588201937;NORMAL
4.796;-0.1478089586874228;NORMAL
4.8;0.005176844270351095;NORMAL
4.804;0.047578027851473886;NORMAL
4.808;0.06420994327609812;NORMAL
4.812;0.034490380385284916;NORMAL
4.816;-0.006593952067842185;NORMAL
4.82;-0.0897914012453816;NORMAL
4.824;-0.0005144597901186156;NORMAL
4.828;-0.01760616677640815;NORMAL
4.832;0.00038497840620010416;NORMAL
4.836;-0.051947279271579966;NORMAL
4.84;0.004954512576435901;NORMAL
4.844;0.027860776106455366;NORMAL
4.848;-0.09218369012551786;NORMAL
4.852;-0.012666710061653971;NORMAL
4.856;0.060226562527804076;NORMAL
4.86;-0.02062544230204673;NORMAL
4.864;0.046634308358465805;NORMAL
4.868;0.0068248248828973405;NORMAL
4.872;-0.012184392522702764;NORMAL
4.876;0.0314392142168542;NORMAL
4.88;0.01762432062951953;NORMAL
4.884;0.04341015945977033;NORMAL
4.888;-0.0440773665499601;NORMAL
4.892;0.08871514098265304;NORMAL
4.896;0.04328060608698038;NORMAL
4.9;0.01922880483937655;NORMAL
4.904;0.06840942032395123;NORMAL
4.908;0.051926091074230143;NORMAL
4.912;-0.07174738495273475;NORMAL
4.916;0.022344750246173568;NORMAL
4.92;-0.07169960639762553;NORMAL
4.924;0.025141096416658522;NORMAL
4.928;-0.0021327610119460947;NORMAL
4.932;0.05866493559568086;NORMAL
4.936;-0.0518142947658404;NORMAL
4.94;-0.0898366829319353;NORMAL
4.944;0.13390949386066728;NORMAL
4.948;-0.005154821237401018;NORMAL
4.952;0.021105986698541412;NORMAL
4.956;-0.029194170956414633;NORMAL
4.96;0.04690123029536442;NORMAL
4.964;-0.0036876353427137084;NORMAL
4.968;0.005291869142251588;NORMAL
4.972;0.062202803489707297;NORMAL
4.976;-0.024789296160070303;NORMAL
4.98;-0.026132800274926246;NORMAL
4.984;0.058926416297835287;NORMAL
4.988;-0.01925221714975551;NORMAL
4.992;0.06411185481006094;NORMAL
4.996;0.043838349225858934;NORMAL
5.0;-0.08078034332299966;NORMAL
5.0040000000000004;0.057594598868552185;NORMAL
5.008;-0.04715714997190326;NORMAL
5.0120000000000005;0.07067611086206796;NORMAL
5.016;0.1076846430817896;NORMAL
5.0200000000000005;-0.018590312913557863;NORMAL
5.024;0.013632036073050417;NORMAL
5.0280000000000005;0.010307274850825153;NORMAL
5.032;0.03130167859024561;NORMAL
5.0360000000000005;0.01590458211536017;NORMAL
5.04;-0.014853428045002415;NORMAL
5.0440000000000005;-0.011906553942788604;NORMAL
5.048;0.07517764221619896;NORMAL
5.0520000000000005;0.014585510595380255;NORMAL
5.056;0.008981018739874832;NORMAL
5.0600000000000005;0.01698169646837684;NORMAL
5.064;-0.013979435835786612;NORMAL
5.0680000000000005;0.008149796414603465;NORMAL
5.072;0.03707858096200378;NORMAL
5.0760000000000005;-0.005396007908189328;NORMAL
5.08;-0.010110970893860892;NORMAL
5.0840000000000005;0.062434129951202844;NORMAL
5.088;0.04297187812849099;NORMAL
5.0920000000000005;-0.04741519232193944;NORMAL
5.096;-0.07157501326762765;NORMAL
5.1000000000000005;0.04315925256412715;NORMAL
5.104;-0.017548315216641994;NORMAL
5.1080000000000005;-0.05955660487247381;NORMAL
5.112;-0.10613619722813045;NORMAL
5.1160000000000005;-0.019313128141608144;NORMAL
5.12;-0.07189793154780734;NORMAL
5.124;0.014344270715645473;NORMAL
5.128;0.0822120554368088;NORMAL
5.132;-0.04642227971922269;NORMAL
5.136;0.03007999271444365;NORMAL
5.14;0.05830834402347984;NORMAL
5.144;-0.030201962521873377;NORMAL
5.148;0.0421119423572709;NORMAL
5.152;0.0716778902282086;NORMAL
5.156;-0.05288842714839769;NORMAL
5.16;0.04568913296570592;NORMAL
5.164;0.0010850182097035016;NORMAL
5.168;0.05042101161009966;NORMAL
5.172;0.018482321482034565;NORMAL
5.176;-0.040721002489932254;NORMAL
5.18;-0.036183362202272876;NORMAL
5.184;-0.046910276676647246;NORMAL
5.188;-0.07136225673266679;NORMAL
5.192;-0.012419523788499297;NORMAL
5.196;-0.023905657261446975;NORMAL
5.2;-0.01842796107382739;NORMAL
5.204;0.08429162567579515;NORMAL
5.208;-0.023081621697229975;NORMAL
5.212;0.012870780468124005;NORMAL
5.216;-0.044025750282258275;NORMAL
5.22;-0.07217934172310196;NORMAL
5.224;0.03208792252191606;NORMAL
5.228;-0.07587190157086643;NORMAL
5.232;0.031789156473409144;NORMAL
5.236;-0.0004557115347625933;NORMAL
5.24;0.10523971658016988;NORMAL
5.244;0.027918265119908185;NORMAL
5.248;0.059501978242809755;NORMAL
5.252;0.02498685282318316;NORMAL
5.256;0.01923945533668183;NORMAL
5.26;0.08648997317960191;NORMAL
5.264;-0.01759411399934695;NORMAL
5.268;-0.052613448584481526;NORMAL
5.272;-0.0629992094493157;NORMAL
5.276;0.0426667666116471;NORMAL
5.28;0.07665550102096122;NORMAL
5.284;0.13205203557237105;NORMAL
5.288;0.12662583653361975;NORMAL
5.292;0.10234123604421455;NORMAL
5.296;0.2985494463472834;NORMAL
5.3;0.41371105970432853;NORMAL
5.304;0.4702628428824031;NORMAL
5.308;0.6261514699524743;NORMAL
5.312;0.7301353003294271;NORMAL
5.316;0.8271686999502288;NORMAL
5.32;0.9558104338187291;NORMAL
5.324;0.9906481323585614;NORMAL
5.328;1.0115096575943936;BEAT
5.332;0.9768667273018378;NORMAL
5.336;0.8802062179592525;NORMAL
5.34;0.8563058166097404;NORMAL
5.344;0.8171431307488224;NORMAL
5.348;0.7014963902976616;NORMAL
5.352;0.5331925787347855;NORMAL
5.356;0.3348200730061098;NORMAL
5.36;0.22236498500977184;NORMAL
5.364;0.20183621668053137;NORMAL
5.368;0.1465670955602038;NORMAL
5.372;0.06191169714479135;NORMAL
5.376;-0.009942089791279127;NORMAL
5.38;0.008391557217080597;NORMAL
5.384;0.02027085524464518;NORMAL
5.388;-0.02218837313842769;NORMAL
5.392;0.09511876631994348;NORMAL
5.396;-0.04868473116728565;NORMAL
5.4;0.03645404497294661;NORMAL
5.404;0.00048478592979412977;NORMAL
5.408;0.01903023711110368;NORMAL
5.412;-0.04389565677166454;NORMAL
5.416;-0.036895538111364846;NORMAL
5.42;-0.060431994467732765;NORMAL
5.424;0.04452000593979339;NORMAL
5.428;0.033758410189633624;NORMAL
5.432;0.07055081468261237;NORMAL
5.436;-0.10064639689035801;NORMAL
5.44;0.0012531466475435593;NORMAL
5.444;0.014457156015936376;NORMAL
5.448;-0.014718983699052954;NORMAL
5.452;0.0004845563992571063;NORMAL
5.456;0.01771293329888196;NORMAL
5.46;-0.07553387417872355;NORMAL
5.464;-0.03307803982848332;NORMAL
5.468;-0.0377367811380174;NORMAL
5.472;0.01033464824225338;NORMAL
5.476;-0.03765000230104275;NORMAL
5.48;-0.07048916458609719;NORMAL
5.484;-0.013743481526779445;NORMAL
5.488;0.11963064852162865;NORMAL
5.492;-0.04406691701451817;NORMAL
5.496;-0.02504998240645662;NORMAL
5.5;0.0599929744489512;NORMAL
5.5040000000000004;-0.08129696239278877;NORMAL
5.508;-0.048430074822337604;NORMAL
5.5120000000000005;-0.03568725490709733;NORMAL
5.516;-0.03223577472287211;NORMAL
5.5200000000000005;-0.08455451634826341;NORMAL
5.524;-0.019427354690337968;NORMAL
5.5280000000000005;0.01885348458408658;NORMAL
5.532;-0.0012351820659285088;NORMAL
5.5360000000000005;0.02990666049360549;NORMAL
5.54;-0.034787736089031504;NORMAL
5.5440000000000005;-0.041693999000598524;NORMAL
5.548;-0.028350200450605607;NORMAL
5.5520000000000005;-0.024373126379650153;NORMAL
5.556;0.013897898147363858;NORMAL
5.5600000000000005;0.06570766800263801;NORMAL
5.564;0.03193399412822668;NORMAL
5.5680000000000005;0.006908881007171793;NORMAL
5.572;-0.06141056861485118;NORMAL
5.5760000000000005;-0.004297435295886051;NORMAL
5.58;0.016464379217617103;NORMAL
5.5840000000000005;0.009787051527899195;NORMAL
5.588;0.029863524644783004;NORMAL
5.5920000000000005;-0.008108836967614361;NORMAL
5.596;-0.027781456444030628;NORMAL
5.6000000000000005;-0.03394607308396926;NORMAL
5.604;-0.00498379379498395;NORMAL
5.6080000000000005;-0.051126138634944356;NORMAL
5.612;0.0374136848463408;NORMAL
5.6160000000000005;0.07317408398172141;NORMAL
5.62;0.00464497232248658;NORMAL
5.6240000000000006;0.012475460673597007;NORMAL
5.628;0.030667330583106556;NORMAL
5.632;0.07274898216624272;NORMAL
5.636;0.040909489482762934;NORMAL
5.64;0.053218830111922966;NORMAL
5.644;-0.026678089157424447;NORMAL
5.648;0.040682490072049084;NORMAL
5.652;-0.018889498423680123;NORMAL
5.656;0.018398498593798777;NORMAL
5.66;0.00882494286238826;NORMAL
5.664;0.02054997154640908;NORMAL
5.668;-0.10310964089972999;NORMAL
5.672;-0.007147060029355468;NORMAL
5.676;-0.061408774579775144;NORMAL
5.68;-0.010198181605283928;NORMAL
5.684;-0.038767982231783044;NORMAL
5.688;-0.03688185446654359;NORMAL
5.692;0.00254203820188512;NORMAL
5.696;0.013061860445374787;NORMAL
5.7;-0.08672964666207618;NORMAL
5.704;0.00807940611177773;NORMAL
5.708;0.04306700852635159;NORMAL
5.712;0.05216479370035474;NORMAL
5.716;0.002797550239681991;NORMAL
5.72;-0.14857365260132185;NORMAL
5.724;-0.005964332793876096;NORMAL
5.728;0.08479269900123654;NORMAL
5.732;0.08986917852019932;NORMAL
5.736;-0.04239272537436383;NORMAL
5.74;-0.01009172955161739;NORMAL
5.744;-0.022702758488251033;NORMAL
5.748;-0.05283595567719423;NORMAL
5.752;-0.01462820825464788;NORMAL
5.756;-0.016293583116767128;NORMAL
5.76;0.07314759911460948;NORMAL
5.764;0.03050487619496572;NORMAL
5.768;0.006006792389887138;NORMAL
5.772;-0.014670642946712593;NORMAL
5.776;0.09479706640694101;NORMAL
5.78;0.0013860738778653141;NORMAL
5.784;-0.09235242973154774;NORMAL
5.788;-0.01182009335788236;NORMAL
5.792;-0.06103926355317516;NORMAL
5.796;-0.11173026808053257;NORMAL
5.8;-0.026949761891316728;NORMAL
5.804;-0.08231055264650672;NORMAL
5.808;0.024520514001196776;NORMAL
5.812;0.030203478636605836;NORMAL
5.816;0.013682103000504662;NORMAL
5.82;-0.07143294735280765;NORMAL
5.824;0.021230757043810708;NORMAL
5.828;-0.048737169864231475;NORMAL
5.832;-0.03136101275652432;NORMAL
5.836;0.0965070957369788;NORMAL
5.84;0.010525931248387172;NORMAL
5.844;0.06315268147714002;NORMAL
5.848;-0.07187094625332285;NORMAL
5.852;0.01747572213891432;NORMAL
5.856;-0.06004138692417171;NORMAL
5.86;-0.05249701499801516;NORMAL
5.864;-0.0011796448753671716;NORMAL
5.868;0.043721609378587906;NORMAL
5.872;-0.017711331770940444;NORMAL
5.876;0.05826238544567546;NORMAL
5.88;0.0960136178744887;NORMAL
5.884;-0.025028848120495824;NORMAL
5.888;0.10989044326079123;NORMAL
5.892;0.062228943578358814;NORMAL
5.896;0.06986128721558017;NORMAL
5.9;-0.0173093615243576;NORMAL
5.904;-0.03182683759108745;NORMAL
5.908;-0.03512230927145168;NORMAL
5.912;0.07569215057677463;NORMAL
5.916;0.06129137845657935;NORMAL
5.92;0.10659350502534276;NORMAL
5.924;0.012917994674762793;NORMAL
5.928;0.053546389016750844;NORMAL
5.932;-0.028282321042582676;NORMAL
5.936;-0.08606307652088419;NORMAL
5.94;-0.048205283668161514;NORMAL
5.944;-0.021304689617948413;NORMAL
5.948;0.009860887319964219;NORMAL
5.952;0.022124547337209283;NORMAL
5.956;0.01537238111840578;NORMAL
5.96;0.08626004007995484;NORMAL
5.964;0.02151773015897651;NORMAL
5.968;-0.050651910509507105;NORMAL
5.972;0.017410553143852894;NORMAL
5.976;-0.06586694784234838;NORMAL
5.98;0.06097760091671577;NORMAL
5.984;0.10527810938373479;NORMAL
5.988;-0.015373178702482906;NORMAL
5.992;-0.006446603973237161;NORMAL
5.996;0.025002438362775877;NORMAL
6.0;-0.011985450569790758;NORMAL
6.0040000000000004;0.05716485562895423;NORMAL
6.008;0.025225815429060917;NORMAL
6.0120000000000005;-0.029321740041473712;NORMAL
6.016;-0.03738060753153342;NORMAL
6.0200000000000005;-0.01096220997655955;NORMAL
6.024;0.0038615296290234824;NORMAL
6.0280000000000005;0.05564277559112232;NORMAL
6.032;0.04317136697102256;NORMAL
6.0360000000000005;-0.005291002965005131;NORMAL
6.04;-0.025640861063519982;NORMAL
6.0440000000000005;0.04918421658770307;NORMAL
6.048;-0.06501336511557095;NORMAL
6.0520000000000005;0.046546407306390945;NORMAL
6.056;0.002315582946792132;NORMAL
6.0600000000000005;-0.02465998279268422;NORMAL
6.064;-0.05058240547267007;NORMAL
6.0680000000000005;0.046575427297041706;NORMAL
6.072;0.09233883332099548;NORMAL
6.0760000000000005;0.06049801611276532;NORMAL
6.08;0.00493306511779969;NORMAL
6.0840000000000005;0.061774557033065454;NORMAL
6.088;0.002151744879673401;NORMAL
6.0920000000000005;0.058402795099963906;NORMAL
6.096;-0.06525973005835757;NORMAL
6.1000000000000005;0.055002804314373537;NORMAL
6.104;0.06481665497856377;NORMAL
6.1080000000000005;-0.033068708137985216;NORMAL
6.112;0.02211752004241272;NORMAL
6.1160000000000005;0.07753697174845586;NORMAL
6.12;0.07425921129520571;NORMAL
6.1240000000000006;-0.031747194820422334;NORMAL
6.128;-0.029238333687523523;NORMAL
6.132000000000001;0.026539967979771296;NORMAL
6.136;-0.013296531450910856;NORMAL
6.140000000000001;0.0438776803485515;NORMAL
6.144;0.001086772906725863;NORMAL
6.148;0.02169333335716004;NORMAL
6.152;0.00892605354465213;NORMAL
6.156;0.010162806081387605;NORMAL
6.16;-0.08042697056056447;NORMAL
6.164;0.05463987923236687;NORMAL
6.168;0.0724329036486037;NORMAL
6.172;0.08471646429717063;NORMAL
6.176;0.15933545369371874;NORMAL
6.18;0.1933761612062593;NORMAL
6.184;0.3134669190166359;NORMAL
6.188;0.39981791163024943;NORMAL
6.192;0.4910223188667207;NORMAL
6.196;0.6779922765183547;NORMAL
6.2;0.667528890867329;NORMAL
6.204;0.8115776633884865;NORMAL
6.208;0.9349313958691801;NORMAL
6.212;1.0056994597660767;NORMAL
6.216;0.9608806493645111;BEAT
6.22;0.9740062067593833;NORMAL
6.224;0.9372001842241678;NORMAL
6.228;0.7539107890174701;NORMAL
6.232;0.616474998666619;NORMAL
6.236;0.6078843434941674;NORMAL
6.24;0.49012803919463266;NORMAL
6.244;0.3352171576517337;NORMAL
6.248;0.27055207482309435;NORMAL
6.252;0.1693450253594665;NORMAL
6.256;0.10174752764469233;NORMAL
6.26;0.02116932475793805;NORMAL
6.264;0.09229767800649802;NORMAL
6.268;-0.025870397285996903;NORMAL
6.272;0.0884939845696005;NORMAL
6.276;0.002679559854312591;NORMAL
6.28;-0.007024391018394262;NORMAL
6.284;0.029754176068310982;NORMAL
6.288;-0.0025817903832292786;NORMAL
6.292;0.09824672566472854;NORMAL
6.296;0.004588567551695006;NORMAL
6.3;0.009418756164811144;NORMAL
6.304;0.003977072152185972;NORMAL
6.308;0.011889706616533746;NORMAL
6.312;-0.010714845586564383;NORMAL
6.316;-0.00271941241296;NORMAL
6.32;0.0029027942963451877;NORMAL
6.324;-0.0010659380240585045;NORMAL
6.328;-0.12454060169683097;NORMAL
6.332;-0.09035426170138863;NORMAL
6.336;0.06616810142494718;NORMAL
6.34;-0.06908299926561257;NORMAL
6.344;-0.04625181621104139;NORMAL
6.348;-0.1076748401407386;NORMAL
6.352;0.043472932007209864;NORMAL
6.356;-0.10458796488721556;NORMAL
6.36;-0.014988131290840206;NORMAL
6.364;0.026801405519510966;NORMAL
6.368;0.007035132507785174;NORMAL
6.372;0.02695918461814901;NORMAL
6.376;-0.07019140640174022;NORMAL
6.38;0.004404904209914456;NORMAL
6.384;0.033052529122489925;NORMAL
6.388;-0.0277689927370416;NORMAL
6.392;0.01007526117551426;NORMAL
6.396;0.010280667694108837;NORMAL
6.4;-0.03209097323842958;NORMAL
6.404;0.008581394825197809;NORMAL
6.408;0.05138419425975049;NORMAL
6.412;0.006309515827582552;NORMAL
6.416;-0.1311227302802619;NORMAL
6.42;0.03829892629264924;NORMAL
6.424;-0.05582071186418117;NORMAL
6.428;-0.10371242995977573;NORMAL
6.432;-0.054830001346531355;NORMAL
6.436;0.04235260147940817;NORMAL
6.44;-0.09604846473886204;NORMAL
6.444;0.03380599260309723;NORMAL
6.448;-0.04781776944613111;NORMAL
6.452;0.04202476671502797;NORMAL
6.456;-0.013565678989318285;NORMAL
6.46;0.06461094762353185;NORMAL
6.464;0.04274544429995204;NORMAL
6.468;0.049905792302248675;NORMAL
6.472;-0.038477833652067236;NORMAL
6.476;0.024198469309837566;NORMAL
6.48;0.03870655727763082;NORMAL
6.484;0.006208276682092496;NORMAL
6.488;-0.020001603658820824;NORMAL
6.492;-0.0044743213138526555;NORMAL
6.496;-0.05469700451868223;NORMAL
6.5;-0.004832110920170718;NORMAL
6.5040000000000004;0.0063195544611275665;NORMAL
6.508;-0.05303549868180776;NORMAL
6.5120000000000005;-0.026998566202060495;NORMAL
6.516;0.029633777321911782;NORMAL
6.5200000000000005;0.08393882523986947;NORMAL
6.524;0.015382171853530711;NORMAL
6.5280000000000005;0.008479655821818744;NORMAL
6.532;-0.006295020827071007;NORMAL
6.5360000000000005;0.04263484701087414;NORMAL
6.54;0.0035368721187667403;NORMAL
6.5440000000000005;-0.017920950897576487;NORMAL
6.548;-0.044391029634213555;NORMAL
6.5520000000000005;0.001847430064864632;NORMAL
6.556;-0.012497633143684149;NORMAL
6.5600000000000005;0.04956394962448601;NORMAL
6.564;-0.0018439607904149982;NORMAL
6.5680000000000005;0.058699336480601695;NORMAL
6.572;-0.08180042544762667;NORMAL
6.5760000000000005;-0.04628734402662374;NORMAL
6.58;0.007012934504963964;NORMAL
6.5840000000000005;0.08376934929305568;NORMAL
6.588;-0.030957097342802827;NORMAL
6.5920000000000005;0.012667689153572177;NORMAL
6.596;-0.034036070853278824;NORMAL
6.6000000000000005;-0.025850346664694997;NORMAL
6.604;0.07763544089393191;NORMAL
6.6080000000000005;-0.023599587294950288;NORMAL
6.612;-0.06094249447946898;NORMAL
6.6160000000000005;0.0012213380333216286;NORMAL
6.62;0.006986558854520472;NORMAL
6.6240000000000006;-0.050045883745769786;NORMAL
6.628;0.0007007325463267182;NORMAL
6.632000000000001;-0.037028077131756945;NORMAL
6.636;-0.019760685529694927;NORMAL
6.640000000000001;0.0709040382006695;NORMAL
6.644;0.022572787512323642;NORMAL
6.648000000000001;0.010030862930250272;NORMAL
6.652;0.06923993471201974;NORMAL
6.656000000000001;-0.02293825990068958;NORMAL
6.66;0.026263113613508582;NORMAL
6.664;0.024885211618447305;NORMAL
6.668;0.03135661552937314;NORMAL
6.672;0.018815772642312115;NORMAL
6.676;-0.06052591579536572;NORMAL
6.68;-0.07445173892778317;NORMAL
6.684;0.01539054280061776;NORMAL
6.688;0.04708939936679788;NORMAL
6.692;-0.14856783900512402;NORMAL
6.696;-0.04305879425057364;NORMAL
6.7;-0.06271820821351602;NORMAL
6.704;-0.0759424700937113;NORMAL
6.708;0.08535989456572882;NORMAL
6.712;0.038960567212808904;NORMAL
6.716;-0.03971303112045461;NORMAL
6.72;-0.007252009577379139;NORMAL
6.724;-0.047760208174188225;NORMAL
6.728;0.0772962233883071;NORMAL
6.732;0.05499238603738843;NORMAL
6.736;-0.021929486338563106;NORMAL
6.74;0.03328148968577699;NORMAL
6.744;-0.050208607227679274;NORMAL
6.748;-0.007963793231296758;NORMAL
6.752;-0.04753585578224126;NORMAL
6.756;-0.004386326784881339;NORMAL
6.76;0.00940718271666912;NORMAL
6.764;-0.026629675713198533;NORMAL
6.768;-0.0052424350213255595;NORMAL
6.772;-0.014302425918037069;NORMAL
6.776;0.0019510733112239375;NORMAL
6.78;0.025660460678656752;NORMAL
6.784;-0.007776158145155501;NORMAL
6.788;-0.047021498713710114;NORMAL
6.792;-0.03564706372851633;NORMAL
6.796;-0.08543155355143972;NORMAL
6.8;-0.006252906939034214;NORMAL
6.804;0.0042271203863270615;NORMAL
6.808;-0.03556362685871111;NORMAL
6.812;0.06490778671801335;NORMAL
6.816;-0.03644574858222653;NORMAL
6.82;0.027533927254110753;NORMAL
6.824;0.06240285970775986;NORMAL
6.828;0.023200161013297634;NORMAL
6.832;-0.019351101938329958;NORMAL
6.836;-0.006750334117453092;NORMAL
6.84;-0.020534914772592044;NORMAL
6.844;-0.03010700926421941;NORMAL
6.848;0.01703331369778872;NORMAL
6.852;0.028033950579594465;NORMAL
6.856;0.0853077442289991;NORMAL
6.86;0.010502779045076086;NORMAL
6.864;-0.017368741160477184;NORMAL
6.868;0.06407262534285021;NORMAL
6.872;-0.023225342267219506;NORMAL
6.876;0.0190622914195541;NORMAL
6.88;0.060725177337622616;NORMAL
6.884;0.009417882365937623;NORMAL
6.888;0.01618402536974029;NORMAL
6.892;0.03648613226193296;NORMAL
6.896;0.0820235332208415;NORMAL
6.9;-0.0032726140776644947;NORMAL
6.904;-0.019061145627849215;NORMAL
6.908;0.004899937712290382;NORMAL
6.912;-0.002604109818954776;NORMAL
6.916;-0.053780485602183375;NORMAL
6.92;-0.04604347290050917;NORMAL
6.924;0.0012906136409736647;NORMAL
6.928;-0.002077293087962719;NORMAL
6.932;-0.004845337645456552;NORMAL
6.936;0.05913124814752074;NORMAL
6.94;0.024250862533174884;NORMAL
6.944;0.033407669527538215;NORMAL
6.948;0.02451685402489029;NORMAL
6.952;-0.008450529501051641;NORMAL
6.956;-0.026147799869740758;NORMAL
6.96;0.06483613551926071;NORMAL
6.964;-0.029761262691444076;NORMAL
6.968;0.06474786551214277;NORMAL
6.972;-0.04706965028367611;NORMAL
6.976;0.02070491778974625;NORMAL
6.98;0.0469834095623851;NORMAL
6.984;-0.0411383565932307;NORMAL
6.988;0.0167136176815362;NORMAL
6.992;0.0813473847038764;NORMAL
6.996;0.04024432681162532;NORMAL
7.0;-0.028405818825787087;NORMAL
7.0040000000000004;-0.11197649029610071;NORMAL
7.008;-0.01591950504962257;NORMAL
7.0120000000000005;0.0343618349251994;NORMAL
7.016;-0.06879461974847452;NORMAL
7.0200000000000005;-0.0547287253655397;NORMAL
7.024;-0.031338298346421746;NORMAL
7.0280000000000005;0.027237627669077273;NORMAL
7.032;-0.04725315344908174;NORMAL
7.0360000000000005;0.053038992905183956;NORMAL
7.04;0.020753263228546877;NORMAL
7.0440000000000005;-0.030550245654464334;NORMAL
7.048;-0.03415218135387212;NORMAL
7.0520000000000005;0.05084798621379409;NORMAL
7.056;0.012187595840674019;NORMAL
7.0600000000000005;0.03584525661339462;NORMAL
7.064;0.06481486748136152;NORMAL
7.0680000000000005;-0.02427803419127424;NORMAL
7.072;0.024849372422644962;NORMAL
7.0760000000000005;-0.024251642666523916;NORMAL
7.08;-0.0064046245747616005;NORMAL
7.0840000000000005;0.03658655979464702;NORMAL
7.088;0.06571702035095409;NORMAL
7.0920000000000005;0.054503171269665;NORMAL
7.096;0.07581433012378722;NORMAL
7.1000000000000005;0.08859316448771916;NORMAL
7.104;0.048342435745131675;NORMAL
7.1080000000000005;0.09696844158927717;NORMAL
7.112;0.20833750674284648;NORMAL
7.1160000000000005;0.41428197464264593;NORMAL
7.12;0.3639110934052009;NORMAL
7.1240000000000006;0.5126574275709795;NORMAL
7.128;0.540650958081189;NORMAL
7.132000000000001;0.6072223706710407;NORMAL
7.136;0.9256009008546376;NORMAL
7.140000000000001;0.8447090569139858;NORMAL
7.144;0.9575066411470058;NORMAL
7.148000000000001;0.9403318513465163;BEAT
7.152;0.996968163495993;NORMAL
7.156000000000001;0.9586430288305928;NORMAL
7.16;0.811981232789112;NORMAL
7.164000000000001;0.7374444218561612;NORMAL
7.168;0.7079491716959101;NORMAL
7.172;0.5044825827737676;NORMAL
7.176;0.3784360584070285;NORMAL
7.18;0.22647000815575466;NORMAL
7.184;0.19900987255085564;NORMAL
7.188;0.0846651504266272;NORMAL
7.192;0.0035789862280901363;NORMAL
7.196;0.058988633432852086;NORMAL
7.2;0.04164991247579412;NORMAL
7.204;-0.0678843740088593;NORMAL
7.208;0.04492440246887509;NORMAL
7.212;0.03945989586789584;NORMAL
7.216;-0.07030853127687793;NORMAL
7.22;-0.03206138146690704;NORMAL
7.224;0.019771362916161647;NORMAL
7.228;0.0704747973022941;NORMAL
7.232;0.09173102673111834;NORMAL
7.236;-0.04966418402911605;NORMAL
7.24;0.049043817398076804;NORMAL
7.244;-0.07212892188094969;NORMAL
7.248;0.04638248613116241;NORMAL
7.252;0.006381540524588284;NORMAL
7.256;0.007220964594254723;NORMAL
7.26;0.003748981194923639;NORMAL
7.264;-0.02085372149467285;NORMAL
7.268;-0.008869409128467013;NORMAL
7.272;0.066496716728305;NORMAL
7.276;0.04844163322815757;NORMAL
7.28;-0.022088705281406263;NORMAL
7.284;0.029708821428282857;NORMAL
7.288;0.015552471400062306;NORMAL
7.292;0.06701913526346504;NORMAL
7.296;-0.04659409238999015;NORMAL
7.3;0.04935341324814006;NORMAL
7.304;0.04792461999793614;NORMAL
7.308;-0.004934989126776197;NORMAL
7.312;-0.048697365672566044;NORMAL
7.316;0.0753583262102693;NORMAL
7.32;-0.023620847496647612;NORMAL
7.324;-0.011991009984670916;NORMAL
7.328;0.05201542813250664;NORMAL
7.332;-0.06908700254782806;NORMAL
7.336;0.01944754564658227;NORMAL
7.34;-0.05702098358832774;NORMAL
7.344;0.066167877779413;NORMAL
7.348;-0.014299675180884368;NORMAL
7.352;-0.01149677359196746;NORMAL
7.356;-0.08632761842187968;NORMAL
7.36;0.020249315114368057;NORMAL
7.364;-0.034898140534707724;NORMAL
7.368;-0.01802241325564813;NORMAL
7.372;0.0380466661889835;NORMAL
7.376;-0.14867178559750108;NORMAL
7.38;0.016393493886221484;NORMAL
7.384;-0.018397462033505813;NORMAL
7.388;0.04230606577422303;NORMAL
7.392;-0.034044889913299466;NORMAL
7.396;-0.04479487338229039;NORMAL
7.4;0.02332239202007111;NORMAL
7.404;-0.06306697353231971;NORMAL
7.408;-0.07138054403229056;NORMAL
7.412;0.0771427601977533;NORMAL
7.416;0.04493200436933082;NORMAL
7.42;0.008181970640799825;NORMAL
7.424;-0.06029738660189037;NORMAL
7.428;-0.027344256838405235;NORMAL
7.432;0.011074747310210522;NORMAL
7.436;-0.05437375479068898;NORMAL
7.44;0.025578643276164322;NORMAL
7.444;0.010771154433839858;NORMAL
7.448;0.08058700514343656;NORMAL
7.452;0.0016075337412603395;NORMAL
7.456;0.07558320555861812;NORMAL
7.46;-0.079454176036489;NORMAL
7.464;-0.03261872995968624;NORMAL
7.468;-0.024270886338436097;NORMAL
7.472;0.08562401793518716;NORMAL
7.476;-0.06648888845970193;NORMAL
7.48;-0.018191230599845894;NORMAL
7.484;0.017840528668523047;NORMAL
7.488;0.03711629895337379;NORMAL
7.492;0.04923851950849261;NORMAL
7.496;0.06073150801644466;NORMAL
7.5;0.011713964948842446;NORMAL
7.5040000000000004;-0.04098370092577346;NORMAL
7.508;-0.010038608402399632;NORMAL
7.5120000000000005;-0.03621532214047165;NORMAL
7.516;0.006266623928416846;NORMAL
7.5200000000000005;0.07365249288608128;NORMAL
7.524;-0.012065645670278667;NORMAL
7.5280000000000005;-0.05286092357846742;NORMAL
7.532;-0.001286767176480711;NORMAL
7.5360000000000005;-0.07628232070729828;NORMAL
7.54;-0.050971460625525794;NORMAL
7.5440000000000005;-0.03656048111251883;NORMAL
7.548;0.05337077863167851;NORMAL
7.5520000000000005;0.05439811436213167;NORMAL
7.556;0.05318026657444768;NORMAL
7.5600000000000005;-0.007692164009332252;NORMAL
7.564;-0.019922891794825755;NORMAL
7.5680000000000005;-0.07981325792585087;NORMAL
7.572;-0.04309963711916437;NORMAL
7.5760000000000005;0.09437392572336246;NORMAL
7.58;0.0025463563974964;NORMAL
7.5840000000000005;0.016792037545398347;NORMAL
7.588;-0.02155150474790459;NORMAL
7.5920000000000005;0.02415468337225005;NORMAL
7.596;0.03285528619059427;NORMAL
7.6000000000000005;-0.011367687319631033;NORMAL
7.604;0.13514336604442873;NORMAL
7.6080000000000005;-0.029467082625646096;NORMAL
7.612;0.10522697922204881;NORMAL
7.6160000000000005;-0.006521838499054589;NORMAL
7.62;0.02941437342766829;NORMAL
7.6240000000000006;0.09375135010878818;NORMAL
7.628;-0.07186994475236698;NORMAL
7.632000000000001;-0.08557336307187105;NORMAL
7.636;-0.0576015033763156;NORMAL
7.640000000000001;-0.07846602022884194;NORMAL
7.644;-0.0640059077025436;NORMAL
7.648000000000001;0.048936276215421355;NORMAL
7.652;0.05067190199645821;NORMAL
7.656000000000001;0.0039151123331930765;NORMAL
7.66;-0.025004869656786357;NORMAL
7.664000000000001;0.039673297607569505;NORMAL
7.668;0.0010604460164738568;NORMAL
7.672000000000001;0.06515115848886453;NORMAL
7.676;-0.03980628056512987;NORMAL
7.68;-0.023128500290257297;NORMAL
7.684;-0.016933295840086852;NORMAL
7.688;-0.03513916471605742;NORMAL
7.692;-0.11895305494302018;NORMAL
7.696;0.02549510841697264;NORMAL
7.7;0.002958869386373214;NORMAL
7.704;-0.024292030644012124;NORMAL
7.708;-0.04200955266773615;NORMAL
7.712;-0.02801313383895501;NORMAL
7.716;0.03950559668922893;NORMAL
7.72;0.027898548020997574;NORMAL
7.724;0.014832831543577186;NORMAL
7.728;-0.07932102837217961;NORMAL
7.732;0.0934577905923015;NORMAL
7.736;-0.07970585315395767;NORMAL
7.74;-0.05670826227456423;NORMAL
7.744;-0.0057643583371600245;NORMAL
7.748;-0.17181391411301639;NORMAL
7.752;0.012830740325231333;NORMAL
7.756;0.018022014301546683;NORMAL
7.76;-0.006666400672399656;NORMAL
7.764;0.034746706085588934;NORMAL
7.768;-0.03881514790041794;NORMAL
7.772;-0.019550707992626773;NORMAL
7.776;0.02485783643160121;NORMAL
7.78;0.009466838573829246;NORMAL
7.784;-0.04719166488652707;NORMAL
7.788;-0.07240132088571645;NORMAL
7.792;-0.08368393666348553;NORMAL
7.796;0.04065328690726002;NORMAL
7.8;-0.008109063070108617;NORMAL
7.804;0.003438255493271782;NORMAL
7.808;0.13696254517260717;NORMAL
7.812;0.05242193430457436;NORMAL
7.816;-0.006007063715421614;NORMAL
7.82;0.0025004535587212005;NORMAL
7.824;-0.02953882877389834;NORMAL
7.828;0.08595761583136366;NORMAL
7.832;-0.019391216889026962;NORMAL
7.836;-0.017117577913906036;NORMAL
7.84;-0.05929762661939123;NORMAL
7.844;-0.027118670749353868;NORMAL
7.848;0.01960668762337656;NORMAL
7.852;0.01892346010651306;NORMAL
7.856;-0.010516791332688156;NORMAL
7.86;-0.037319835496728314;NORMAL
7.864;0.09894902718956006;NORMAL
7.868;-0.020488632701993914;NORMAL
7.872;-0.049204208363742924;NORMAL
7.876;0.005419768367817323;NORMAL
7.88;0.032908107590217964;NORMAL
7.884;-0.05299131461740947;NORMAL
7.888;-0.020485037667414767;NORMAL
7.892;-0.019409926597444872;NORMAL
7.896;0.029609505825230115;NORMAL
7.9;0.01182760493855446;NORMAL
7.904;0.050295027149065995;NORMAL
7.908;-0.056789919675316464;NORMAL
7.912;0.05378423901247495;NORMAL
7.916;0.020817515676289935;NORMAL
7.92;-0.0038535872755241043;NORMAL
7.924;-0.022803900047728174;NORMAL
7.928;-0.007154039808995366;NORMAL
7.932;-0.07271073382237712;NORMAL
7.936;-0.06799819278554302;NORMAL
7.94;0.01205254073713943;NORMAL
7.944;-0.08718826843087751;NORMAL
7.948;-0.008381384934961177;NORMAL
7.952;-0.05519914842195023;NORMAL
7.956;-0.00781930792833312;NORMAL
7.96;0.03419740758127186;NORMAL
7.964;0.010167488599343643;NORMAL
7.968;-0.0803424213091644;NORMAL
7.972;0.0714159944267016;NORMAL
7.976;-0.03153738193285199;NORMAL
7.98;-0.021377231790991075;NORMAL
7.984;-0.08597491605575631;NORMAL
7.988;0.04383310391073568;NORMAL
7.992;0.05509832628336496;NORMAL
7.996;-0.010351602527535201;NORMAL
8.0;-0.05330888114700194;NORMAL
8.004;0.054064519887119265;NORMAL
8.008000000000001;0.14925159568293356;NORMAL
8.012;-0.005422309054598805;NORMAL
8.016;0.1021730952196364;NORMAL
8.02;0.02236638802156176;NORMAL
8.024000000000001;0.10787429749917024;NORMAL
8.028;0.024563194592842938;NORMAL
8.032;0.270948346401632;NORMAL
8.036;0.28048798689289556;NORMAL
8.040000000000001;0.3402018837687297;NORMAL
8.044;0.5174679501293158;NORMAL
8.048;0.6258301214215927;NORMAL
8.052;0.578235737103735;NORMAL
8.056000000000001;0.8371944808477353;NORMAL
8.06;0.9261849090392502;NORMAL
8.064;0.9773146527825874;NORMAL
8.068;0.9591996621195786;BEAT
8.072000000000001;0.9691031576862574;NORMAL
8.076;0.9500729535336309;NORMAL
8.08;0.8971138806403518;NORMAL
8.084;0.7660603526279802;NORMAL
8.088000000000001;0.6183901054045798;NORMAL
8.092;0.4260365750860933;NORMAL
8.096;0.4193970478313552;NORMAL
8.1;0.2600898280576232;NORMAL
8.104000000000001;0.13252234541852637;NORMAL
8.108;0.19056676799112265;NORMAL
8.112;0.22026685426014564;NORMAL
8.116;0.13438879205801602;NORMAL
8.120000000000001;-0.013562427955437606;NORMAL
8.124;-0.023125464562129265;NORMAL
8.128;0.0606631126640356;NORMAL
8.132;-0.1028987009248505;NORMAL
8.136000000000001;0.01942114979017653;NORMAL
8.14;0.05861534676392941;NORMAL
8.144;0.024999230542725587;NORMAL
8.148;0.009009851604766752;NORMAL
8.152000000000001;0.06120544947900575;NORMAL
8.156;-0.08087356549863087;NORMAL
8.16;-0.06365457821552808;NORMAL
8.164;-0.025697724299787315;NORMAL
8.168000000000001;0.07512072891488142;NORMAL
8.172;-0.07506682894466768;NORMAL
8.176;0.09045340571420712;NORMAL
8.18;0.061097718241939145;NORMAL
8.184000000000001;-0.07344600305792622;NORMAL
8.188;0.049989321412898656;NORMAL
8.192;0.04796173629399515;NORMAL
8.196;0.05048556761931021;NORMAL
8.2;-0.005251428226965653;NORMAL
8.204;-0.033188084091422106;NORMAL
8.208;-0.09598556702524447;NORMAL
8.212;0.06524003168123127;NORMAL
8.216;0.09827374069985387;NORMAL
8.22;0.10489612876417845;NORMAL
8.224;-0.006234922071052193;NORMAL
8.228;0.06930358876206698;NORMAL
8.232;-0.04451247940478239;NORMAL
8.236;-0.022005859263412118;NORMAL
8.24;0.04769555735241748;NORMAL
8.244;-0.0345596754957714;NORMAL
8.248;-0.003912780233814388;NORMAL
8.252;0.03687197568399389;NORMAL
8.256;0.01587084519933689;NORMAL
8.26;0.03056058495337549;NORMAL
8.264;-0.026028981016765314;NORMAL
8.268;0.04859858391125484;NORMAL
8.272;0.03403848937852633;NORMAL
8.276;0.009016242504390077;NORMAL
8.28;-0.009990390346358234;NORMAL
8.284;-0.042509824579242995;NORMAL
8.288;-0.09749757297108375;NORMAL
8.292;0.016237012490859112;NORMAL
8.296;0.010050705260987232;NORMAL
8.3;0.1223324592958186;NORMAL
8.304;0.047551459766801696;NORMAL
8.308;0.08223085465588584;NORMAL
8.312;-0.07206288671668405;NORMAL
8.316;-0.03160737306298161;NORMAL
8.32;0.010039407149735433;NORMAL
8.324;-0.08606754770966979;NORMAL
8.328;0.05629141165582194;NORMAL
8.332;0.04643480079453767;NORMAL
8.336;-0.024799974464356226;NORMAL
8.34;0.06418662845052464;NORMAL
8.344;0.008645077470955434;NORMAL
8.348;-0.07573787657957926;NORMAL
8.352;0.08286007736602713;NORMAL
8.356;0.029015225854420852;NORMAL
8.36;0.07170211456478401;NORMAL
8.364;0.042256025129251154;NORMAL
8.368;-0.01670711219707596;NORMAL
8.372;-0.046484625639342456;NORMAL
8.376;0.08945918021366224;NORMAL
8.38;-0.1109614406419443;NORMAL
8.384;-0.008594222200323088;NORMAL
8.388;0.06763092029784465;NORMAL
8.392;0.009136124001192205;NORMAL
8.396;0.013467079883675721;NORMAL
8.4;-0.07863794835266817;NORMAL
8.404;-0.046556439653230725;NORMAL
8.408;0.05240539130944784;NORMAL
8.412;-0.03575158213244411;NORMAL
8.416;0.011000908049596095;NORMAL
8.42;0.03584048429830415;NORMAL
8.424;0.13068202091326447;NORMAL
8.428;-0.022314255158034733;NORMAL
8.432;-0.0520408366328191;NORMAL
8.436;-0.008002938664945636;NORMAL
8.44;-0.01815624067364472;NORMAL
8.444;0.049793099836389305;NORMAL
8.448;-0.051329495205283154;NORMAL
8.452;0.030164640299960306;NORMAL
8.456;0.040180160930638975;NORMAL
8.46;0.03924976133055286;NORMAL
8.464;0.0029836503168380467;NORMAL
8.468;0.00808931852915199;NORMAL
8.472;-0.07652434846069751;NORMAL
8.476;-0.06383566730460505;NORMAL
8.48;-0.054380763879211313;NORMAL
8.484;-0.04150102079164591;NORMAL
8.488;-0.0006107741612282433;NORMAL
8.492;0.016156193166086845;NORMAL
8.496;-0.00889922118729674;NORMAL
8.5;0.007770853097028598;NORMAL
8.504;-0.025618201269802146;NORMAL
8.508000000000001;-0.0837470958988541;NORMAL
8.512;0.020600352558322793;NORMAL
8.516;0.092091634156724;NORMAL
8.52;0.09612282576376315;NORMAL
8.524000000000001;-0.06355351313446365;NORMAL
8.528;-0.010249712462124366;NORMAL
8.532;-0.1220338085896978;NORMAL
8.536;-0.10639664603962815;NORMAL
8.540000000000001;-0.03186228150975805;NORMAL
8.544;0.05695686725660954;NORMAL
8.548;0.022372378406960484;NORMAL
8.552;0.06457521050480146;NORMAL
8.556000000000001;0.08598525791745629;NORMAL
8.56;0.08230007732146481;NORMAL
8.564;0.027817087286460474;NORMAL
8.568;-0.03953400758359656;NORMAL
8.572000000000001;-0.10084146895182164;NORMAL
8.576;-0.04364888338413124;NORMAL
8.58;0.026917880654862163;NORMAL
8.584;-0.05836386786236727;NORMAL
8.588000000000001;0.004693809667957435;NORMAL
8.592;0.04973061874979616;NORMAL
8.596;-0.038238701121193555;NORMAL
8.6;0.05846471824730045;NORMAL
8.604000000000001;0.07623727046719987;NORMAL
8.608;0.1974335010089038;NORMAL
8.612;0.2168889337055336;NORMAL
8.616;0.23477808628294944;NORMAL
8.620000000000001;0.426220401026544;NORMAL
8.624;0.5075133684982588;NORMAL
8.628;0.600621007901533;NORMAL
8.632;0.7411843043491346;NORMAL
8.636000000000001;0.8369596879991835;NORMAL
8.64;0.8299497668680228;NORMAL
8.644;0.9715594894306733;NORMAL
8.648;1.0065325989936542;BEAT
8.652000000000001;0.9643961174883051;NORMAL
8.656;0.8554104859938104;NORMAL
8.66;0.7962236271052013;NORMAL
8.664;0.7178475515507898;NORMAL
8.668000000000001;0.5388018338934828;NORMAL
8.672;0.4976018303605547;NORMAL
8.676;0.45247854556070033;NORMAL
8.68;0.22828125910365937;NORMAL
8.684000000000001;0.11238266229863174;NORMAL
8.688;0.20573571267284566;NORMAL
8.692;0.06987614367195626;NORMAL
8.696;0.058971510573446385;NORMAL
8.700000000000001;0.03438566541332905;NORMAL
8.704;0.02852791268849086;NORMAL
8.708;0.04582919735894845;NORMAL
8.712;0.025260528417121175;NORMAL
8.716;-0.05774981869530855;NORMAL
8.72;-0.06331925982159399;NORMAL
8.724;0.002282119562298136;NORMAL
8.728;-0.06168294966080357;NORMAL
8.732;0.029702711711860535;NORMAL
8.736;-0.04046664312864397;NORMAL
8.74;0.03412722437260537;NORMAL
8.744;-0.05395007190442326;NORMAL
8.748;0.007598104095704799;NORMAL
8.752;-0.05100279658673821;NORMAL
8.756;-0.08158776701684062;NORMAL
8.76;0.04070251842541373;NORMAL
8.764;-0.0064501928485095235;NORMAL
8.768;0.04555824684236163;NORMAL
8.772;0.03491491716270256;NORMAL
8.776;-0.013776461418924236;NORMAL
8.78;0.04003492676727528;NORMAL
8.784;0.06003219600612069;NORMAL
8.788;-0.05251286242293335;NORMAL
8.792;-0.018832794377581768;NORMAL
8.796;-0.02358056773571613;NORMAL
8.8;-0.006723191082042626;NORMAL
8.804;0.03154764007988128;NORMAL
8.808;-0.013061424809842306;NORMAL
8.812;-0.026246102364237654;NORMAL
8.816;-0.03110338233382911;NORMAL
8.82;0.0004270347839140925;NORMAL
8.824;-0.034820623351522785;NORMAL
8.828;0.09261069323099541;NORMAL
8.832;-0.012053112277110596;NORMAL
8.836;-0.03196051863404456;NORMAL
8.84;-0.08665500817391508;NORMAL
8.844;-0.0224760633474143;NORMAL
8.848;0.023325389778578537;NORMAL
8.852;0.00642700189163789;NORMAL
8.856;0.09518586269362748;NORMAL
8.86;-0.09383333549833582;NORMAL
8.864;0.09306448177647031;NORMAL
8.868;-0.06920624371279806;NORMAL
8.872;-0.12252486318751006;NORMAL
8.876;-0.09442055894166357;NORMAL
8.88;-0.02098945341862517;NORMAL
8.884;-0.033182308678180276;NORMAL
8.888;-0.010373501895754452;NORMAL
8.892;0.05138554176943551;NORMAL
8.896;0.030960487873790795;NORMAL
8.9;-0.10566773282252878;NORMAL
8.904;-0.03004199329038279;NORMAL
8.908;-0.025898291968006228;NORMAL
8.912;-0.09241111507731442;NORMAL
8.916;-0.0017368303142581182;NORMAL
8.92;-0.006077058770857506;NORMAL
8.924;-0.010553397126826998;NORMAL
8.928;-0.01660068905348767;NORMAL
8.932;-0.06012234411691311;NORMAL
8.936;-0.07971859913813237;NORMAL
8.94;0.0030594550262600145;NORMAL
8.944;-0.06699599774654243;NORMAL
8.948;-0.008279664211584768;NORMAL
8.952;0.09046586937951318;NORMAL
8.956;0.03288470320639668;NORMAL
8.96;-0.018903943348537226;NORMAL
8.964;-0.027364155136880387;NORMAL
8.968;0.007937893119486637;NORMAL
8.972;-0.010023033332287781;NORMAL
8.976;-0.014521934226883621;NORMAL
8.98;-0.06220541702080749;NORMAL
8.984;-0.03011147713658882;NORMAL
8.988;0.008856524855562794;NORMAL
8.992;0.07156141607607429;NORMAL
8.996;0.023386559516687125;NORMAL
9.0;-0.0352387834793499;NORMAL
9.004;0.07324877634914827;NORMAL
9.008000000000001;-0.03998690741083147;NORMAL
9.012;-0.04999345524643187;NORMAL
9.016;0.0069211842426019545;NORMAL
9.02;0.08329861451422164;NORMAL
9.024000000000001;-0.08142618946096067;NORMAL
9.028;0.02202178085772379;NORMAL
9.032;-0.0010171095733967626;NORMAL
9.036;-0.012949039156031699;NORMAL
9.040000000000001;-0.08025413644634743;NORMAL
9.044;0.0542155331243241;NORMAL
9.048;-0.004370853987982606;NORMAL
9.052;-0.0023178229874431604;NORMAL
9.056000000000001;0.006805493194431534;NORMAL
9.06;0.04631130181043286;NORMAL
9.064;0.045228747034081695;NORMAL
9.068;-0.05183353327034436;NORMAL
9.072000000000001;0.01885216302622481;NORMAL
9.076;-0.06793350090588555;NORMAL
9.08;-0.03857855320575277;NORMAL
9.084;0.007530044716534225;NORMAL
9.088000000000001;-0.05724779456084833;NORMAL
9.092;0.008032022004178208;NORMAL
9.096;0.04806837230920599;NORMAL
9.1;0.04190673560092671;NORMAL
9.104000000000001;-0.018816060992005;NORMAL
9.108;-0.003163038602997169;NORMAL
9.112;0.012169298051211325;NORMAL
9.116;-0.013885615318779266;NORMAL
9.120000000000001;0.0025620355784057532;NORMAL
9.124;0.008966469156179992;NORMAL
9.128;0.04899709063680073;NORMAL
9.132;0.023115932343246128;NORMAL
9.136000000000001;0.09367992637536798;NORMAL
9.14;-0.04669386174980069;NORMAL
9.144;-0.014716499837316726;NORMAL
9.148;-0.009499903558216753;NORMAL
9.152000000000001;0.028573624234648577;NORMAL
9.156;0.023104191537924597;NORMAL
9.16;0.05909114694776362;NORMAL
9.164;-0.019115428166885978;NORMAL
9.168000000000001;-0.011709727221646288;NORMAL
9.172;-0.03729906554825254;NORMAL
9.176;0.08213410532685314;NORMAL
9.18;-0.03740526755980935;NORMAL
9.184000000000001;0.01394508007409217;NORMAL
9.188;0.0710476673131975;NORMAL
9.192;-0.029075241155515418;NORMAL
9.196;-0.013641431420282337;NORMAL
9.200000000000001;-0.03302645737454689;NORMAL
9.204;0.03398523000132883;NORMAL
9.208;0.0136936231406656;NORMAL
9.212;-0.09328315503643467;NORMAL
9.216000000000001;-0.08191998150283555;NORMAL
9.22;-0.137891988498286;NORMAL
9.224;-0.09605104630034046;NORMAL
9.228;-0.2092282356552785;NORMAL
9.232;-0.23965756741040078;NORMAL
9.236;-0.33935782057849306;NORMAL
9.24;-0.41669655182605164;NORMAL
9.244;-0.5329912879773239;NORMAL
9.248;-0.5852193829923832;NORMAL
9.252;-0.734082308707731;NORMAL
9.256;-0.852232625066755;NORMAL
9.26;-0.9965854306993621;NORMAL
9.264;-1.0723225767331597;NORMAL
9.268;-1.1354892585633927;NORMAL
9.272;-1.3221162824561068;NORMAL
9.276;-1.3886354474132432;NORMAL
9.28;-1.4642591643878091;NORMAL
9.284;-1.536656987134698;NORMAL
9.288;-1.5277466401611939;PVC
9.292;-1.5730090535679342;NORMAL
9.296;-1.389508312044103;NORMAL
9.3;-1.332482069852606;NORMAL
9.304;-1.3623374955892478;NORMAL
9.308;-1.2924990125699454;NORMAL
9.312;-1.1719256734456358;NORMAL
9.316;-0.94654257971525;NORMAL
9.32;-0.7973737324711602;NORMAL
9.324;-0.6105813777569622;NORMAL
9.328;-0.6072634987245037;NORMAL
9.332;-0.5061266413592578;NORMAL
9.336;-0.4315491161090604;NORMAL
9.34;-0.24911320210466098;NORMAL
9.344;-0.2910751186080397;NORMAL
9.348;-0.17183184283089653;NORMAL
9.352;-0.19128199207255397;NORMAL
9.356;-0.09546339928277953;NORMAL
9.36;-0.16567162624738463;NORMAL
9.364;-0.13822036365049392;NORMAL
9.368;0.035923469003882755;NORMAL
9.372;-0.0333619693216951;NORMAL
9.376;-0.0225524180397711;NORMAL
9.38;-0.04451989946901999;NORMAL
9.384;0.11249160954154706;NORMAL
9.388;-0.0010540761417450707;NORMAL
9.392;-0.01836942260481802;NORMAL
9.396;-0.01987214740220777;NORMAL
9.4;-0.03558734917325545;NORMAL
9.404;0.04472661148586241;NORMAL
9.408;-0.006447352761313075;NORMAL
9.412;0.02407404708115526;NORMAL
9.416;-0.046103685580747344;NORMAL
9.42;0.09099704835344387;NORMAL
9.424;0.017291418604176007;NORMAL
9.428;-0.07716418032949542;NORMAL
9.432;-0.008851701615123267;NORMAL
9.436;-0.00795948436138034;NORMAL
9.44;-0.029307570916629926;NORMAL
9.444;0.07875245196026369;NORMAL
9.448;0.008829231535971462;NORMAL
9.452;-0.06534229607014949;NORMAL
9.456;-0.01781134135001077;NORMAL
9.46;0.013333854535182658;NORMAL
9.464;-0.06767265845248194;NORMAL
9.468;-0.03320905081379426;NORMAL
9.472;-0.00402072465140532;NORMAL
9.476;0.022577914842921234;NORMAL
9.48;0.024731642765608464;NORMAL
9.484;-0.070319659717979;NORMAL
9.488;-0.05376278822383858;NORMAL
9.492;-0.08639638863607577;NORMAL
9.496;0.05623438404203181;NORMAL
9.5;0.04465599118988673;NORMAL
9.504;0.008948986431894885;NORMAL
9.508000000000001;-0.029792080034258848;NORMAL
9.512;-0.0559882696750333;NORMAL
9.516;0.004047845017395503;NORMAL
9.52;0.008510519794640072;NORMAL
9.524000000000001;-0.03815987869582024;NORMAL
9.528;-0.008114977589446428;NORMAL
9.532;-0.03780582989466491;NORMAL
9.536;-0.027598221096518986;NORMAL
9.540000000000001;0.044167860080163365;NORMAL
9.544;-0.003848661464325909;NORMAL
9.548;0.055811476733238566;NORMAL
9.552;-0.043756805007607286;NORMAL
9.556000000000001;0.056807509131031574;NORMAL
9.56;0.04960562771366675;NORMAL
9.564;0.017914484704506593;NORMAL
9.568;-0.020120329938305787;NORMAL
9.572000000000001;0.09772482065974235;NORMAL
9.576;-0.024580855277941828;NORMAL
9.58;-0.01890245691968534;NORMAL
9.584;0.01732495239933637;NORMAL
9.588000000000001;-0.01002674970661711;NORMAL
9.592;-0.03341652222268764;NORMAL
9.596;0.1011690312759148;NORMAL
9.6;-0.026007703147913504;NORMAL
9.604000000000001;0.053331822762721165;NORMAL
9.608;0.05285910197116353;NORMAL
9.612;-0.037771212349670576;NORMAL
9.616;0.031038984274831517;NORMAL
9.620000000000001;0.015689736841843837;NORMAL
9.624;-0.05402599600802341;NORMAL
9.628;9.305096847933344e-05;NORMAL
9.632;0.04265726445355616;NORMAL
9.636000000000001;-0.07685367769874533;NORMAL
9.64;0.043320831628226406;NORMAL
9.644;-0.009073718787067643;NORMAL
9.648;0.012014562392063582;NORMAL
9.652000000000001;-0.02552601601300968;NORMAL
9.656;0.043239825520918984;NORMAL
9.66;0.06292139130820046;NORMAL
9.664;-0.039178012709031186;NORMAL
9.668000000000001;0.026487078526921993;NORMAL
9.672;-0.06874241507122603;NORMAL
9.676;0.026238656068447386;NORMAL
9.68;0.07565096148490326;NORMAL
9.684000000000001;-0.04689154446922167;NORMAL
9.688;0.07959106799915247;NORMAL
9.692;-0.004374692205060031;NORMAL
9.696;0.02098549329592277;NORMAL
9.700000000000001;0.038607405434762904;NORMAL
9.704;0.08743292915555727;NORMAL
9.708;-0.0028886234860969976;NORMAL
9.712;0.004133184847932526;NORMAL
9.716000000000001;0.06399810047614232;NORMAL
9.72;0.015948322051203178;NORMAL
9.724;-0.007781781699460578;NORMAL
9.728;0.018663054293379115;NORMAL
9.732;-0.06210457841453554;NORMAL
9.736;0.013759273454144736;NORMAL
9.74;-0.06334362501346531;NORMAL
9.744;0.017953295609727617;NORMAL
9.748;0.028767898296688434;NORMAL
9.752;-0.010536244980562567;NORMAL
9.756;-0.05119374645477135;NORMAL
9.76;-0.0526467670677798;NORMAL
9.764;-0.05984954954728686;NORMAL
9.768;-0.012947919169492459;NORMAL
9.772;-0.011949855545717477;NORMAL
9.776;-0.02142952852317745;NORMAL
9.78;0.02530961768286302;NORMAL
9.784;-0.05854335235693006;NORMAL
9.788;0.009776952601685231;NORMAL
9.792;-0.009018224315504352;NORMAL
9.796;-0.009343143354428185;NORMAL
9.8;-0.04361741258558937;NORMAL
9.804;0.009088266226871427;NORMAL
9.808;0.023189552635616714;NORMAL
9.812;-0.02147029572076644;NORMAL
9.816;0.07365157536645689;NORMAL
9.82;-0.02056144227736199;NORMAL
9.824;0.11709788707647531;NORMAL
9.828;0.13573403424322864;NORMAL
9.832;0.028299206453493337;NORMAL
9.836;-0.06744294700287685;NORMAL
9.84;-0.010866786717136992;NORMAL
9.844;0.039360701605471705;NORMAL
9.848;0.11986472694398953;NORMAL
9.852;0.04288002190873186;NORMAL
9.856;0.012693686555154661;NORMAL
9.86;0.02184481694634896;NORMAL
9.864;-0.05346255319804508;NORMAL
9.868;-0.010925715776241901;NORMAL
9.872;0.03018869718203448;NORMAL
9.876;-0.00894302747196239;NORMAL
9.88;0.050705328231720796;NORMAL
9.884;0.007468456284267646;NORMAL
9.888;-0.1364141332610537;NORMAL
9.892;-0.050741699051436065;NORMAL
9.896;4.508423176887346e-05;NORMAL
9.9;-0.12232268948975572;NORMAL
9.904;-0.014548633315980187;NORMAL
9.908;0.06466344118354876;NORMAL
9.912;0.022513845066256654;NORMAL
9.916;0.009771636525329076;NORMAL
9.92;0.03387653377398381;NORMAL
9.924;0.04314206302936224;NORMAL
9.928;-0.006560642358504351;NORMAL
9.932;0.03709861116997884;NORMAL
9.936;0.01926809523950869;NORMAL
9.94;-0.14672751539943799;NORMAL
9.944;-0.06055824213149078;NORMAL
9.948;0.06696113891787131;NORMAL
9.952;-0.0006076569212571539;NORMAL
9.956;0.04998708441811628;NORMAL
9.96;0.010338487873058487;NORMAL
9.964;-0.019422365975243827;NORMAL
9.968;-0.017011568301225213;NORMAL
9.972;-0.02968019028245271;NORMAL
9.976;0.06072069062792229;NORMAL
9.98;-0.08727187056659541;NORMAL
9.984;0.019975306180302313;NORMAL
9.988;-0.024176655949469605;NORMAL
9.992;-0.029097529790722356;NORMAL
9.996;-0.020123744025825594;NORMAL
10.0;0.05178896070861541;NORMAL
10.004;-0.005550726934545052;NORMAL
10.008000000000001;-0.09294047594833431;NORMAL
10.012;-0.007997248254647185;NORMAL
10.016;0.0409883894904577;NORMAL
10.02;-0.027256875326382088;NORMAL
10.024000000000001;-0.03209925873900045;NORMAL
10.028;-0.026418372391500047;NORMAL
10.032;0.04686029861861666;NORMAL
10.036;-0.004968565714901411;NORMAL
10.040000000000001;0.023077602514532697;NORMAL
10.044;-0.0071052308170585715;NORMAL
10.048;0.10569483591929085;NORMAL
10.052;0.01743513020672563;NORMAL
10.056000000000001;-0.028324048249862958;NORMAL
10.06;0.03716241479759086;NORMAL
10.064;-0.055694865476069604;NORMAL
10.068;0.009801804852336211;NORMAL
10.072000000000001;0.04844896546815529;NORMAL
10.076;-0.020485174190545043;NORMAL
10.08;0.030408145919038617;NORMAL
10.084;-0.012159187510656679;NORMAL
10.088000000000001;-0.06830716566740547;NORMAL
10.092;0.056673663686756214;NORMAL
10.096;-0.06333232296614653;NORMAL
10.1;0.024441647743441007;NORMAL
10.104000000000001;0.04930422147822284;NORMAL
10.108;0.04238187732926999;NORMAL
10.112;0.060573988629957956;NORMAL
10.116;0.08829063218652353;NORMAL
10.120000000000001;-0.002974869985490678;NORMAL
10.124;0.011371108160732802;NORMAL
10.128;-0.00644799589027705;NORMAL
10.132;0.004407136401316451;NORMAL
10.136000000000001;0.09512976635164758;NORMAL
10.14;-0.026659589322942875;NORMAL
10.144;0.11591770014313757;NORMAL
10.148;-0.006979361420070116;NORMAL
10.152000000000001;0.05030036557289656;NORMAL
10.156;-0.045354909466834535;NORMAL
10.16;-0.09260709394577593;NORMAL
10.164;0.0322356353859867;NORMAL
10.168000000000001;0.028500669077817037;NORMAL
10.172;0.09499318942559887;NORMAL
10.176;0.05257171531727717;NORMAL
10.18;0.04526542087252891;NORMAL
10.184000000000001;0.14438316843271037;NORMAL
10.188;0.20688463062254336;NORMAL
10.192;0.2694606345359695;NORMAL
10.196;0.43489182237508683;NORMAL
10.200000000000001;0.49908196024653323;NORMAL
10.204;0.5624254078480846;NORMAL
10.208;0.6639091895518472;NORMAL
10.212;0.8566404174792639;NORMAL
10.216000000000001;0.9075094595286508;NORMAL
10.22;0.9936202037647236;NORMAL
10.224;1.025213912629781;BEAT
10.228;0.9928445131851064;NORMAL
10.232000000000001;1.008720375985148;NORMAL
10.236;0.8350821733206335;NORMAL
10.24;0.6653134985635248;NORMAL
10.244;0.6134316909983469;NORMAL
10.248;0.3685230821909422;NORMAL
10.252;0.41115560336051055;NORMAL
10.256;0.2633516279036667;NORMAL
10.26;0.1834471751851822;NORMAL
10.264;0.14399830551544138;NORMAL
10.268;0.11654429993501071;NORMAL
10.272;0.1118055950776235;NORMAL
10.276;0.02419721489064537;NORMAL
10.28;-0.12783053228609545;NORMAL
10.284;0.018215893087261032;NORMAL
10.288;0.018080609353614073;NORMAL
10.292;-0.030352411718858007;NORMAL
10.296;0.04438967019166929;NORMAL
10.3;0.02915112796102673;NORMAL
10.304;-0.02036087365243742;NORMAL
10.308;-0.01679606343822119;NORMAL
10.312;-0.062044084817428506;NORMAL
10.316;0.11212049670121357;NORMAL
10.32;0.02071204792580457;NORMAL
10.324;-0.041552871998762106;NORMAL
10.328;-0.01416910976562055;NORMAL
10.332;0.05058255100123338;NORMAL
10.336;-0.0009589633007504695;NORMAL
10.34;0.0034041889523971146;NORMAL
10.344;0.04642112300917985;NORMAL
10.348;-0.10039550815293978;NORMAL
10.352;0.02010142876418079;NORMAL
10.356;-0.044801812259657126;NORMAL
10.36;0.06551960477384638;NORMAL
10.364;-0.05389355062493542;NORMAL
10.368;-0.0036892654082324363;NORMAL
10.372;0.03259381540107759;NORMAL
10.376;-0.06967528717000183;NORMAL
10.38;-0.05938678141313345;NORMAL
10.384;-0.01754409915644165;NORMAL
10.388;-0.04112618698349417;NORMAL
10.392;0.0006727751770378526;NORMAL
10.396;0.06947979828410925;NORMAL
10.4;0.020998786747264783;NORMAL
10.404;0.08381018682395244;NORMAL
10.408;0.0348883627276229;NORMAL
10.412;-0.030529569993792055;NORMAL
10.416;-0.027542050232466392;NORMAL
10.42;0.016465360046445363;NORMAL
10.424;0.1382031339727179;NORMAL
10.428;-0.08114045251624633;NORMAL
10.432;0.06754943479942746;NORMAL
10.436;-0.011603977809281768;NORMAL
10.44;0.07111691049858583;NORMAL
10.444;-0.021477585592076312;NORMAL
10.448;-0.040728657080371655;NORMAL
10.452;0.08248809276790091;NORMAL
10.456;0.05189307290350236;NORMAL
10.46;0.02390596765189903;NORMAL
10.464;0.044470604557435;NORMAL
10.468;0.030894579496500863;NORMAL
10.472;0.014502921272546427;NORMAL
10.476;0.08769213446952744;NORMAL
10.48;0.035457693506772005;NORMAL
10.484;-0.03358658826347708;NORMAL
10.488;0.0010433398251731179;NORMAL
10.492;0.013750847069309716;NORMAL
10.496;-0.037505484731917844;NORMAL
10.5;0.027384365745095403;NORMAL
10.504;0.018354760269553707;NORMAL
10.508000000000001;-0.06184526606045664;NORMAL
10.512;0.052909407471979086;NORMAL
10.516;-0.0221545216989344;NORMAL
10.52;0.018358486997156875;NORMAL
10.524000000000001;0.10196207186221262;NORMAL
10.528;0.02098996532194263;NORMAL
10.532;0.13414617480416885;NORMAL
10.536;0.05478530597426149;NORMAL
10.540000000000001;-0.06327628714227689;NORMAL
10.544;0.009357977163312345;NORMAL
10.548;-0.07806617870389786;NORMAL
10.552;-0.04183975924686042;NORMAL
10.556000000000001;-0.04271602903108774;NORMAL
10.56;0.02490750515142755;NORMAL
10.564;-0.05183198121219036;NORMAL
10.568;0.011585414431111161;NORMAL
10.572000000000001;0.0415116494321474;NORMAL
10.576;-0.03336359110648587;NORMAL
10.58;-0.03387976202612943;NORMAL
10.584;0.01855256342511129;NORMAL
10.588000000000001;-0.0720466496632093;NORMAL
10.592;-0.055622567889634114;NORMAL
10.596;0.1133336894656903;NORMAL
10.6;-0.008362061059114322;NORMAL
10.604000000000001;-0.03683527191427803;NORMAL
10.608;-0.008400701219703577;NORMAL
10.612;0.033295005761022144;NORMAL
10.616;-0.04097242395125333;NORMAL
10.620000000000001;-0.07652218183578896;NORMAL
10.624;0.014726689265893309;NORMAL
10.628;-0.013975541069597456;NORMAL
10.632;-0.029487279053903533;NORMAL
10.636000000000001;0.05388180082305184;NORMAL
10.64;0.05876860605924435;NORMAL
10.644;0.036297828416651676;NORMAL
10.648;-0.005981374161414338;NORMAL
10.652000000000001;0.05782564359589362;NORMAL
10.656;-0.06866030880742428;NORMAL
10.66;-0.028308889247870617;NORMAL
10.664;0.08198140160458359;NORMAL
10.668000000000001;-0.005191387354886046;NORMAL
10.672;0.04869708618814883;NORMAL
10.676;-0.04949084951698322;NORMAL
10.68;-0.029290146486242903;NORMAL
10.684000000000001;-0.12784839722315214;NORMAL
10.688;0.0520662088635082;NORMAL
10.692;-0.1014792091890781;NORMAL
10.696;0.017925152914219672;NORMAL
10.700000000000001;-0.0026162356657162267;NORMAL
10.704;-0.05719281359237883;NORMAL
10.708;0.04093833054187652;NORMAL
10.712;-0.0012748530898341554;NORMAL
10.716000000000001;0.07584040320969916;NORMAL
10.72;0.1256389875396178;NORMAL
10.724;-0.03605307088784674;NORMAL
10.728;-0.015998128730729193;NORMAL
10.732000000000001;0.011560348254168304;NORMAL
10.736;0.07724233625517536;NORMAL
10.74;-0.0035844800147350605;NORMAL
10.744;-0.055434273150562624;NORMAL
10.748000000000001;-0.14060187208247807;NORMAL
10.752;0.0003618239552305388;NORMAL
10.756;0.0673985708930035;NORMAL
10.76;0.07429088326726357;NORMAL
10.764;-0.06867695717911372;NORMAL
10.768;-0.07738055246339935;NORMAL
10.772;0.06867337339114182;NORMAL
10.776;-0.010898557543877653;NORMAL
10.78;-0.021442439255077515;NORMAL
10.784;-0.039807132419450976;NORMAL
10.788;-0.022624373793694575;NORMAL
10.792;0.027132232314231328;NORMAL
10.796;0.0026052452604771294;NORMAL
10.8;-0.008192549729194396;NORMAL
10.804;0.05863853563186152;NORMAL
10.808;0.05384374477251045;NORMAL
10.812;0.06785214771423073;NORMAL
10.816;0.07762502877529896;NORMAL
10.82;0.07986814351518283;NORMAL
10.824;0.14911528468119423;NORMAL
10.828;0.15680090255583956;NORMAL
10.832;0.22460417509964947;NORMAL
10.836;0.45679513790987986;NORMAL
10.84;0.5324117732408851;NORMAL
10.844;0.5535452706798293;NORMAL
10.848;0.7583582004578363;NORMAL
10.852;0.8495370586339865;NORMAL
10.856;0.9661090959645585;NORMAL
10.86;1.0639755523177308;NORMAL
10.864;0.9144583853843626;BEAT
10.868;0.9760114793259226;NORMAL
10.872;0.9053392461696803;NORMAL
10.876;0.847986715218756;NORMAL
10.88;0.6840576384588967;NORMAL
10.884;0.5935020106951121;NORMAL
10.888;0.47629715676863155;NORMAL
10.892;0.44498660679274465;NORMAL
10.896;0.2416061394886372;NORMAL
10.9;0.25619059146737433;NORMAL
10.904;0.14994059330445364;NORMAL
10.908;0.038760791636496365;NORMAL
10.912;0.04096400014611197;NORMAL
10.916;0.0059226866595544075;NORMAL
10.92;0.030844193315147768;NORMAL
10.924;-0.02508138370275393;NORMAL
10.928;-0.05983719690630838;NORMAL
10.932;-0.000549063413992757;NORMAL
10.936;-0.014154257691572027;NORMAL
10.94;-0.020627872267056133;NORMAL
10.944;-0.013749326875534665;NORMAL
10.948;0.01907782020733084;NORMAL
10.952;-0.0010800328069506307;NORMAL
10.956;-0.021495742839748578;NORMAL
10.96;0.02274846729829329;NORMAL
10.964;-0.03292274560142058;NORMAL
10.968;-0.04904792746849228;NORMAL
10.972;0.013073465030647439;NORMAL
10.976;0.11218220139208222;NORMAL
10.98;-0.0075200556290394155;NORMAL
10.984;0.005483621195365047;NORMAL
10.988;-0.10208642932213638;NORMAL
10.992;-0.0695948219795016;NORMAL
10.996;0.06921739684709304;NORMAL
11.0;0.06794379192541584;NORMAL
11.004;-0.06644641030650644;NORMAL
11.008000000000001;-0.015962312048419643;NORMAL
11.012;-0.007953878536103805;NORMAL
11.016;0.06917925344317878;NORMAL
11.02;-0.021266928247570864;NORMAL
11.024000000000001;0.02049705381725223;NORMAL
11.028;0.014091755065531224;NORMAL
11.032;0.007802885818008038;NORMAL
11.036;0.04993849409908999;NORMAL
11.040000000000001;0.010774069772985428;NORMAL
11.044;0.009448594924467181;NORMAL
11.048;0.0181786151489594;NORMAL
11.052;-0.07205753561370157;NORMAL
11.056000000000001;-0.08087687799642816;NORMAL
11.06;0.13926802544836392;NORMAL
11.064;-0.010291106298222608;NORMAL
11.068;0.031439825686154464;NORMAL
11.072000000000001;-0.001603703384683428;NORMAL
11.076;-0.025025250563219345;NORMAL
11.08;-0.038411977322355274;NORMAL
11.084;0.007338342643262891;NORMAL
11.088000000000001;-0.006109807925956275;NORMAL
11.092;-0.04422985187424367;NORMAL
11.096;0.013614094895704521;NORMAL
11.1;0.0001479100155393901;NORMAL
11.104000000000001;0.0011622819106939738;NORMAL
11.108;0.042316856505067516;NORMAL
11.112;-0.005884199862317929;NORMAL
11.116;-0.023237306678728004;NORMAL
11.120000000000001;0.0734602587875954;NORMAL
11.124;0.010004140938553348;NORMAL
11.128;-0.06355316783806424;NORMAL
11.132;0.03298679113357739;NORMAL
11.136000000000001;0.023009808353637445;NORMAL
11.14;0.16410020442855988;NORMAL
11.144;-0.055288557354960216;NORMAL
11.148;0.020627661879079513;NORMAL
11.152000000000001;-0.017397772980962668;NORMAL
11.156;-0.0013521046724065309;NORMAL
11.16;0.05456237722899248;NORMAL
11.164;0.08743750108269648;NORMAL
11.168000000000001;-0.02762377393414596;NORMAL
11.172;0.021452174713102037;NORMAL
11.176;-0.05444040157358748;NORMAL
11.18;0.024611571824279137;NORMAL
11.184000000000001;-0.009803718135580272;NORMAL
11.188;0.007551315648972938;NORMAL
11.192;-0.0047445599598345475;NORMAL
11.196;-0.029078473764046195;NORMAL
11.200000000000001;0.06511826537670225;NORMAL
11.204;0.04082211895866167;NORMAL
11.208;-0.07341042938632343;NORMAL
11.212;-0.03521396477934983;NORMAL
11.216000000000001;-0.06051117984565451;NORMAL
11.22;0.023248813157229577;NORMAL
11.224;-0.012268759687186312;NORMAL
11.228;-0.011369848479842603;NORMAL
11.232000000000001;0.0859706869745801;NORMAL
11.236;0.06184062997452932;NORMAL
11.24;-0.02104399760897538;NORMAL
11.244;-0.0721657913184048;NORMAL
11.248000000000001;0.03508675478578037;NORMAL
11.252;0.12562195040310795;NORMAL
11.256;0.06760146448282255;NORMAL
11.26;0.02169211438015622;NORMAL
11.264;0.05816261164156449;NORMAL
11.268;-0.038807553851079674;NORMAL
11.272;0.02949834335137158;NORMAL
11.276;0.08562194148411373;NORMAL
11.28;-0.04602968870680261;NORMAL
11.284;0.10130148783246616;NORMAL
11.288;0.04494618355712793;NORMAL
11.292;-0.10445492083941091;NORMAL
11.296;-0.0656155314314813;NORMAL
11.3;-0.0640678996772432;NORMAL
11.304;0.02495704475631776;NORMAL
11.308;-0.04926618844869221;NORMAL
11.312;0.07010547397910642;NORMAL
11.316;0.057641239673718675;NORMAL
11.32;0.0631587741962544;NORMAL
11.324;-0.012012167938479916;NORMAL
11.328;-0.07674129772757304;NORMAL
11.332;0.015733910535671445;NORMAL
11.336;0.009445804914284435;NORMAL
11.34;-0.016616567548269005;NORMAL
11.344;0.054544099508773654;NORMAL
11.348;0.00810972697946196;NORMAL
11.352;0.05447091744104428;NORMAL
11.356;0.05087709036420426;NORMAL
11.36;-0.050495357134604534;NORMAL
11.364;0.03456132527409862;NORMAL
11.368;-0.0036927521313719525;NORMAL
11.372;0.021573438484827664;NORMAL
11.376;-0.0004874716956440467;NORMAL
11.38;0.005475768666724373;NORMAL
11.384;-0.023839144438629722;NORMAL
11.388;0.06876697394073296;NORMAL
11.392;0.070566064148379;NORMAL
11.396;0.020349765638649767;NORMAL
11.4;-0.05130838399958198;NORMAL
11.404;0.058730458879339024;NORMAL
11.408;0.023617470128688905;NORMAL
11.412;-0.04212011312597693;NORMAL
11.416;0.049480670210578906;NORMAL
11.42;0.09015570238185303;NORMAL
11.424;-0.020284864400781064;NORMAL
11.428;0.05204575371723672;NORMAL
11.432;0.002733019439092809;NORMAL
11.436;-0.05937876976330931;NORMAL
11.44;-0.03038763629411437;NORMAL
11.444;0.03517714793865825;NORMAL
11.448;-0.037489246706129714;NORMAL
11.452;0.05476977689219672;NORMAL
11.456;0.0391773847170269;NORMAL
11.46;0.044497623258659316;NORMAL
11.464;0.01986512589178613;NORMAL
11.468;-0.025049666280384214;NORMAL
11.472;0.00957506761342726;NORMAL
11.476;0.15000039360603618;NORMAL
11.48;0.07080965002263896;NORMAL
11.484;0.17856184859741672;NORMAL
11.488;0.2560638170959338;NORMAL
11.492;0.39266529060331073;NORMAL
11.496;0.4946759438129087;NORMAL
11.5;0.6336199423360812;NORMAL
11.504;0.7130110891994975;NORMAL
11.508000000000001;0.8739331335166781;NORMAL
11.512;0.9527950637996718;NORMAL
11.516;0.979462430134508;NORMAL
11.52;0.9687247186375104;BEAT
11.524000000000001;0.9850844200482491;NORMAL
11.528;0.9819408209224306;NORMAL
11.532;0.8255508247054237;NORMAL
11.536;0.7713894469980608;NORMAL
11.540000000000001;0.5643309714591014;NORMAL
11.544;0.46688368898453664;NORMAL
11.548;0.426244003498186;NORMAL
11.552;0.3143810074713909;NORMAL
11.556000000000001;0.2118448253062283;NORMAL
11.56;0.11805203956047472;NORMAL
11.564;0.14849460286205407;NORMAL
11.568;0.09598197486360628;NORMAL
11.572000000000001;0.07766280160853455;NORMAL
11.576;0.05227494066598792;NORMAL
11.58;-0.023577021973223762;NORMAL
11.584;-0.041059137621803084;NORMAL
11.588000000000001;0.0505695092006794;NORMAL
11.592;-0.05874811831948222;NORMAL
11.596;0.045088422455013426;NORMAL
11.6;0.0655478459361185;NORMAL
11.604000000000001;0.05865956748928954;NORMAL
11.608;-0.004259461574643052;NORMAL
11.612;-0.027934544310297408;NORMAL
11.616;-0.016279186082363856;NORMAL
11.620000000000001;0.0034063349934912194;NORMAL
11.624;0.053758977571809335;NORMAL
11.628;0.06413457746116032;NORMAL
11.632;-0.013305228285915583;NORMAL
11.636000000000001;-0.029997833356439123;NORMAL
11.64;0.029663804630966455;NORMAL
11.644;0.03694106780695628;NORMAL
11.648;0.004720481308513072;NORMAL
11.652000000000001;0.005635852925812027;NORMAL
11.656;0.0010523118406781347;NORMAL
11.66;-0.00991446718641237;NORMAL
11.664;-0.035102347607702464;NORMAL
11.668000000000001;-0.07159061504855187;NORMAL
11.672;-0.06484236067376266;NORMAL
11.676;-0.09075551189030776;NORMAL
11.68;0.046482132064742755;NORMAL
11.684000000000001;0.011613823805904972;NORMAL
11.688;0.035063757839982244;NORMAL
11.692;-0.04287795855890423;NORMAL
11.696;0.07932014256133381;NORMAL
11.700000000000001;0.017395824910233865;NORMAL
11.704;0.004025102334012164;NORMAL
11.708;0.02907024969456855;NORMAL
11.712;0.03893496366797384;NORMAL
11.716000000000001;-0.020181740014465974;NORMAL
11.72;0.06396454138784564;NORMAL
11.724;-0.03649969355987128;NORMAL
11.728;-0.09779606081286961;NORMAL
11.732000000000001;-0.0044677878692233;NORMAL
11.736;0.023342651436749035;NORMAL
11.74;0.0007931865540818158;NORMAL
11.744;0.028721341304218273;NORMAL
11.748000000000001;0.008820397035858858;NORMAL
11.752;0.05191024486075927;NORMAL
11.756;-0.025311138132639296;NORMAL
11.76;-0.025203824206629824;NORMAL
11.764000000000001;-0.025430660798590507;NORMAL
11.768;0.03357482960638779;NORMAL
11.772;0.015383540158080529;NORMAL
11.776;-0.04144318143436326;NORMAL
11.78;0.09428365145334426;NORMAL
11.784;0.009585459907221733;NORMAL
11.788;0.02207549568678964;NORMAL
11.792;-0.03400607913124337;NORMAL
11.796;-0.0008201081680860698;NORMAL
11.8;0.0511709491519578;NORMAL
11.804;-0.09189758165292766;NORMAL
11.808;-0.07539445832474136;NORMAL
11.812;-0.0002761535484343977;NORMAL
11.816;0.00876833130620764;NORMAL
11.82;0.04792334065679267;NORMAL
11.824;-0.028684961502897222;NORMAL
11.828;0.0019141642077005064;NORMAL
11.832;-0.0371987206614365;NORMAL
11.836;0.08133238521359198;NORMAL
11.84;0.026271463859010486;NORMAL
11.844;0.02547709459817294;NORMAL
11.848;0.04212345235961676;NORMAL
11.852;-0.013212619219322236;NORMAL
11.856;-0.04172456998700774;NORMAL
11.86;0.014423505860536005;NORMAL
11.864;-0.043488400941135416;NORMAL
11.868;-0.001707840044113107;NORMAL
11.872;0.0028020779573843177;NORMAL
11.876;0.007280486348959791;NORMAL
11.88;0.022306898976512897;NORMAL
11.884;-0.047795919020875086;NORMAL
11.888;0.011359653808158255;NORMAL
11.892;0.012101295465761294;NORMAL
11.896;-0.007144468604841349;NORMAL
11.9;0.062069153297965154;NORMAL
11.904;-0.03628048802488187;NORMAL
11.908;0.02572812394305405;NORMAL
11.912;0.03051202440525381;NORMAL
11.916;-0.015865371588043076;NORMAL
11.92;-0.03773177688959192;NORMAL
11.924;0.008314156343014316;NORMAL
11.928;-0.09893692240902573;NORMAL
11.932;-0.027311735681884265;NORMAL
11.936;0.029309695976827012;NORMAL
11.94;-0.045030706520579555;NORMAL
11.944;0.06857894742854571;NORMAL
11.948;-0.040927114593284436;NORMAL
11.952;-0.00045586393172756086;NORMAL
11.956;0.07443010570353882;NORMAL
11.96;-0.016764506720881943;NORMAL
11.964;0.11393991092354933;NORMAL
11.968;0.038841894133822476;NORMAL
11.972;0.033976184831584565;NORMAL
11.976;0.037972899402787016;NORMAL
11.98;0.02419943857772026;NORMAL
11.984;0.08809525032006936;NORMAL
11.988;-0.03506720710537803;NORMAL
11.992;-0.0596594254221241;NORMAL
11.996;0.0880664071177234;NORMAL
12.0;-0.018648573029221027;NORMAL
12.004;-0.09514169222287304;NORMAL
12.008000000000001;0.07103471698327195;NORMAL
12.012;-0.06579162416075866;NORMAL
12.016;0.02567339165907472;NORMAL
12.02;0.010560780796010683;NORMAL
12.024000000000001;-0.03639648113935343;NORMAL
12.028;-0.010169059990495416;NORMAL
12.032;-0.047804547481572895;NORMAL
12.036;0.019047635431939654;NORMAL
12.040000000000001;0.07521639396497053;NORMAL
12.044;0.061910316822335734;NORMAL
12.048;-0.07184202398105549;NORMAL
12.052;0.01969239186661217;NORMAL
12.056000000000001;0.034179324957039;NORMAL
12.06;0.04675009238058509;NORMAL
12.064;0.03902215693817007;NORMAL
12.068;0.0759900345410671;NORMAL
12.072000000000001;0.03688030444687221;NORMAL
12.076;0.10448891605846831;NORMAL
12.08;-0.0017677669058613653;NORMAL
12.084;0.05914869735876052;NORMAL
12.088000000000001;-0.0053394016093610466;NORMAL
12.092;-0.0032516988054362202;NORMAL
12.096;0.009020402646826856;NORMAL
12.1;-0.028255539610318528;NORMAL
12.104000000000001;-0.052216929649449934;NORMAL
12.108;-0.02836022982497627;NORMAL
12.112;-0.008747106320685424;NORMAL
12.116;0.05198376104575434;NORMAL
12.120000000000001;-0.029178000744073576;NORMAL
12.124;0.0188311510680639;NORMAL
12.128;-0.027400862282132756;NORMAL
12.132;0.09772452705896473;NORMAL
12.136000000000001;-0.027092637144658954;NORMAL
12.14;0.011170654156795776;NORMAL
12.144;-0.021423020884197105;NORMAL
12.148;0.0290838945787852;NORMAL
12.152000000000001;-0.023118150782945136;NORMAL
12.156;0.01309336865758854;NORMAL
12.16;0.053508508200567496;NORMAL
12.164;-0.08135998920235601;NORMAL
12.168000000000001;-0.008701273309022968;NORMAL
12.172;-0.061331953805548525;NORMAL
12.176;0.009606013752260605;NORMAL
12.18;-0.0331503997989774;NORMAL
12.184000000000001;0.04477062660719824;NORMAL
12.188;0.030009563749747822;NORMAL
12.192;-0.1153922749739542;NORMAL
12.196;0.03377981329402487;NORMAL
12.200000000000001;-0.00853200626542608;NORMAL
12.204;0.07269168359704097;NORMAL
12.208;-0.0016300815589579245;NORMAL
12.212;-0.06740537667016838;NORMAL
12.216000000000001;0.009768768730217689;NORMAL
12.22;-0.024242866146800948;NORMAL
12.224;-0.018781332476154263;NORMAL
12.228;-0.01741895191800611;NORMAL
12.232000000000001;0.014457131741810332;NORMAL
12.236;-0.031381638031468116;NORMAL
12.24;-0.05143370902661674;NORMAL
12.244;0.018188683290063647;NORMAL
12.248000000000001;-0.12161361567099493;NORMAL
12.252;-0.020156876239060803;NORMAL
12.256;-0.0060745385038200525;NORMAL
12.26;0.052971717369037156;NORMAL
12.264000000000001;0.0035620292252071966;NORMAL
12.268;-0.08009658807568203;NORMAL
12.272;-0.10153969613624124;NORMAL
12.276;0.06996050235852927;NORMAL
12.280000000000001;-0.010016062282980132;NORMAL
12.284;-0.0006994450306458431;NORMAL
12.288;0.03068173799679195;NORMAL
12.292;-0.009386831121228442;NORMAL
12.296;-0.06985187741296144;NORMAL
12.3;-0.007755248614604546;NORMAL
12.304;-0.043132470314065446;NORMAL
12.308;-0.010130198802400719;NORMAL
12.312;0.09106467228429158;NORMAL
12.316;-0.04352094472430164;NORMAL
12.32;0.008934062416006246;NORMAL
12.324;-0.011327740800976618;NORMAL
12.328;-0.00837580335900494;NORMAL
12.332;-0.06418148631698062;NORMAL
12.336;0.0731116300344146;NORMAL
12.34;-0.08509832314197821;NORMAL
12.344;-0.016091359345078788;NORMAL
12.348;-0.016383122956518267;NORMAL
12.352;-0.002887857326800059;NORMAL
12.356;-0.014108682497353671;NORMAL
12.36;0.03459515228226822;NORMAL
12.364;-0.04658072967451031;NORMAL
12.368;-0.020623493183908694;NORMAL
12.372;-0.02059043298814066;NORMAL
12.376;-0.03078118508799095;NORMAL
12.38;0.10294365080990084;NORMAL
12.384;0.08179359466572914;NORMAL
12.388;0.2080433816339478;NORMAL
12.392;0.18320063815123594;NORMAL
12.396;0.34365217163299405;NORMAL
12.4;0.344767756219716;NORMAL
12.404;0.46677339924440486;NORMAL
12.408;0.589377414823853;NORMAL
12.412;0.7951561987488902;NORMAL
12.416;0.772140386002118;NORMAL
12.42;0.9812988939838949;NORMAL
12.424;0.9758712651753498;NORMAL
12.428;0.9844237336713535;BEAT
12.432;0.9770954795980044;NORMAL
12.436;0.9435274352823648;NORMAL
12.44;0.8364270085354069;NORMAL
12.444;0.7033734992392027;NORMAL
12.448;0.530799095683635;NORMAL
12.452;0.5076530634924185;NORMAL
12.456;0.36831606754837504;NORMAL
12.46;0.3110133467020183;NORMAL
12.464;0.22308669985205212;NORMAL
12.468;0.2536318616612723;NORMAL
12.472;0.1067911463237771;NORMAL
12.476;0.04359223515891058;NORMAL
12.48;0.05889719384411353;NORMAL
12.484;-0.0018450249536291694;NORMAL
12.488;0.06637804570866161;NORMAL
12.492;0.007717776442050026;NORMAL
12.496;-0.14396209877620966;NORMAL
12.5;0.011042582860279636;NORMAL
12.504;0.005224876206856194;NORMAL
12.508000000000001;0.005059054940297881;NORMAL
12.512;-0.04615028612554151;NORMAL
12.516;0.057312268932479704;NORMAL
12.52;0.0670940196036971;NORMAL
12.524000000000001;-0.011083980149560227;NORMAL
12.528;0.022793501494205285;NORMAL
12.532;0.030273063530153816;NORMAL
12.536;-0.03775896645510448;NORMAL
12.540000000000001;-0.03482465326169199;NORMAL
12.544;-0.04245084005330989;NORMAL
12.548;-0.0035997089034705333;NORMAL
12.552;-0.03204604522344961;NORMAL
12.556000000000001;-0.04215472068931387;NORMAL
12.56;-0.02745775253742531;NORMAL
12.564;0.03668549408702962;NORMAL
12.568;-0.0971142352384902;NORMAL
12.572000000000001;0.019148741235693177;NORMAL
12.576;0.06321955535350395;NORMAL
12.58;0.02935861972299696;NORMAL
12.584;-0.018829225341180207;NORMAL
12.588000000000001;-0.07148718160162075;NORMAL
12.592;-0.027558303671411006;NORMAL
12.596;-0.0012843438612004578;NORMAL
12.6;-0.041013822972572896;NORMAL
12.604000000000001;-0.05051427143893389;NORMAL
12.608;0.0768691880195985;NORMAL
12.612;-0.004627283500690059;NORMAL
12.616;-0.023218857826543468;NORMAL
12.620000000000001;0.019020743130120855;NORMAL
12.624;0.09908906078820863;NORMAL
12.628;0.04537130717819292;NORMAL
12.632;-0.027321719782675002;NORMAL
12.636000000000001;0.0016734772048595363;NORMAL
12.64;0.069068651564549;NORMAL
12.644;-0.036215179128239953;NORMAL
12.648;0.024878771038582048;NORMAL
12.652000000000001;0.07629299190998098;NORMAL
12.656;-0.09021071400598736;NORMAL
12.66;0.016653769286704197;NORMAL
12.664;-0.023596533364560485;NORMAL
12.668000000000001;-0.005875429574147517;NORMAL
12.672;0.0025292170905544106;NORMAL
12.676;0.04851780214439855;NORMAL
12.68;-0.01949358823478115;NORMAL
12.684000000000001;-0.1006696166759154;NORMAL
12.688;-0.08083004889898425;NORMAL
12.692;-0.0939798702369694;NORMAL
12.696;0.03745626042307042;NORMAL
12.700000000000001;0.08026528819811524;NORMAL
12.704;0.02276766816489753;NORMAL
12.708;-0.03727944818090459;NORMAL
12.712;-0.032045068274439335;NORMAL
12.716000000000001;0.02407940762938594;NORMAL
12.72;0.03768280523353406;NORMAL
12.724;-0.05998296649170376;NORMAL
12.728;-0.03382056384962573;NORMAL
12.732000000000001;0.03857542303990587;NORMAL
12.736;0.041139648404644985;NORMAL
12.74;0.014454807757706578;NORMAL
12.744;0.08780948172596487;NORMAL
12.748000000000001;0.047002874326532;NORMAL
12.752;0.06364350331257322;NORMAL
12.756;-0.022349871000276272;NORMAL
12.76;0.053031743741513274;NORMAL
12.764000000000001;0.0047594612824439116;NORMAL
12.768;-0.023939129986461326;NORMAL
12.772;0.03521964882460746;NORMAL
12.776;0.024526552835140013;NORMAL
12.780000000000001;0.011727985197605564;NORMAL
12.784;-0.07107902235209901;NORMAL
12.788;-0.0102562134996762;NORMAL
12.792;-0.019054815971310833;NORMAL
12.796000000000001;-0.005970977202196085;NORMAL
12.8;-0.0779094555558531;NORMAL
12.804;0.03369028049750225;NORMAL
12.808;0.04698331597874584;NORMAL
12.812;-0.067483167522253;NORMAL
12.816;-0.03477362328065808;NORMAL
12.82;-0.011293059424175408;NORMAL
12.824;0.04437298897963012;NORMAL
12.828;0.025039505255776796;NORMAL
12.832;0.08194005345655883;NORMAL
12.836;-0.0672108263725552;NORMAL
12.84;-0.08932234177636195;NORMAL
12.844;0.08292287728620029;NORMAL
12.848;-0.01732399360931603;NORMAL
12.852;0.05730140652958191;NORMAL
12.856;-0.029341544153668908;NORMAL
12.86;0.0263943489620387;NORMAL
12.864;0.048900904402997054;NORMAL
12.868;0.002744114142041774;NORMAL
12.872;-0.010872793843957682;NORMAL
12.876;-0.0870095172267808;NORMAL
12.88;-0.06521841243902175;NORMAL
12.884;0.03034265431601429;NORMAL
12.888;0.02857174557233615;NORMAL
12.892;0.004920134999110138;NORMAL
12.896;0.007541372051260826;NORMAL
12.9;0.0674434842158705;NORMAL
12.904;-0.03190475293364583;NORMAL
12.908;0.07602650564279212;NORMAL
12.912;0.0018234448095036323;NORMAL
12.916;0.046380551851664925;NORMAL
12.92;-0.0666956392334818;NORMAL
12.924;-0.0885077877213155;NORMAL
12.928;-0.0465972969991707;NORMAL
12.932;-0.009376560740751709;NORMAL
12.936;0.07947438929366976;NORMAL
12.94;-0.013991780845524599;NORMAL
12.944;-0.026792851007128773;NORMAL
12.948;-0.00766724086713195;NORMAL
12.952;-0.012360298445095008;NORMAL
12.956;0.10992127348457595;NORMAL
12.96;0.006700722702539567;NORMAL
12.964;-0.0033151759924084593;NORMAL
12.968;-0.004004936139692441;NORMAL
12.972;-0.0007634103392478533;NORMAL
12.976;0.004084698559229191;NORMAL
12.98;-0.018916098860189825;NORMAL
12.984;0.020711298938307067;NORMAL
12.988;-0.04911376622576578;NORMAL
12.992;-0.052360694898171224;NORMAL
12.996;0.02090046279681199;NORMAL
13.0;0.00679851277611359;NORMAL
13.004;-0.049438358330772286;NORMAL
13.008000000000001;-0.0011366682081698691;NORMAL
13.012;-0.00895184025133575;NORMAL
13.016;-0.019019254410056155;NORMAL
13.02;0.01789601101009423;NORMAL
13.024000000000001;0.05578973586001408;NORMAL
13.028;-0.06894804744216503;NORMAL
13.032;-0.029689315951804247;NORMAL
13.036;-0.012921485940570847;NORMAL
13.040000000000001;-0.036329035740928765;NORMAL
13.044;-0.018692228524149992;NORMAL
13.048;-0.0017818906307793326;NORMAL
13.052;-0.037904809562526016;NORMAL
13.056000000000001;-0.06706751386860703;NORMAL
13.06;-0.0012319869998567172;NORMAL
13.064;0.012727850805333233;NORMAL
13.068;0.02057067630548085;NORMAL
13.072000000000001;0.017655520810383317;NORMAL
13.076;0.0047840715150458905;NORMAL
13.08;-0.011910808578599266;NORMAL
13.084;0.060130748460137655;NORMAL
13.088000000000001;0.049999765348616235;NORMAL
13.092;0.008815382461551098;NORMAL
13.096;-0.0032137130733015944;NORMAL
13.1;-0.0407875033812573;NORMAL
13.104000000000001;0.029351811195252087;NORMAL
13.108;-0.005515578292694118;NORMAL
13.112;0.005684119598793273;NORMAL
13.116;0.06360694092677861;NORMAL
13.120000000000001;-0.01427450209722652;NORMAL
13.124;0.027664694300301846;NORMAL
13.128;0.04072383999294719;NORMAL
13.132;-0.0013837614920100727;NORMAL
13.136000000000001;0.06976929813958947;NORMAL
13.14;-0.06047019759787169;NORMAL
13.144;0.010855187397571252;NORMAL
13.148;0.08194710326524784;NORMAL
13.152000000000001;0.019195869145492934;NORMAL
13.156;0.026645595017907527;NORMAL
13.16;0.028719254656647566;NORMAL
13.164;0.09549817664108166;NORMAL
13.168000000000001;-4.289412626973764e-05;NORMAL
13.172;0.010024101927804003;NORMAL
13.176;-0.0024832549924187182;NORMAL
13.18;-0.06466928497357162;NORMAL
13.184000000000001;0.049142617902383404;NORMAL
13.188;-0.07581323363908386;NORMAL
13.192;-0.0015514358290747118;NORMAL
13.196;-0.03765688671815888;NORMAL
13.200000000000001;-0.07313056961832462;NORMAL
13.204;-0.022242071409697237;NORMAL
13.208;-0.030781675777163318;NORMAL
13.212;0.018280762116887627;NORMAL
13.216000000000001;0.027278587061547656;NORMAL
13.22;0.02605250796260726;NORMAL
13.224;0.02270698993785277;NORMAL
13.228;0.07361236038849324;NORMAL
13.232000000000001;0.11059582457684983;NORMAL
13.236;0.20060305053792477;NORMAL
13.24;0.3200239384499129;NORMAL
13.244;0.4346750943633798;NORMAL
13.248000000000001;0.4863320468317395;NORMAL
13.252;0.6432030469758255;NORMAL
13.256;0.6600505526905963;NORMAL
13.26;0.8707421849898249;NORMAL
13.264000000000001;0.9410352542596295;NORMAL
13.268;0.966675415384974;NORMAL
13.272;1.1004715834951195;BEAT
13.276;1.0272754221906253;NORMAL
13.280000000000001;0.9913859074694515;NORMAL
13.284;0.7944357890711764;NORMAL
13.288;0.7070640049912188;NORMAL
13.292;0.7163985375043733;NORMAL
13.296000000000001;0.5501672760292752;NORMAL
13.3;0.4069491243878217;NORMAL
13.304;0.2370034114875677;NORMAL
13.308;0.25299306242494674;NORMAL
13.312000000000001;0.1524209905524696;NORMAL
13.316;0.13228085671326695;NORMAL
13.32;0.0737671705719285;NORMAL
13.324;0.09399601429422078;NORMAL
13.328;-0.020777018769409086;NORMAL
13.332;0.08486700807790346;NORMAL
13.336;0.006616318667375074;NORMAL
13.34;-0.03877616897458782;NORMAL
13.344;-0.07289832084861404;NORMAL
13.348;0.047847458150099983;NORMAL
13.352;-0.019799396051369007;NORMAL
13.356;-0.00773591772835138;NORMAL
13.36;0.013763977655997614;NORMAL
13.364;0.02901847109472037;NORMAL
13.368;-0.024492532367123107;NORMAL
13.372;-0.08191049530644298;NORMAL
13.376;-0.11158894564560243;NORMAL
13.38;-0.04704395857196219;NORMAL
13.384;0.022388337595602915;NORMAL
13.388;-0.024071996629286902;NORMAL
13.392;-0.028448813748833183;NORMAL
13.396;-0.08530404540307551;NORMAL
13.4;-0.020300057989864083;NORMAL
13.404;-0.008891034873253075;NORMAL
13.408;-0.008230850063346895;NORMAL
13.412;0.022851809851700516;NORMAL
13.416;0.020678102297847712;NORMAL
13.42;0.030526284138242907;NORMAL
13.424;0.041753933928900325;NORMAL
13.428;-0.027262641589027765;NORMAL
13.432;-0.04020274795857475;NORMAL
13.436;-0.03743622681942073;NORMAL
13.44;-0.09525619634998056;NORMAL
13.444;0.013578032318681403;NORMAL
13.448;-0.11017378771362904;NORMAL
13.452;-0.05647654384512707;NORMAL
13.456;0.00437006940716383;NORMAL
13.46;0.020286866754997076;NORMAL
13.464;0.03549564423678803;NORMAL
13.468;-0.07670496155581742;NORMAL
13.472;0.0018368296499017363;NORMAL
13.476;-0.055639249445487586;NORMAL
13.48;-0.030981945488632864;NORMAL
13.484;-0.05078443819202658;NORMAL
13.488;-0.03764278024968393;NORMAL
13.492;0.054231532991497314;NORMAL
13.496;-0.005775442993009559;NORMAL
13.5;0.07903205051209518;NORMAL
13.504;0.023312950531304034;NORMAL
13.508000000000001;0.031632619267596924;NORMAL
13.512;-0.07079203464800701;NORMAL
13.516;-0.056051770582693373;NORMAL
13.52;-0.040042830195941535;NORMAL
13.524000000000001;-0.057812032756672564;NORMAL
13.528;0.028710992519185935;NORMAL
13.532;0.00502258687746571;NORMAL
13.536;0.007438371672054718;NORMAL
13.540000000000001;-0.01298247711156356;NORMAL
13.544;0.013845644225546024;NORMAL
13.548;0.02166917207403892;NORMAL
13.552;-0.07836157484380828;NORMAL
13.556000000000001;-0.03368866618260578;NORMAL
13.56;-0.01727995290376432;NORMAL
13.564;0.06689145391123767;NORMAL
13.568;0.0056151841811104;NORMAL
13.572000000000001;-0.006420416077798446;NORMAL
13.576;0.026082405866123665;NORMAL
13.58;-0.06315913104395852;NORMAL
13.584;-0.09321715728165168;NORMAL
13.588000000000001;0.08055774107648479;NORMAL
13.592;-0.022953740073138815;NORMAL
13.596;0.039262027381831134;NORMAL
13.6;-0.05950628570714492;NORMAL
13.604000000000001;-0.010966050531476193;NORMAL
13.608;-0.037883883852323136;NORMAL
13.612;0.09291090090265233;NORMAL
13.616;0.013387951174216352;NORMAL
13.620000000000001;-0.035264192988479076;NORMAL
13.624;0.054175109171802786;NORMAL
13.628;0.054316966236719146;NORMAL
13.632;-0.058090391940756284;NORMAL
13.636000000000001;-0.010967616188566376;NORMAL
13.64;0.023323579722746665;NORMAL
13.644;0.01140800764193959;NORMAL
13.648;-0.026252882347194306;NORMAL
13.652000000000001;-0.04379848099984645;NORMAL
13.656;0.0482723380644933;NORMAL
13.66;-0.056733036240616645;NORMAL
13.664;0.01596523698294571;NORMAL
13.668000000000001;-0.03714639417750115;NORMAL
13.672;-0.09016077618223062;NORMAL
13.676;0.00033746022834053716;NORMAL
13.68;-0.034009711152426896;NORMAL
13.684000000000001;0.028345990333053864;NORMAL
13.688;0.01643611380983782;NORMAL
13.692;-0.03910492261379455;NORMAL
13.696;-0.060550773860508125;NORMAL
13.700000000000001;-0.07282520087316258;NORMAL
13.704;-0.07676442101517408;NORMAL
13.708;-0.013147241034922817;NORMAL
13.712;0.03935829364303288;NORMAL
13.716000000000001;0.017425351391230165;NORMAL
13.72;0.06066788410720151;NORMAL
13.724;-0.04566539121865384;NORMAL
13.728;0.008059468894743021;NORMAL
13.732000000000001;-0.07247653979485809;NORMAL
13.736;-0.02207937163818204;NORMAL
13.74;-0.08075590206249339;NORMAL
13.744;-0.0240037682986787;NORMAL
13.748000000000001;-0.053501426766724196;NORMAL
13.752;0.02147335653049595;NORMAL
13.756;0.06398755080336585;NORMAL
13.76;0.054259338444111904;NORMAL
13.764000000000001;-0.058315931622057164;NORMAL
13.768;0.021008990555273763;NORMAL
13.772;-0.020945016903498186;NORMAL
13.776;0.037337662726181206;NORMAL
13.780000000000001;0.06364353559299578;NORMAL
13.784;0.05567536847662485;NORMAL
13.788;0.06475429626494031;NORMAL
13.792;-0.07665446134018775;NORMAL
13.796000000000001;-0.01511484339491136;NORMAL
13.8;0.09329861289763774;NORMAL
13.804;0.07297142695421742;NORMAL
13.808;-0.015566558287599251;NORMAL
13.812000000000001;0.029207760791998518;NORMAL
13.816;0.09304745161711658;NORMAL
13.82;-0.0922600272080995;NORMAL
13.824;-0.015141936065793156;NORMAL
13.828;0.013041230582778982;NORMAL
13.832;-0.09962212261997885;NORMAL
13.836;-0.14470920218773925;NORMAL
13.84;-0.029761729005132465;NORMAL
13.844;-0.0074053172627579645;NORMAL
13.848;0.06266819118186284;NORMAL
13.852;0.016472972927912524;NORMAL
13.856;-0.0638326438571109;NORMAL
13.86;-0.02418645252963013;NORMAL
13.864;-0.019056287553912296;NORMAL
13.868;-0.11910284498109529;NORMAL
13.872;0.010450399205423407;NORMAL
13.876;-0.0024007702704383536;NORMAL
13.88;0.019174194610006447;NORMAL
13.884;-0.05201436713783211;NORMAL
13.888;0.08246919517709365;NORMAL
13.892;-0.05035141615522571;NORMAL
13.896;-0.06400372310127858;NORMAL
13.9;-0.021066307362756657;NORMAL
13.904;-0.01228781039415241;NORMAL
13.908;0.02810594698574142;NORMAL
13.912;0.09597702435183389;NORMAL
13.916;-0.04495768556477183;NORMAL
13.92;-0.022035586638222252;NORMAL
13.924;-0.016443528898439932;NORMAL
13.928;0.07469164658225075;NORMAL
13.932;0.008559991613697141;NORMAL
13.936;0.060379307851476584;NORMAL
13.94;0.002265655413775566;NORMAL
13.944;-0.0015147041579701079;NORMAL
13.948;0.039407890521435965;NORMAL
13.952;0.030016388257499912;NORMAL
13.956;-0.016040036677838085;NORMAL
13.96;0.02137580349583748;NORMAL
13.964;0.26583899826054846;NORMAL
13.968;0.266491961369487;NORMAL
13.972;0.4486355581241799;NORMAL
13.976;0.5417792500524488;NORMAL
13.98;0.5932524215203455;NORMAL
13.984;0.6849037448164593;NORMAL
13.988;0.8031140401491953;NORMAL
13.992;0.88599500137349;NORMAL
13.996;0.9704126851075895;NORMAL
14.0;0.97915913198568;BEAT
14.004;1.0163385338605613;NORMAL
14.008000000000001;0.9349161941857494;NORMAL
14.012;0.8512924135518576;NORMAL
14.016;0.6952480588718006;NORMAL
14.02;0.6139552857321986;NORMAL
14.024000000000001;0.4866558064123017;NORMAL
14.028;0.34889012753170817;NORMAL
14.032;0.28893634819521563;NORMAL
14.036;0.2590936939107378;NORMAL
14.040000000000001;0.0865462111123772;NORMAL
14.044;0.12010077895842158;NORMAL
14.048;0.02491622300477482;NORMAL
14.052;0.05713317091775291;NORMAL
14.056000000000001;0.06542062675787824;NORMAL
14.06;0.0686623987752237;NORMAL
14.064;-0.031065124882427724;NORMAL
14.068;0.00803154513275346;NORMAL
14.072000000000001;-0.008935641630253802;NORMAL
14.076;-0.025090338373208305;NORMAL
14.08;-0.03806801167813007;NORMAL
14.084;-0.05046260622427482;NORMAL
14.088000000000001;-0.07146093062878887;NORMAL
14.092;-0.0035008854943001017;NORMAL
14.096;0.05352371509980764;NORMAL
14.1;-0.0766108341696631;NORMAL
14.104000000000001;-0.04497385092801576;NORMAL
14.108;-0.03477725857262725;NORMAL
14.112;-0.045031842419248944;NORMAL
14.116;-0.02039166181896358;NORMAL
14.120000000000001;-0.010522609048063847;NORMAL
14.124;-0.05500342202391459;NORMAL
14.128;-0.00045037350404991786;NORMAL
14.132;-0.056338667558652994;NORMAL
14.136000000000001;-0.01757562005549597;NORMAL
14.14;-0.03580223165133991;NORMAL
14.144;-0.0028370967435190223;NORMAL
14.148;-0.059570632188682075;NORMAL
14.152000000000001;-0.00895440450446933;NORMAL
14.156;0.026917172437711336;NORMAL
14.16;0.1025620046165547;NORMAL
14.164;-0.04303282532436479;NORMAL
14.168000000000001;0.005249186543544067;NORMAL
14.172;-0.07172789149550231;NORMAL
14.176;0.08990859975082068;NORMAL
14.18;0.05210363333199756;NORMAL
14.184000000000001;-0.02262236974804223;NORMAL
14.188;0.03652161896693479;NORMAL
14.192;0.016636123292036228;NORMAL
14.196;0.04675219020626453;NORMAL
14.200000000000001;0.028143897957881032;NORMAL
14.204;-0.011147138771949196;NORMAL
14.208;0.029417511833007753;NORMAL
14.212;0.004560709653276927;NORMAL
14.216000000000001;0.013355910459699659;NORMAL
14.22;0.023368107266262428;NORMAL
14.224;-0.009588273072495811;NORMAL
14.228;-0.028587367092492513;NORMAL
14.232000000000001;0.06393560682371567;NORMAL
14.236;-0.023791283868503613;NORMAL
14.24;0.010083208222157435;NORMAL
14.244;-0.08453264861399573;NORMAL
14.248000000000001;0.00245768201300226;NORMAL
14.252;-0.0797658839151491;NORMAL
14.256;-0.05554287320209888;NORMAL
14.26;0.022719537448493088;NORMAL
14.264000000000001;-0.006823144713995176;NORMAL
14.268;0.08212184908913633;NORMAL
14.272;-0.07205344838584042;NORMAL
14.276;0.029081815340905107;NORMAL
14.280000000000001;0.028360130875401027;NORMAL
14.284;0.061837174865562644;NORMAL
14.288;-0.0017260126582323912;NORMAL
14.292;-0.064159668069167;NORMAL
14.296000000000001;0.06912126101143717;NORMAL
14.3;-0.031928978607602375;NORMAL
14.304;0.035812885929111415;NORMAL
14.308;-0.04999135348078964;NORMAL
14.312000000000001;0.0035948656529602185;NORMAL
14.316;-0.016643223677898042;NORMAL
14.32;0.07083188951639982;NORMAL
14.324;-0.0082143731435989;NORMAL
14.328000000000001;-0.004783380074979458;NORMAL
14.332;0.02098079455255844;NORMAL
14.336;-0.0384336256549456;NORMAL
14.34;0.05984412371698288;NORMAL
14.344;-0.019349297144585983;NORMAL
14.348;-0.029522827107465816;NORMAL
14.352;0.03655110313201794;NORMAL
14.356;-0.09783748842692913;NORMAL
14.36;0.0031236646265519735;NORMAL
14.364;-0.04111457031228857;NORMAL
14.368;-0.020985216058865552;NORMAL
14.372;-0.008241352965399934;NORMAL
14.376;0.003581192558426199;NORMAL
14.38;-0.0413547353415372;NORMAL
14.384;-0.06870032533315933;NORMAL
14.388;0.010553859980634567;NORMAL
14.392;0.014663601850326145;NORMAL
14.396;0.07113623344419984;NORMAL
14.4;-0.08234134689664069;NORMAL
14.404;-0.11112289878793623;NORMAL
14.408;0.008136611894389554;NORMAL
14.412;-0.03096945575862056;NORMAL
14.416;-0.045545120836409506;NORMAL
14.42;-0.06647544754737393;NORMAL
14.424;-0.04595418786924327;NORMAL
14.428;0.0887227012733309;NORMAL
14.432;0.018553307869477922;NORMAL
14.436;0.0023801767562312654;NORMAL
14.44;0.005137826454140897;NORMAL
14.444;-0.014173350614407321;NORMAL
14.448;0.023865449556418034;NORMAL
14.452;-0.01841644928711654;NORMAL
14.456;0.021621276397077577;NORMAL
14.46;0.03465909900807534;NORMAL
14.464;-0.04481916714594574;NORMAL
14.468;0.03401833163388546;NORMAL
14.472;0.009758570084201945;NORMAL
14.476;-0.016437797951214566;NORMAL
14.48;0.06269418560745471;NORMAL
14.484;0.006736461560855509;NORMAL
14.488;-0.027666357424010135;NORMAL
14.492;0.029074615299531037;NORMAL
14.496;-0.0494458509831076;NORMAL
14.5;0.0036027646435508424;NORMAL
14.504;-0.05797805739263029;NORMAL
14.508000000000001;0.05488603421839588;NORMAL
14.512;-0.05167829228065055;NORMAL
14.516;0.04499363163823712;NORMAL
14.52;-0.06658266392602091;NORMAL
14.524000000000001;-0.029713399994249823;NORMAL
14.528;0.03219338979451871;NORMAL
14.532;-0.06730001718961401;NORMAL
14.536;-0.06224326783335108;NORMAL
14.540000000000001;0.0019230445083124811;NORMAL
14.544;-0.04461173814488177;NORMAL
14.548;-0.05841224061898714;NORMAL
14.552;0.013683017499127573;NORMAL
14.556000000000001;0.023238013327385693;NORMAL
14.56;0.03611298767257367;NORMAL
14.564;0.0316106210355901;NORMAL
14.568;0.09819835784078199;NORMAL
14.572000000000001;0.019469321199494283;NORMAL
14.576;-0.00228303699461064;NORMAL
14.58;0.0013674132542088047;NORMAL
14.584;0.024016215434014977;NORMAL
14.588000000000001;-0.03211923382848875;NORMAL
14.592;0.03980492160802987;NORMAL
14.596;0.022921910586402923;NORMAL
14.6;-0.05717824158282371;NORMAL
14.604000000000001;-0.015761551931156786;NORMAL
14.608;-0.01899733156378627;NORMAL
14.612;0.058805883167453554;NORMAL
14.616;-0.07882888430574063;NORMAL
14.620000000000001;-0.1052686411292566;NORMAL
14.624;0.046208108246779026;NORMAL
14.628;-0.009474501819873641;NORMAL
14.632;-0.01251097253660809;NORMAL
14.636000000000001;-0.02400275234458656;NORMAL
14.64;-0.03622578201987602;NORMAL
14.644;0.06566046088847087;NORMAL
14.648;0.09206023650479485;NORMAL
14.652000000000001;0.014303428922636122;NORMAL
14.656;-0.12745241873010954;NORMAL
14.66;0.06347247866529465;NORMAL
14.664;-0.007041481004237623;NORMAL
14.668000000000001;-0.003986584575043537;NORMAL
14.672;0.03815585678655774;NORMAL
14.676;-0.027703127601445943;NORMAL
14.68;0.09194914677059854;NORMAL
14.684000000000001;-0.026591019561529084;NORMAL
14.688;-0.027423957534888677;NORMAL
14.692;0.016444410146923914;NORMAL
14.696;-0.014418906857136508;NORMAL
14.700000000000001;-0.036509371739698475;NORMAL
14.704;-0.03949126196795918;NORMAL
14.708;-0.033584309989283155;NORMAL
14.712;-0.026542893297498617;NORMAL
14.716000000000001;0.028677708700602392;NORMAL
14.72;0.034830352573289286;NORMAL
14.724;-0.05135170141855018;NORMAL
14.728;-0.06690466427258272;NORMAL
14.732000000000001;-0.10245400081083567;NORMAL
14.736;-0.12152261601303412;NORMAL
14.74;-0.009164102431177072;NORMAL
14.744;0.03612785776560256;NORMAL
14.748000000000001;-0.04264629562843252;NORMAL
14.752;0.014861964000781106;NORMAL
14.756;-0.03134352571188508;NORMAL
14.76;-0.029541317491122668;NORMAL
14.764000000000001;0.01115470767155034;NORMAL
14.768;0.027382284620388633;NORMAL
14.772;-0.05959279182738129;NORMAL
14.776;-0.0575957263489027;NORMAL
14.780000000000001;-0.012594188176365071;NORMAL
14.784;-0.018063271215102872;NORMAL
14.788;0.045741708003217814;NORMAL
14.792;-0.011246075273817987;NORMAL
14.796000000000001;-0.026382632796086474;NORMAL
14.8;-0.006323911905766771;NORMAL
14.804;-0.028663677751237276;NORMAL
14.808;-0.03786417126695005;NORMAL
14.812000000000001;0.051629428609403484;NORMAL
14.816;-0.07125068443181035;NORMAL
14.82;-0.0268178713468993;NORMAL
14.824;-0.083662416524887;NORMAL
14.828000000000001;-0.04878771418529149;NORMAL
14.832;-0.006463533071380571;NORMAL
14.836;-0.06474701795226948;NORMAL
14.84;0.052287721903470266;NORMAL
14.844000000000001;-0.01886102078025252;NORMAL
14.848;0.007623201852114218;NORMAL
14.852;0.0016457830137066784;NORMAL
14.856;-0.04078549025704092;NORMAL
14.86;0.052448059936807435;NORMAL
14.864;0.0625850665320693;NORMAL
14.868;-0.04374729828098118;NORMAL
14.872;-0.06590640116039559;NORMAL
14.876;-0.048432829243709244;NORMAL
14.88;0.05834400221255163;NORMAL
14.884;0.02359195090382527;NORMAL
14.888;-0.011593023280430409;NORMAL
14.892;0.009090127442610214;NORMAL
14.896;0.08083177446629829;NORMAL
14.9;-0.015531475376823312;NORMAL
14.904;0.02513394362785782;NORMAL
14.908;0.10409625566060986;NORMAL
14.912;0.1475679180681347;NORMAL
14.916;0.13298264232658313;NORMAL
14.92;0.26067415325519633;NORMAL
14.924;0.29097415729530623;NORMAL
14.928;0.5518325476371123;NORMAL
14.932;0.5868991440189941;NORMAL
14.936;0.676247793567829;NORMAL
14.94;0.8400658158321266;NORMAL
14.944;0.8758122584193453;NORMAL
14.948;0.9421660345554876;NORMAL
14.952;1.0066662031503946;BEAT
14.956;0.9736336763883591;NORMAL
14.96;0.9689505035277702;NORMAL
14.964;0.814637403852804;NORMAL
14.968;0.7721977359215638;NORMAL
14.972;0.5602370143567693;NORMAL
14.976;0.5499880079515994;NORMAL
14.98;0.45295252063161706;NORMAL
14.984;0.2403057404594187;NORMAL
14.988;0.22762135021964777;NORMAL
14.992;0.20086856315571266;NORMAL
14.996;0.15473462070474903;NORMAL
15.0;-0.043279501736576784;NORMAL
15.004;0.07313570974314018;NORMAL
15.008000000000001;0.04854532449595031;NORMAL
15.012;0.07621802518258348;NORMAL
15.016;0.05984474006014456;NORMAL
15.02;0.0180003469242412;NORMAL
15.024000000000001;-0.05757396472383784;NORMAL
15.028;0.0006058500380992779;NORMAL
15.032;0.0058031943372353675;NORMAL
15.036;0.042716983648546786;NORMAL
15.040000000000001;-0.004905307783675658;NORMAL
15.044;0.04677852471122404;NORMAL
15.048;-0.011043436413104589;NORMAL
15.052;0.015593334524634215;NORMAL
15.056000000000001;0.030371370350012555;NORMAL
15.06;0.026886953259915223;NORMAL
15.064;-0.0411163062157696;NORMAL
15.068;0.004525538535820176;NORMAL
15.072000000000001;0.08730374685176284;NORMAL
15.076;0.012521368921557915;NORMAL
15.08;-0.02982240886459837;NORMAL
15.084;-0.058491824827849086;NORMAL
15.088000000000001;0.025354733174748578;NORMAL
15.092;-0.04137460604469744;NORMAL
15.096;-0.009990981218512992;NORMAL
15.1;-0.017401143928555438;NORMAL
15.104000000000001;-0.0008667692991700371;NORMAL
15.108;0.007365974172148439;NORMAL
15.112;-0.002205278319634666;NORMAL
15.116;0.005239754980826012;NORMAL
15.120000000000001;-0.010899540086327878;NORMAL
15.124;-0.13048703919226445;NORMAL
15.128;-0.0892481940364442;NORMAL
15.132;0.03473100673516369;NORMAL
15.136000000000001;-0.03530966196898876;NORMAL
15.14;0.07516775929991415;NORMAL
15.144;0.104403883543511;NORMAL
15.148;-0.06681970434013705;NORMAL
15.152000000000001;-0.00565664691218553;NORMAL
15.156;-0.07643970299424496;NORMAL
15.16;-0.012005690046441322;NORMAL
15.164;-0.014648686935064152;NORMAL
15.168000000000001;-0.11942776902659485;NORMAL
15.172;0.05667811260020596;NORMAL
15.176;0.013256603223989645;NORMAL
15.18;-0.017950205762672207;NORMAL
15.184000000000001;-0.004756616189358519;NORMAL
15.188;-0.07166680781691967;NORMAL
15.192;0.08879175477582699;NORMAL
15.196;-0.01183796820556359;NORMAL
15.200000000000001;0.016233275564660674;NORMAL
15.204;0.021434747194407803;NORMAL
15.208;-0.0014290839909319548;NORMAL
15.212;0.08826377212634512;NORMAL
15.216000000000001;0.03288250472759282;NORMAL
15.22;0.022679211587368842;NORMAL
15.224;-0.04706730719058235;NORMAL
15.228;-0.02163858935709728;NORMAL
15.232000000000001;-0.016559333640383617;NORMAL
15.236;-0.0009099781990504828;NORMAL
15.24;-0.03385028977789265;NORMAL
15.244;-0.006570756944381748;NORMAL
15.248000000000001;0.04132970858187227;NORMAL
15.252;-0.06816863396753388;NORMAL
15.256;-0.1125537561287314;NORMAL
15.26;-0.09879233777724983;NORMAL
15.264000000000001;0.03648955831046687;NORMAL
15.268;0.050873452369571685;NORMAL
15.272;0.0387344043567332;NORMAL
15.276;0.04994389706310296;NORMAL
15.280000000000001;0.05369738492597692;NORMAL
15.284;-0.04050913449384568;NORMAL
15.288;0.04758050250024929;NORMAL
15.292;-0.01595190784450023;NORMAL
15.296000000000001;0.09622971464435197;NORMAL
15.3;0.003229414309085369;NORMAL
15.304;-0.06912173417388247;NORMAL
15.308;0.0026473256454992806;NORMAL
15.312000000000001;0.03667425049321342;NORMAL
15.316;-0.021831861649046446;NORMAL
15.32;-0.008799932275034459;NORMAL
15.324;0.09326583933068207;NORMAL
15.328000000000001;-0.018263475125322802;NORMAL
15.332;0.004422363400163612;NORMAL
15.336;-0.03094169840054914;NORMAL
15.34;-0.03239089139254437;NORMAL
15.344000000000001;-0.019813361975738505;NORMAL
15.348;0.042882520790467206;NORMAL
15.352;-0.0027384241009676446;NORMAL
15.356;-0.0031047176783552607;NORMAL
15.36;-0.04779703429111321;NORMAL
15.364;-0.13072751321068218;NORMAL
15.368;0.026750693813123352;NORMAL
15.372;-0.012516287533610698;NORMAL
15.376;0.022722735234144212;NORMAL
15.38;-0.0978432385063199;NORMAL
15.384;-0.10295185542241735;NORMAL
15.388;0.012640924343186583;NORMAL
15.392;0.022442687465221975;NORMAL
15.396;0.0015002091985847213;NORMAL
15.4;-0.040169442432623506;NORMAL
15.404;-0.04099142293909869;NORMAL
15.408;-0.016766436432430636;NORMAL
15.412;0.03662483286853096;NORMAL
15.416;0.04431040650508023;NORMAL
15.42;-0.017715467855843544;NORMAL
15.424;0.055284260648577194;NORMAL
15.428;0.04766367437924054;NORMAL
15.432;0.0693281821100786;NORMAL
15.436;0.03232171142801992;NORMAL
15.44;0.04467778289318578;NORMAL
15.444;-0.06349942586128186;NORMAL
15.448;0.03154552663179765;NORMAL
15.452;-0.08235271891273502;NORMAL
15.456;0.019260453972212693;NORMAL
15.46;0.05751322946332578;NORMAL
15.464;0.04179056358459174;NORMAL
15.468;0.09622106010100198;NORMAL
15.472;0.04355574123468972;NORMAL
15.476;0.06743218236289708;NORMAL
15.48;0.03373523352477733;NORMAL
15.484;0.06373891467550963;NORMAL
15.488;0.030178956375416423;NORMAL
15.492;-0.04026807294186216;NORMAL
15.496;-0.11557352679468008;NORMAL
15.5;-0.02905600810069659;NORMAL
15.504;-0.06917228610243235;NORMAL
15.508000000000001;0.05887528734795525;NORMAL
15.512;0.019723966171836287;NORMAL
15.516;0.058114618196214954;NORMAL
15.52;-0.0670654860157014;NORMAL
15.524000000000001;-0.04746640903837929;NORMAL
15.528;-0.05114703503635343;NORMAL
15.532;-0.07492981231801558;NORMAL
15.536;0.02189827806034876;NORMAL
15.540000000000001;0.056849319757062755;NORMAL
15.544;-0.07472499271247351;NORMAL
15.548;-0.12556536852761443;NORMAL
15.552;0.027404170104868175;NORMAL
15.556000000000001;-0.10246527797305101;NORMAL
15.56;-0.015780088434256278;NORMAL
15.564;-0.013808564163189622;NORMAL
15.568;0.019319639364407573;NORMAL
15.572000000000001;0.04167746104466091;NORMAL
15.576;0.026041273854386378;NORMAL
15.58;-0.03422302894513274;NORMAL
15.584;-0.09314841591930977;NORMAL
15.588000000000001;-0.04726885505980955;NORMAL
15.592;-0.06293859033202766;NORMAL
15.596;-0.04943246808952669;NORMAL
15.6;0.04176914281032776;NORMAL
15.604000000000001;-0.02079996305124962;NORMAL
15.608;-0.0161441969645354;NORMAL
15.612;0.007950856589394211;NORMAL
15.616;0.04227956636014948;NORMAL
15.620000000000001;0.013275286042518587;NORMAL
15.624;0.027319946144197357;NORMAL
15.628;0.04554681978199684;NORMAL
15.632;-0.009870833473601008;NORMAL
15.636000000000001;-0.0630064106832268;NORMAL
15.64;-0.008509979996107109;NORMAL
15.644;0.018540592313232684;NORMAL
15.648;-0.016739928809279037;NORMAL
15.652000000000001;0.03882971625057721;NORMAL
15.656;-0.03327213459405125;NORMAL
15.66;-0.041666501481923274;NORMAL
15.664;-0.03262742424547945;NORMAL
15.668000000000001;-0.04708177688969777;NORMAL
15.672;-0.017088001582568874;NORMAL
15.676;-0.1289147475872527;NORMAL
15.68;0.002993213766753739;NORMAL
15.684000000000001;-0.019809320071314345;NORMAL
15.688;0.008850330113546169;NORMAL
15.692;0.038182811725396795;NORMAL
15.696;-0.049522709149184205;NORMAL
15.700000000000001;-0.04021019223235634;NORMAL
15.704;-0.024233138807482273;NORMAL
15.708;0.028469763419764045;NORMAL
15.712;-0.008741117586065363;NORMAL
15.716000000000001;0.05334388072381897;NORMAL
15.72;0.004728499679457469;NORMAL
15.724;0.019166113430204978;NORMAL
15.728;0.06843771500082295;NORMAL
15.732000000000001;0.04483436070512038;NORMAL
15.736;-0.06399347421137583;NORMAL
15.74;0.07524558319474192;NORMAL
15.744;0.07650903480312138;NORMAL
15.748000000000001;-0.01665389683083035;NORMAL
15.752;-0.09003295774090082;NORMAL
15.756;0.05992751359583638;NORMAL
15.76;-0.003132339755823388;NORMAL
15.764000000000001;0.07017103854112496;NORMAL
15.768;0.05643589336629489;NORMAL
15.772;0.18594241284501467;NORMAL
15.776;0.246867498179908;NORMAL
15.780000000000001;0.31172892156528176;NORMAL
15.784;0.31629046305457414;NORMAL
15.788;0.49587230966011125;NORMAL
15.792;0.5821467416594305;NORMAL
15.796000000000001;0.7033425475816061;NORMAL
15.8;0.8439784334263564;NORMAL
15.804;0.8968203403919882;NORMAL
15.808;0.9734635213430175;NORMAL
15.812000000000001;1.018005558153036;BEAT
15.816;1.0167867250298694;NORMAL
15.82;0.8000139767440799;NORMAL
15.824;0.8187772257763016;NORMAL
15.828000000000001;0.7369048188355776;NORMAL
15.832;0.6443194746040085;NORMAL
15.836;0.46338431818012515;NORMAL
15.84;0.39466528007179624;NORMAL
15.844000000000001;0.18937200434407023;NORMAL
15.848;0.22844232313594978;NORMAL
15.852;0.14309963166691322;NORMAL
15.856;0.09565097263970619;NORMAL
15.860000000000001;0.03895210944165449;NORMAL
15.864;0.04628282867388833;NORMAL
15.868;-0.04696708291047704;NORMAL
15.872;0.046565656806255115;NORMAL
15.876;0.048487545384341184;NORMAL
15.88;0.03419389323166214;NORMAL
15.884;-0.038423840808218965;NORMAL
15.888;-0.09311516384263313;NORMAL
15.892;-0.06709133578548529;NORMAL
15.896;0.04379764822921071;NORMAL
15.9;0.051448717435196;NORMAL
15.904;0.012511437193815214;NORMAL
15.908;-0.005062038371625896;NORMAL
15.912;-0.02674324887540607;NORMAL
15.916;-0.04451437800794451;NORMAL
15.92;0.05621586499417068;NORMAL
15.924;0.04163421866444592;NORMAL
15.928;-0.06938330826891735;NORMAL
15.932;-0.058952980318437445;NORMAL
15.936;0.06643766655716853;NORMAL
15.94;-0.0009414070384039644;NORMAL
15.944;0.014654493861513506;NORMAL
15.948;0.01880864680978033;NORMAL
15.952;-0.09227205878932523;NORMAL
15.956;-0.009067092544428829;NORMAL
15.96;0.008490746472628541;NORMAL
15.964;0.061656699874465204;NORMAL
15.968;0.03474425240148734;NORMAL
15.972;-0.017695384942549842;NORMAL
15.976;-0.02936154720114987;NORMAL
15.98;0.002782430035590921;NORMAL
15.984;-0.04914781646817952;NORMAL
15.988;0.022452315626284376;NORMAL
15.992;-0.07761775965270694;NORMAL
15.996;-0.024497733999939174;NORMAL
16.0;-0.0654747699859383;NORMAL
16.004;0.0335547231638138;NORMAL
16.008;0.021577814595185246;NORMAL
16.012;0.01161282099246057;NORMAL
16.016000000000002;-0.025067986834139622;NORMAL
16.02;-0.07270538115365693;NORMAL
16.024;0.12905464626259153;NORMAL
16.028;0.08481442508344339;NORMAL
16.032;-0.020324731260389053;NORMAL
16.036;0.009039115936853444;NORMAL
16.04;-0.017616204991729185;NORMAL
16.044;0.008782172091857802;NORMAL
16.048000000000002;0.004438795180355288;NORMAL
16.052;0.05213637384630159;NORMAL
16.056;0.03336333472716666;NORMAL
16.06;-0.02257458045913478;NORMAL
16.064;0.0482471448081295;NORMAL
16.068;-0.024672692863005802;NORMAL
16.072;-0.02805736268182051;NORMAL
16.076;-0.03394414950018363;NORMAL
16.080000000000002;-0.05894827791683582;NORMAL
16.084;0.0407348509445242;NORMAL
16.088;0.07634455550884198;NORMAL
16.092;0.07404452976623235;NORMAL
16.096;-0.06882972555926334;NORMAL
16.1;0.0062953958448129415;NORMAL
16.104;0.05290402243577888;NORMAL
16.108;-0.044409590942103845;NORMAL
16.112000000000002;-0.043992547044677865;NORMAL
16.116;-0.0014981667076303317;NORMAL
16.12;0.0652553735472781;NORMAL
16.124;-0.05570369008022674;NORMAL
16.128;0.09196299060708957;NORMAL
16.132;0.09063690625092842;NORMAL
16.136;-0.03569408202080255;NORMAL
16.14;-0.04601957028344321;NORMAL
16.144000000000002;0.029434488406187162;NORMAL
16.148;-0.03580837698655955;NORMAL
16.152;0.010667382974384455;NORMAL
16.156;-0.006926915613430018;NORMAL
16.16;-0.00991071101046639;NORMAL
16.164;0.05152038823265442;NORMAL
16.168;0.02507006665864821;NORMAL
16.172;0.011898443317125059;NORMAL
16.176000000000002;-0.04607236812317302;NORMAL
16.18;0.002993491133820042;NORMAL
16.184;-0.05743147759559848;NORMAL
16.188;-0.035247897924736996;NORMAL
16.192;-0.07005682163336295;NORMAL
16.196;-0.058471954741314294;NORMAL
16.2;0.019952160346662626;NORMAL
16.204;-0.07184649350897032;NORMAL
16.208000000000002;-0.0559551135780032;NORMAL
16.212;0.04553435857839073;NORMAL
16.216;-0.006517877288223304;NORMAL
16.22;-0.027247560613791563;NORMAL
16.224;-0.07752972365062176;NORMAL
16.228;-0.024877805909640394;NORMAL
16.232;-0.018027172407378233;NORMAL
16.236;0.06370450486963251;NORMAL
16.240000000000002;0.029117632308282612;NORMAL
16.244;-0.0159175768584019;NORMAL
16.248;-0.006675612690510914;NORMAL
16.252;-0.030767699041446328;NORMAL
16.256;0.047775708677305614;NORMAL
16.26;0.06085257439144927;NORMAL
16.264;-0.04004540728192266;NORMAL
16.268;-0.045086544222553405;NORMAL
16.272000000000002;0.02351340423340818;NORMAL
16.276;-0.03398740031984739;NORMAL
16.28;-0.03918391433288475;NORMAL
16.284;-0.06954359304099084;NORMAL
16.288;-0.005725596825758323;NORMAL
16.292;-0.04716000231262298;NORMAL
16.296;0.010380053569157591;NORMAL
16.3;0.0760374853500527;NORMAL
16.304000000000002;-0.019673696330362873;NORMAL
16.308;0.0028151506890494843;NORMAL
16.312;-0.10547646924735155;NORMAL
16.316;0.02701493679991921;NORMAL
16.32;-0.01607059840179138;NORMAL
16.324;-0.10368568802808859;NORMAL
16.328;0.016157063260207962;NORMAL
16.332;-0.014454420806899787;NORMAL
16.336000000000002;0.014899814070209233;NORMAL
16.34;-0.07787700118530601;NORMAL
16.344;0.05436644783317397;NORMAL
16.348;0.018430192353176972;NORMAL
16.352;0.042691464341636044;NORMAL
16.356;0.08366648820535255;NORMAL
16.36;-0.010438519017264919;NORMAL
16.364;0.03765910122881497;NORMAL
16.368000000000002;-0.02781274175395447;NORMAL
16.372;0.06330898256561138;NORMAL
16.376;0.001587955873321019;NORMAL
16.38;-0.020516999101368647;NORMAL
16.384;0.07951980788933757;NORMAL
16.388;0.1161910931892672;NORMAL
16.392;0.003915193808335038;NORMAL
16.396;0.07619370460425813;NORMAL
16.4;0.02976431905672421;NORMAL
16.404;-0.03881287458590211;NORMAL
16.408;0.043745024991358544;NORMAL
16.412;0.12611254529270863;NORMAL
16.416;0.03274459091436002;NORMAL
16.42;0.03969063154180631;NORMAL
16.424;-0.11828893056498557;NORMAL
16.428;-0.026131519313930467;NORMAL
16.432;-0.08944724300242;NORMAL
16.436;-0.016908181923767925;NORMAL
16.44;0.03940184249727278;NORMAL
16.444;0.056575630269830805;NORMAL
16.448;-0.007758201579395706;NORMAL
16.452;0.044973250649412884;NORMAL
16.456;-0.031018162565457304;NORMAL
16.46;-0.014717407235571398;NORMAL
16.464;-0.018847398219476372;NORMAL
16.468;-0.055949007043789994;NORMAL
16.472;-0.1222759097025324;NORMAL
16.476;-0.008422618392113543;NORMAL
16.48;0.010783029912671077;NORMAL
16.484;0.03763918996571792;NORMAL
16.488;-0.024123625477674247;NORMAL
16.492;0.024519212951245064;NORMAL
16.496;-0.0325731471288195;NORMAL
16.5;0.01675280186927833;NORMAL
16.504;-0.06007295265466738;NORMAL
16.508;0.03884817353334737;NORMAL
16.512;0.036636342762570585;NORMAL
16.516000000000002;0.009887867606451443;NORMAL
16.52;-0.10269857442491917;NORMAL
16.524;-0.003129830905983848;NORMAL
16.528;0.01770115579939848;NORMAL
16.532;-0.01574037560177178;NORMAL
16.536;0.06887149754835592;NORMAL
16.54;0.09008186970497167;NORMAL
16.544;0.09804600971915434;NORMAL
16.548000000000002;0.0595251837764781;NORMAL
16.552;0.2640069879403323;NORMAL
16.556;0.3962814147081311;NORMAL
16.56;0.4076619555796716;NORMAL
16.564;0.46926917738970253;NORMAL
16.568;0.5827618587026949;NORMAL
16.572;0.7558158866817004;NORMAL
16.576;0.8700618625867813;NORMAL
16.580000000000002;0.8551129748031315;NORMAL
16.584;0.9308318920319835;NORMAL
16.588;1.0258960502467485;BEAT
16.592;0.9410091873997147;NORMAL
16.596;0.8532241635104305;NORMAL
16.6;0.8090455314097265;NORMAL
16.604;0.6778686578593545;NORMAL
16.608;0.5417639167043766;NORMAL
16.612000000000002;0.4724390757550833;NORMAL
16.616;0.37806956668335784;NORMAL
16.62;0.25329726484264387;NORMAL
16.624;0.2910471159149668;NORMAL
16.628;0.1416387192474521;NORMAL
16.632;0.09787308542300113;NORMAL
16.636;0.054959303266976525;NORMAL
16.64;0.02559508950797748;NORMAL
16.644000000000002;-0.09797012270447994;NORMAL
16.648;0.06706936313227023;NORMAL
16.652;-0.017638311343732557;NORMAL
16.656;-0.025730392212321884;NORMAL
16.66;-0.014870876335568621;NORMAL
16.664;0.025795686269712747;NORMAL
16.668;0.0954709760800193;NORMAL
16.672;-0.06655764905935455;NORMAL
16.676000000000002;0.07148695607796013;NORMAL
16.68;-0.0519483966170332;NORMAL
16.684;0.009217279503431871;NORMAL
16.688;0.05452958976671024;NORMAL
16.692;0.03308317397361403;NORMAL
16.696;0.030453331827637688;NORMAL
16.7;0.04467266031248732;NORMAL
16.704;-0.01357595239768316;NORMAL
16.708000000000002;0.018251674381917635;NORMAL
16.712;-0.018903173631450918;NORMAL
16.716;-0.043023808160069545;NORMAL
16.72;0.055618310840787576;NORMAL
16.724;-0.0331004460370619;NORMAL
16.728;0.02221270457533168;NORMAL
16.732;-0.004297401650914716;NORMAL
16.736;-0.02805325069070612;NORMAL
16.740000000000002;-0.007410380741304005;NORMAL
16.744;-0.03997951964421377;NORMAL
16.748;0.033197579021223333;NORMAL
16.752;0.09473410105266446;NORMAL
16.756;0.003211249170816375;NORMAL
16.76;0.018354140915325525;NORMAL
16.764;-0.05313909087605114;NORMAL
16.768;-0.02989051821906987;NORMAL
16.772000000000002;-0.04719714602517783;NORMAL
16.776;-0.05234211088843559;NORMAL
16.78;0.009142629912712804;NORMAL
16.784;0.06970780896931272;NORMAL
16.788;0.034530489396957596;NORMAL
16.792;-0.0158336843647756;NORMAL
16.796;-0.12334974951592381;NORMAL
16.8;0.044811965093423604;NORMAL
16.804000000000002;0.035143117686336656;NORMAL
16.808;0.07354737400853915;NORMAL
16.812;0.03463607500549357;NORMAL
16.816;0.00981487599486071;NORMAL
16.82;0.05980110382001848;NORMAL
16.824;-0.04270227585099643;NORMAL
16.828;0.05265351185752293;NORMAL
16.832;-0.006713223699156209;NORMAL
16.836000000000002;0.03791371354771655;NORMAL
16.84;-0.05629898066918923;NORMAL
16.844;-0.07680250461843909;NORMAL
16.848;0.14285297722337395;NORMAL
16.852;-0.005319244790733638;NORMAL
16.856;0.03341268943443485;NORMAL
16.86;-0.019565171519601448;NORMAL
16.864;0.03479915937876451;NORMAL
16.868000000000002;-0.06936444396970219;NORMAL
16.872;-0.09991242752746932;NORMAL
16.876;0.010703434392704202;NORMAL
16.88;0.04517168171469526;NORMAL
16.884;0.004324347510277908;NORMAL
16.888;-0.029413816969155984;NORMAL
16.892;-0.005796048294500551;NORMAL
16.896;-0.04370808240211049;NORMAL
16.9;0.09868792772644626;NORMAL
16.904;0.07888938484770384;NORMAL
16.908;0.043850963194118596;NORMAL
16.912;0.036070132108410584;NORMAL
16.916;-0.0474433469399101;NORMAL
16.92;0.07470149179047679;NORMAL
16.924;0.038129252530599525;NORMAL
16.928;-0.048983922544563796;NORMAL
16.932;0.053313418602012164;NORMAL
16.936;-0.0024912465887171062;NORMAL
16.94;0.004151067104669107;NORMAL
16.944;-0.02542551240213982;NORMAL
16.948;0.04118582825734039;NORMAL
16.952;-0.01442360448193078;NORMAL
16.956;-0.031727311755970454;NORMAL
16.96;-0.057359247533000125;NORMAL
16.964;-0.01035901215887764;NORMAL
16.968;0.08478121773974517;NORMAL
16.972;0.02632303139199132;NORMAL
16.976;0.005868991557293656;NORMAL
16.98;-0.09339871451089811;NORMAL
16.984;-0.08079781129021481;NORMAL
16.988;0.01596575845222739;NORMAL
16.992;-0.006226909501510953;NORMAL
16.996;0.0529546651088051;NORMAL
17.0;0.03504959033524798;NORMAL
17.004;0.017905019186407196;NORMAL
17.008;-0.10006522676960994;NORMAL
17.012;0.062157617529518074;NORMAL
17.016000000000002;-0.02054704415307845;NORMAL
17.02;0.007355769770619274;NORMAL
17.024;-0.08215831148675093;NORMAL
17.028;0.02832157758016888;NORMAL
17.032;0.013590877240999544;NORMAL
17.036;0.04538194405303062;NORMAL
17.04;0.028429922929164714;NORMAL
17.044;-0.0411187705431246;NORMAL
17.048000000000002;0.010598529182566593;NORMAL
17.052;-0.015036057745000213;NORMAL
17.056;-0.038212637316673244;NORMAL
17.06;-0.005738515111180252;NORMAL
17.064;0.0066566774697747;NORMAL
17.068;0.12106630996534268;NORMAL
17.072;-0.011447796233165417;NORMAL
17.076;-0.04087164391201241;NORMAL
17.080000000000002;-0.017690300116121258;NORMAL
17.084;-0.027698288457800882;NORMAL
17.088;0.039879293619433334;NORMAL
17.092;-0.04618299576345;NORMAL
17.096;-0.028492367274900655;NORMAL
17.1;0.013194281476032955;NORMAL
17.104;-0.011277525049740196;NORMAL
17.108;0.09434224023344587;NORMAL
17.112000000000002;-0.022741780864810893;NORMAL
17.116;-0.0814148284112684;NORMAL
17.12;0.036936360482238355;NORMAL
17.124;-0.0696674401111791;NORMAL
17.128;-0.04144379904591767;NORMAL
17.132;0.14232736231752371;NORMAL
17.136;0.03800441922512497;NORMAL
17.14;0.027732610117311835;NORMAL
17.144000000000002;-0.03179140156152034;NORMAL
17.148;0.013889535439880233;NORMAL
17.152;0.03952349743875694;NORMAL
17.156;-0.11157711466384775;NORMAL
17.16;-0.039316866799120165;NORMAL
17.164;-0.0274726235055082;NORMAL
17.168;0.06616108729249183;NORMAL
17.172;-0.11002613130177971;NORMAL
17.176000000000002;0.015817029554950627;NORMAL
17.18;0.04185127681446937;NORMAL
17.184;0.014223356556424514;NORMAL
17.188;0.03958074414358385;NORMAL
17.192;0.04530933906801599;NORMAL
17.196;0.0071568633693454035;NORMAL
17.2;-0.0713147153983758;NORMAL
17.204;0.01350588686579621;NORMAL
17.208000000000002;0.04681401188169327;NORMAL
17.212;-0.006527320400441265;NORMAL
17.216;0.050012648089890074;NORMAL
17.22;0.02419200290370071;NORMAL
17.224;-0.03563903808952579;NORMAL
17.228;-0.03134399364576351;NORMAL
17.232;0.04341750590441004;NORMAL
17.236;-0.05811030296310489;NORMAL
17.240000000000002;-0.04445569631838353;NORMAL
17.244;-0.10395474293855103;NORMAL
17.248;-0.011813451259191615;NORMAL
17.252;-0.05209762948371614;NORMAL
17.256;-0.012265272743077978;NORMAL
17.26;-0.08951160526889147;NORMAL
17.264;0.031860390219312515;NORMAL
17.268;-0.05593894915052434;NORMAL
17.272000000000002;0.009404590250294591;NORMAL
17.276;-0.005495088015495228;NORMAL
17.28;-0.0016883869316309725;NORMAL
17.284;-1.792303514719807e-05;NORMAL
17.288;0.06281103829638177;NORMAL
17.292;-0.03624941861045025;NORMAL
17.296;0.020590886885859888;NORMAL
17.3;0.02185571659355503;NORMAL
17.304000000000002;0.1118671461622034;NORMAL
17.308;0.09523494001214364;NORMAL
17.312;0.28692169482069474;NORMAL
17.316;0.2940242268624208;NORMAL
17.32;0.4178491414261337;NORMAL
17.324;0.5009404925395591;NORMAL
17.328;0.6095636335872658;NORMAL
17.332;0.8160779375993715;NORMAL
17.336000000000002;0.831723157533135;NORMAL
17.34;0.9541972288814593;NORMAL
17.344;1.0494540004063067;NORMAL
17.348;0.9380909582680085;BEAT
17.352;1.050174993489626;NORMAL
17.356;0.9328010118002603;NORMAL
17.36;0.8079225973378521;NORMAL
17.364;0.7259102609057247;NORMAL
17.368000000000002;0.671688248239134;NORMAL
17.372;0.46447732523194935;NORMAL
17.376;0.3790330225873138;NORMAL
17.38;0.3119158231114987;NORMAL
17.384;0.18510122691693737;NORMAL
17.388;0.13578533918303043;NORMAL
17.392;0.0748919974622103;NORMAL
17.396;0.12832546902846076;NORMAL
17.400000000000002;0.045604142309459875;NORMAL
17.404;0.022594349130031915;NORMAL
17.408;0.03155763088373294;NORMAL
17.412;-0.02673390283941449;NORMAL
17.416;0.04620663744047793;NORMAL
17.42;0.03523672817815772;NORMAL
17.424;-0.023032531735089328;NORMAL
17.428;0.022059896458498825;NORMAL
17.432;0.05006173331483436;NORMAL
17.436;0.024246890839688427;NORMAL
17.44;0.05927188709257188;NORMAL
17.444;-0.03796576550095816;NORMAL
17.448;-0.007462994620595425;NORMAL
17.452;-0.06651573308105216;NORMAL
17.456;-0.04497597268694951;NORMAL
17.46;0.09710319531869115;NORMAL
17.464;0.00020766172222566888;NORMAL
17.468;-0.05064933857004281;NORMAL
17.472;0.012366254603611649;NORMAL
17.476;-0.019544302961349253;NORMAL
17.48;-0.03135425861326868;NORMAL
17.484;-0.012233588760967992;NORMAL
17.488;0.005577750392274043;NORMAL
17.492;0.03930248030320016;NORMAL
17.496;-0.05306009564434895;NORMAL
17.5;0.05261866456895274;NORMAL
17.504;0.04708457315719136;NORMAL
17.508;-0.031204989575108387;NORMAL
17.512;0.012217514727596638;NORMAL
17.516000000000002;-0.022729618952237136;NORMAL
17.52;-0.07702868044225653;NORMAL
17.524;-0.045603998123823;NORMAL
17.528;0.05703283846175308;NORMAL
17.532;0.05081040083950433;NORMAL
17.536;-0.03601924504800901;NORMAL
17.54;0.002264906415513214;NORMAL
17.544;-0.011878311789525087;NORMAL
17.548000000000002;-0.00822227835463069;NORMAL
17.552;0.023871159783701523;NORMAL
17.556;-0.05491364176571224;NORMAL
17.56;0.024216764064443477;NORMAL
17.564;0.08241978644242245;NORMAL
17.568;0.008531478580093729;NORMAL
17.572;-0.042471990652901054;NORMAL
17.576;-0.1040184642574455;NORMAL
17.580000000000002;-0.02397020084610084;NORMAL
17.584;0.0014402338715143173;NORMAL
17.588;0.05107729449226461;NORMAL
17.592;0.025515195049673402;NORMAL
17.596;0.10139347214442188;NORMAL
17.6;-0.06869877538540346;NORMAL
17.604;0.0014669033714862694;NORMAL
17.608;0.008255941320782714;NORMAL
17.612000000000002;0.017826764103828836;NORMAL
17.616;-0.015715541583061054;NORMAL
17.62;0.016278990245081105;NORMAL
17.624;0.04193953732336383;NORMAL
17.628;0.018466205706229186;NORMAL
17.632;0.012000124814049645;NORMAL
17.636;-0.03863940892876214;NORMAL
17.64;0.029995207895302186;NORMAL
17.644000000000002;0.03176295142649282;NORMAL
17.648;-0.01648516074921913;NORMAL
17.652;-0.0036130347324407073;NORMAL
17.656;0.05142532182725167;NORMAL
17.66;0.040690389442214814;NORMAL
17.664;-0.018798293430892062;NORMAL
17.668;0.05915212572567226;NORMAL
17.672;-0.03050802496882096;NORMAL
17.676000000000002;-0.005458128299318358;NORMAL
17.68;-0.00471965699103595;NORMAL
17.684;-0.05805469363711881;NORMAL
17.688;-0.00031258358041974505;NORMAL
17.692;-0.02649694670750602;NORMAL
17.696;0.02050478716538208;NORMAL
17.7;-0.06420249279996394;NORMAL
17.704;0.1273977010039731;NORMAL
17.708000000000002;-0.02054664024955912;NORMAL
17.712;-0.032567417248222645;NORMAL
17.716;-0.03391667682071762;NORMAL
17.72;0.07870019672864513;NORMAL
17.724;-0.081138254549566;NORMAL
17.728;-0.05400895133359486;NORMAL
17.732;-0.009657830276966692;NORMAL
17.736;-0.07274610904615779;NORMAL
17.740000000000002;0.033107650941722376;NORMAL
17.744;-0.004072744335687921;NORMAL
17.748;-0.036416836016238865;NORMAL
17.752;0.09046126065695072;NORMAL
17.756;-0.11709180074318165;NORMAL
17.76;-0.059087259071419033;NORMAL
17.764;-0.006330201433318207;NORMAL
17.768;0.03080464127657045;NORMAL
17.772000000000002;-0.0033918564967664825;NORMAL
17.776;-0.015270812611475868;NORMAL
17.78;0.04650017291648177;NORMAL
17.784;0.007034273667417619;NORMAL
17.788;-0.03336599694556708;NORMAL
17.792;-0.058131688901549405;NORMAL
17.796;0.02692423860084904;NORMAL
17.8;-0.09765718615741986;NORMAL
17.804000000000002;-0.02019090232257334;NORMAL
17.808;0.008362228327180726;NORMAL
17.812;0.060465104167638874;NORMAL
17.816;-0.04987223545299741;NORMAL
17.82;-0.04794965564548479;NORMAL
17.824;-0.016482890469151464;NORMAL
17.828;-0.024597710064456657;NORMAL
17.832;0.1340881546152967;NORMAL
17.836000000000002;0.003960334877331664;NORMAL
17.84;-0.1148680816098217;NORMAL
17.844;-0.05027227193224181;NORMAL
17.848;-0.027602052035505604;NORMAL
17.852;-0.03911220271397015;NORMAL
17.856;0.07243938839784848;NORMAL
17.86;-0.056500546390883644;NORMAL
17.864;-0.0074545251138996675;NORMAL
17.868000000000002;0.046305200025734766;NORMAL
17.872;0.10330110555782564;NORMAL
17.876;0.01549792902241663;NORMAL
17.88;0.11784728748193102;NORMAL
17.884;-0.019234514859410544;NORMAL
17.888;0.002565966627291963;NORMAL
17.892;0.034355258697268;NORMAL
17.896;-0.03928740443710828;NORMAL
17.900000000000002;-0.06768585545447663;NORMAL
17.904;-0.06430184962327858;NORMAL
17.908;-0.04925478948091119;NORMAL
17.912;0.020027474592402603;NORMAL
17.916;0.0075998654177355535;NORMAL
17.92;-0.10663057619146082;NORMAL
17.924;-0.10898575819683465;NORMAL
17.928;-0.06816062478684429;NORMAL
17.932;0.004106826687754891;NORMAL
17.936;0.031482630331716305;NORMAL
17.94;0.0359831467407244;NORMAL
17.944;0.013558498893767895;NORMAL
17.948;-0.005386668463620823;NORMAL
17.952;-0.024288987564293985;NORMAL
17.956;-0.015542134282994903;NORMAL
17.96;-0.0229312422970097;NORMAL
17.964;-0.04178677428495283;NORMAL
17.968;-0.04460124306817922;NORMAL
17.972;-0.009808125214541918;NORMAL
17.976;0.033058463359169774;NORMAL
17.98;-0.04104049703392501;NORMAL
17.984;0.023327999040424582;NORMAL
17.988;-0.06992881757777034;NORMAL
17.992;0.02648854192148945;NORMAL
17.996;-0.031970505995555475;NORMAL
18.0;-0.0035087304646115418;NORMAL
18.004;0.023898571962693568;NORMAL
18.008;-0.027719905060516782;NORMAL
18.012;0.0402241653377022;NORMAL
18.016000000000002;0.007543105416642879;NORMAL
18.02;0.062011538423914894;NORMAL
18.024;-0.024007532384923844;NORMAL
18.028;-0.07356390907382204;NORMAL
18.032;-0.009996296525806093;NORMAL
18.036;0.046946749608891045;NORMAL
18.04;-0.06785236974108291;NORMAL
18.044;-0.014919504939528028;NORMAL
18.048000000000002;-0.13044127128407113;NORMAL
18.052;0.009869619376236606;NORMAL
18.056;-0.08063190034220916;NORMAL
18.06;-0.04504796731878701;NORMAL
18.064;0.043505497387444164;NORMAL
18.068;-0.04725289687475553;NORMAL
18.072;0.1618513897142364;NORMAL
18.076;0.06400973282235199;NORMAL
18.080000000000002;0.03866780005118856;NORMAL
18.084;0.04613030809636248;NORMAL
18.088;-0.028613321399341658;NORMAL
18.092;-0.06469574978584755;NORMAL
18.096;-0.0379000973298079;NORMAL
18.1;-0.00826671008293841;NORMAL
18.104;0.0016861450092094336;NORMAL
18.108;0.013240229348445522;NORMAL
18.112000000000002;0.08220879798085266;NORMAL
18.116;-0.02324271984198998;NORMAL
18.12;0.1257011466178458;NORMAL
18.124;0.04604730064669446;NORMAL
18.128;-0.03150816501135042;NORMAL
18.132;0.06147605918711379;NORMAL
18.136;-0.02412790163321038;NORMAL
18.14;-0.028826236104919314;NORMAL
18.144000000000002;0.11507135828537329;NORMAL
18.148;0.015051916978993671;NORMAL
18.152;0.009235600996165367;NORMAL
18.156;0.022945314903242295;NORMAL
18.16;-0.0034716503725682442;NORMAL
18.164;0.016008572016515562;NORMAL
18.168;0.062247499744887705;NORMAL
18.172;-0.022461696998842692;NORMAL
18.176000000000002;-0.03722713532603793;NORMAL
18.18;-0.0007041216574209666;NORMAL
18.184;0.06133472671044847;NORMAL
18.188;-0.006366036083028403;NORMAL
18.192;0.0012645282886372862;NORMAL
18.196;-0.1327001888417698;NORMAL
18.2;-0.005382800737261475;NORMAL
18.204;0.09143161263936851;NORMAL
18.208000000000002;-0.03758340980072424;NORMAL
18.212;-0.08410148399304136;NORMAL
18.216;0.0581972738604778;NORMAL
18.22;-0.044252485897296905;NORMAL
18.224;0.06484520321470688;NORMAL
18.228;0.009283659988776172;NORMAL
18.232;-0.048667537993267375;NORMAL
18.236;-0.03125229002788627;NORMAL
18.240000000000002;0.1441460920650404;NORMAL
18.244;0.003986064142133517;NORMAL
18.248;0.0011351127881627095;NORMAL
18.252;0.00921811337533117;NORMAL
18.256;0.081644404111718;NORMAL
18.26;-0.02356191675609461;NORMAL
18.264;-0.0765508908136661;NORMAL
18.268;-0.006522582187783569;NORMAL
18.272000000000002;-0.013653562418242891;NORMAL
18.276;-0.004449329318781309;NORMAL
18.28;0.023243864839808163;NORMAL
18.284;0.009723087418103401;NORMAL
18.288;0.05945899912662383;NORMAL
18.292;-0.022675731513236916;NORMAL
18.296;0.08147315633840213;NORMAL
18.3;0.09757366935746428;NORMAL
18.304000000000002;0.10671611383051692;NORMAL
18.308;0.18052920295206396;NORMAL
18.312;0.21869422105586778;NORMAL
18.316;0.28558779155603414;NORMAL
18.32;0.43245363836307227;NORMAL
18.324;0.5500568818881191;NORMAL
18.328;0.5775153196890432;NORMAL
18.332;0.7835251664083315;NORMAL
18.336000000000002;0.874354281432629;NORMAL
18.34;0.9215319899971846;NORMAL
18.344;0.8933288485448694;NORMAL
18.348;1.0567068815029277;BEAT
18.352;0.9615413690097234;NORMAL
18.356;0.8200384013995886;NORMAL
18.36;0.865731086271537;NORMAL
18.364;0.6978422206501546;NORMAL
18.368000000000002;0.6731908976039764;NORMAL
18.372;0.5515496090342937;NORMAL
18.376;0.3636950997399129;NORMAL
18.38;0.24523201010909562;NORMAL
18.384;0.23043454868075425;NORMAL
18.388;0.10475082621826329;NORMAL
18.392;0.001556816587997445;NORMAL
18.396;0.040634126484966934;NORMAL
18.400000000000002;0.0075467716816027645;NORMAL
18.404;0.07738973946956826;NORMAL
18.408;0.06959561540319067;NORMAL
18.412;0.016794645053636537;NORMAL
18.416;0.0826827613320295;NORMAL
18.42;0.027327633435993995;NORMAL
18.424;0.018690025304958245;NORMAL
18.428;0.019712658858112107;NORMAL
18.432000000000002;-0.023743377991492003;NORMAL
18.436;0.0799992275773621;NORMAL
18.44;-0.018613538451660538;NORMAL
18.444;-0.04249490393748313;NORMAL
18.448;0.058022928250397905;NORMAL
18.452;0.06189902513692887;NORMAL
18.456;-0.004040459904665555;NORMAL
18.46;0.05253684803149409;NORMAL
18.464;-0.0017034422901500326;NORMAL
18.468;-0.0025187823616226366;NORMAL
18.472;-0.009842754844816245;NORMAL
18.476;0.0061154988630350345;NORMAL
18.48;0.03090202386456076;NORMAL
18.484;-0.03670875152513625;NORMAL
18.488;0.0860233277798354;NORMAL
18.492;-0.021457723429236814;NORMAL
18.496;-0.035398040133090065;NORMAL
18.5;0.008430421750953118;NORMAL
18.504;-0.05815020858918024;NORMAL
18.508;-0.009011117667584587;NORMAL
18.512;-0.05700571736472459;NORMAL
18.516000000000002;0.054046665183156845;NORMAL
18.52;-0.015691129944915304;NORMAL
18.524;-0.02328629681499565;NORMAL
18.528;-0.09189761795931883;NORMAL
18.532;0.07164382011481939;NORMAL
18.536;-0.0438731000837556;NORMAL
18.54;-0.05567366391757753;NORMAL
18.544;0.007911713200006212;NORMAL
18.548000000000002;0.009339010049520447;NORMAL
18.552;0.007700268861651091;NORMAL
18.556;-0.00418543076979621;NORMAL
18.56;-0.02200368324108917;NORMAL
18.564;0.033502087862268555;NORMAL
18.568;-0.026539329552247717;NORMAL
18.572;0.05231817842811416;NORMAL
18.576;-0.010320884634527938;NORMAL
18.580000000000002;-0.04468138695572538;NORMAL
18.584;-0.03316993030926195;NORMAL
18.588;0.035414219673701626;NORMAL
18.592;-0.03681666514236639;NORMAL
18.596;-0.07412430042735;NORMAL
18.6;-0.046973496292668844;NORMAL
18.604;-0.031153372639839846;NORMAL
18.608;0.13653978754194884;NORMAL
18.612000000000002;0.026477840341067663;NORMAL
18.616;0.03352145584247761;NORMAL
18.62;-0.015885800201948106;NORMAL
18.624;0.01649269400234168;NORMAL
18.628;0.04696403153385618;NORMAL
18.632;0.03741959253782822;NORMAL
18.636;-0.025740732629960125;NORMAL
18.64;0.036863358685972986;NORMAL
18.644000000000002;0.003053051172816685;NORMAL
18.648;0.010149124738957724;NORMAL
18.652;0.034413390428522796;NORMAL
18.656;0.06693423981045435;NORMAL
18.66;0.011885395560012897;NORMAL
18.664;-0.050877209997926345;NORMAL
18.668;0.050508741101779844;NORMAL
18.672;-0.006438793326277444;NORMAL
18.676000000000002;0.015269568759618891;NORMAL
18.68;0.06449158318262044;NORMAL
18.684;-0.006727987379543253;NORMAL
18.688;0.036010105854122135;NORMAL
18.692;-0.053946786981984185;NORMAL
18.696;-0.029761130663836774;NORMAL
18.7;0.09117671495383933;NORMAL
18.704;-0.004370136515969559;NORMAL
18.708000000000002;0.059210745883071604;NORMAL
18.712;0.029539875243872023;NORMAL
18.716;0.029854994103849782;NORMAL
18.72;-0.004816366850919618;NORMAL
18.724;-0.025200113951796117;NORMAL
18.728;0.028048286345373208;NORMAL
18.732;0.06523977365375279;NORMAL
18.736;0.0967853447600926;NORMAL
18.740000000000002;-0.06570385327500852;NORMAL
18.744;0.0014099465150258948;NORMAL
18.748;0.05085053745740728;NORMAL
18.752;0.03280345706206822;NORMAL
18.756;-0.017388531378230866;NORMAL
18.76;0.03072233689931385;NORMAL
18.764;0.007000137116097528;NORMAL
18.768;0.013452832808626325;NORMAL
18.772000000000002;0.0033215094024337866;NORMAL
18.776;0.001347393891929994;NORMAL
18.78;0.02620969612651678;NORMAL
18.784;0.06411936761021884;NORMAL
18.788;0.106098661149846;NORMAL
18.792;-0.07892952139392972;NORMAL
18.796;0.08763587080782453;NORMAL
18.8;0.05203832067152954;NORMAL
18.804000000000002;0.05914697005398012;NORMAL
18.808;0.02328756871876361;NORMAL
18.812;-0.07121188539842035;NORMAL
18.816;-0.017670913043586114;NORMAL
18.82;-0.12547599458064526;NORMAL
18.824;-0.03182090894594308;NORMAL
18.828;0.031078727144590274;NORMAL
18.832;0.012877109218515079;NORMAL
18.836000000000002;0.07442836029222756;NORMAL
18.84;-0.016586470905552698;NORMAL
18.844;0.05444405316086727;NORMAL
18.848;-0.040434025759832085;NORMAL
18.852;0.07007342003481663;NORMAL
18.856;-0.0013870539375785591;NORMAL
18.86;-0.02422302171482374;NORMAL
18.864;0.04141896817450783;NORMAL
18.868000000000002;-0.02131599075210459;NORMAL
18.872;0.021088847551107563;NORMAL
18.876;-0.028724649419264642;NORMAL
18.88;-0.09062368252545662;NORMAL
18.884;0.04220159953935407;NORMAL
18.888;0.05340320974673514;NORMAL
18.892;0.0436366446638338;NORMAL
18.896;0.03501400337304911;NORMAL
18.900000000000002;0.034233808845089024;NORMAL
18.904;0.009703781609136923;NORMAL
18.908;0.026784457471296985;NORMAL
18.912;0.03340677168507707;NORMAL
18.916;-0.0010356879484292572;NORMAL
18.92;0.030496415553581242;NORMAL
18.924;-0.051749668886613066;NORMAL
18.928;0.005367926280953435;NORMAL
18.932000000000002;0.03346848967033019;NORMAL
18.936;0.05717677641334671;NORMAL
18.94;-0.05167603646530431;NORMAL
18.944;-0.04831441892885591;NORMAL
18.948;-0.004689426659980327;NORMAL
18.952;0.05703831285999109;NORMAL
18.956;0.06500047019254383;NORMAL
18.96;0.01409518792665445;NORMAL
18.964;0.06557529281461297;NORMAL
18.968;-0.006232787022625018;NORMAL
18.972;-0.01201355986683328;NORMAL
18.976;0.024772704537656846;NORMAL
18.98;0.03745286856833569;NORMAL
18.984;-0.009031580331123695;NORMAL
18.988;-0.05539275769022998;NORMAL
18.992;-0.030582282667329055;NORMAL
18.996;0.03871912311421854;NORMAL
19.0;0.020893062618957292;NORMAL
19.004;-0.0523934337564857;NORMAL
19.008;-0.007508143014982614;NORMAL
19.012;0.0643477860972183;NORMAL
19.016000000000002;-0.0695543187652323;NORMAL
19.02;-0.06234534410557633;NORMAL
19.024;-0.13229329157206035;NORMAL
19.028;-0.056572243250895306;NORMAL
19.032;-0.006361225824734221;NORMAL
19.036;0.0713747279594835;NORMAL
19.04;0.008857302717915742;NORMAL
19.044;0.0635406405911093;NORMAL
19.048000000000002;-0.03175519664327776;NORMAL
19.052;-0.0016785460191571025;NORMAL
19.056;0.0008019718624725224;NORMAL
19.06;-0.008858901340755948;NORMAL
19.064;-0.00301552834102782;NORMAL
19.068;0.016504125057706036;NORMAL
19.072;0.0019124927424533193;NORMAL
19.076;0.04267627254848653;NORMAL
19.080000000000002;0.07114063154548944;NORMAL
19.084;-0.04143944948270571;NORMAL
19.088;-0.04442762996209046;NORMAL
19.092;-0.01146559760722642;NORMAL
19.096;0.10032276489746893;NORMAL
19.1;0.031708091691658676;NORMAL
19.104;-0.0890975529512425;NORMAL
19.108;0.08057106969341972;NORMAL
19.112000000000002;-0.03462081186920323;NORMAL
19.116;-0.08607841237150408;NORMAL
19.12;0.025981973542700546;NORMAL
19.124;0.007570480347974021;NORMAL
19.128;-0.02745039899201524;NORMAL
19.132;-0.06246428583612672;NORMAL
19.136;-0.021856668839190397;NORMAL
19.14;-0.10005392659182791;NORMAL
19.144000000000002;-0.006214560815401279;NORMAL
19.148;0.004024381222781633;NORMAL
19.152;-0.04494810258320194;NORMAL
19.156;-0.03777780945258156;NORMAL
19.16;-0.05239809292554422;NORMAL
19.164;-0.09663158905395124;NORMAL
19.168;0.054104262217422455;NORMAL
19.172;-0.012767532782089919;NORMAL
19.176000000000002;0.03760329259887754;NORMAL
19.18;0.02751404243418841;NORMAL
19.184;-0.005909322028262845;NORMAL
19.188;0.012929846806120901;NORMAL
19.192;0.11259489038615803;NORMAL
19.196;0.13151062992854204;NORMAL
19.2;0.2653337351043796;NORMAL
19.204;0.27479064933249453;NORMAL
19.208000000000002;0.3653753436021164;NORMAL
19.212;0.5506482276411148;NORMAL
19.216;0.6373246223816572;NORMAL
19.22;0.7526581676705095;NORMAL
19.224;0.8970780884808633;NORMAL
19.228;0.891940693288221;NORMAL
19.232;0.9009583274268786;NORMAL
19.236;1.068927210739428;BEAT
19.240000000000002;0.989320650764314;NORMAL
19.244;0.9262338116082962;NORMAL
19.248;0.771209614006039;NORMAL
19.252;0.7484028874329477;NORMAL
19.256;0.6890531271036155;NORMAL
19.26;0.5812070086636308;NORMAL
19.264;0.3689724794992958;NORMAL
19.268;0.24459073544972876;NORMAL
19.272000000000002;0.22781041384568768;NORMAL
19.276;0.14874694995189602;NORMAL
19.28;0.14996294824019563;NORMAL
19.284;0.09714749672624551;NORMAL
19.288;-0.014474873358327867;NORMAL
19.292;0.062340111463163574;NORMAL
19.296;0.012961116397543021;NORMAL
19.3;0.08945459850282061;NORMAL
19.304000000000002;-0.036376534653893615;NORMAL
19.308;-0.06090157977964727;NORMAL
19.312;0.022133514784125296;NORMAL
19.316;-0.014179203946531807;NORMAL
19.32;-0.009100980505253684;NORMAL
19.324;-0.0006257636386267839;NORMAL
19.328;-0.01583469188920346;NORMAL
19.332;-0.044682444950761825;NORMAL
19.336000000000002;0.07556598909188264;NORMAL
19.34;0.00279766133638401;NORMAL
19.344;-0.09875981415521468;NORMAL
19.348;-0.043771663288814384;NORMAL
19.352;0.058923969142440906;NORMAL
19.356;-0.0533239102204285;NORMAL
19.36;0.03439662584969324;NORMAL
19.364;-0.058241615199442175;NORMAL
19.368000000000002;0.027791250171060315;NORMAL
19.372;0.032102779261571575;NORMAL
19.376;0.020598125188895724;NORMAL
19.38;-0.03684548443545336;NORMAL
19.384;0.03980533625616483;NORMAL
19.388;0.049683023779897875;NORMAL
19.392;0.03662858364830684;NORMAL
19.396;-0.03876562372462527;NORMAL
19.400000000000002;-0.04139854983837803;NORMAL
19.404;0.048099634690127256;NORMAL
19.408;0.048639309157043856;NORMAL
19.412;-0.0169155046345606;NORMAL
19.416;-0.0390769039291127;NORMAL
19.42;-0.07845840550090945;NORMAL
19.424;0.027307900903376394;NORMAL
19.428;0.05795914637451585;NORMAL
19.432000000000002;-0.03290219561513851;NORMAL
19.436;0.023441001483946424;NORMAL
19.44;-0.029130317617160558;NORMAL
19.444;-0.0073015160033042875;NORMAL
19.448;0.04683023782665505;NORMAL
19.452;-0.008589378158575271;NORMAL
19.456;0.05585225113996332;NORMAL
19.46;-0.06561055437978935;NORMAL
19.464;-0.0452772502802295;NORMAL
19.468;0.04543315573822504;NORMAL
19.472;-0.0525175732442714;NORMAL
19.476;0.06800010010452191;NORMAL
19.48;-0.013953754372464794;NORMAL
19.484;0.12354113040378985;NORMAL
19.488;0.13297640617464426;NORMAL
19.492;0.040224328693913514;NORMAL
19.496;0.003623429810996038;NORMAL
19.5;0.004070519909768916;NORMAL
19.504;-0.015397868853509064;NORMAL
19.508;-0.05073202716719032;NORMAL
19.512;0.12469906718764885;NORMAL
19.516000000000002;-0.10429651955564706;NORMAL
19.52;-0.047980776572080594;NORMAL
19.524;0.05814645541255323;NORMAL
19.528;-0.007397275846419965;NORMAL
19.532;0.003546265146835446;NORMAL
19.536;-0.04382961912120768;NORMAL
19.54;-0.08527663916523279;NORMAL
19.544;0.10458585568288004;NORMAL
19.548000000000002;-0.0155461261593502;NORMAL
19.552;0.012148223587609114;NORMAL
19.556;0.06346562009818944;NORMAL
19.56;-0.013656994298730407;NORMAL
19.564;-0.04805231830035903;NORMAL
19.568;0.021541074264454563;NORMAL
19.572;0.05702144651221391;NORMAL
19.576;-0.06647954820446937;NORMAL
19.580000000000002;0.01503654019897672;NORMAL
19.584;0.012411882597426468;NORMAL
19.588;0.019525664000216072;NORMAL
19.592;0.1144317846378835;NORMAL
19.596;0.061415306018201235;NORMAL
19.6;-0.040468763613680826;NORMAL
19.604;-0.03157085748512933;NORMAL
19.608;-0.025127528296181385;NORMAL
19.612000000000002;-0.061916456071446184;NORMAL
19.616;-0.04803966981663378;NORMAL
19.62;0.0064423191594295244;NORMAL
19.624;0.007852650941572165;NORMAL
19.628;0.027646961492143907;NORMAL
19.632;0.013794587052974656;NORMAL
19.636;0.05437396336205726;NORMAL
19.64;-0.02251932853931119;NORMAL
19.644000000000002;-0.08433263780337868;NORMAL
19.648;-0.048237859759627855;NORMAL
19.652;-0.06797362218213153;NORMAL
19.656;0.039658778392619734;NORMAL
19.66;0.035694926561166754;NORMAL
19.664;-0.020511795467968278;NORMAL
19.668;-0.014615566072424042;NORMAL
19.672;0.02234558338461605;NORMAL
19.676000000000002;0.02950847767099701;NORMAL
19.68;-0.07053158383764234;NORMAL
19.684;0.04934741116886622;NORMAL
19.688;0.04439282924393677;NORMAL
19.692;0.01925481977455774;NORMAL
19.696;0.03308838691722995;NORMAL
19.7;-0.0457376197872803;NORMAL
19.704;0.15300514870416193;NORMAL
19.708000000000002;0.07263237752464846;NORMAL
19.712;-0.034320463987827565;NORMAL
19.716;-0.008238522565517166;NORMAL
19.72;-0.05131731377248264;NORMAL
19.724;-0.036612819915521524;NORMAL
19.728;0.05143623865921354;NORMAL
19.732;-0.0945474568100014;NORMAL
19.736;-0.013589102922532013;NORMAL
19.740000000000002;-0.07705801552392011;NORMAL
19.744;-0.04915545338201612;NORMAL
19.748;-0.0006012921898099838;NORMAL
19.752;0.01478118689763333;NORMAL
19.756;-0.0837055353840987;NORMAL
19.76;0.0506519716424405;NORMAL
19.764;-0.04830535208787952;NORMAL
19.768;0.02021693346927778;NORMAL
19.772000000000002;0.002751358826825787;NORMAL
19.776;-0.0249208828908024;NORMAL
19.78;0.002384772239794809;NORMAL
19.784;-0.12716910054401465;NORMAL
19.788;0.0613734782430142;NORMAL
19.792;0.050901739396449736;NORMAL
19.796;0.037391549073165865;NORMAL
19.8;0.05801860797273331;NORMAL
19.804000000000002;-0.032290680600828896;NORMAL
19.808;-0.025016562969742768;NORMAL
19.812;0.02306088613379724;NORMAL
19.816;-0.1433461115578066;NORMAL
19.82;-0.01811955780536143;NORMAL
19.824;-0.012268813696938635;NORMAL
19.828;0.05849111511036086;NORMAL
19.832;-0.14774342097204105;NORMAL
19.836000000000002;-0.02888269887173442;NORMAL
19.84;-0.1284556441688882;NORMAL
19.844;0.04789750618155663;NORMAL
19.848;0.0684976433894879;NORMAL
19.852;-0.008163087088504339;NORMAL
19.856;-0.04011712807872161;NORMAL
19.86;0.03938159613370701;NORMAL
19.864;-0.013076849184081902;NORMAL
19.868000000000002;0.013338946025090746;NORMAL
19.872;-0.0800229815902349;NORMAL
19.876;-0.05624923066732323;NORMAL
19.88;0.038237966647837324;NORMAL
19.884;0.05644639092698757;NORMAL
19.888;-0.015528181040823314;NORMAL
19.892;-0.01081406253269796;NORMAL
19.896;-0.09687992709258962;NORMAL
19.900000000000002;-0.038812400858312696;NORMAL
19.904;-0.01654135766249305;NORMAL
19.908;0.07048953626969817;NORMAL
19.912;-0.022863576393981844;NORMAL
19.916;-0.009408397906279533;NORMAL
19.92;0.015491260187170492;NORMAL
19.924;0.061999997756298976;NORMAL
19.928;-0.019755659045205834;NORMAL
19.932000000000002;0.050450870417965914;NORMAL
19.936;-0.07927887951839943;NORMAL
19.94;-0.08201010475333266;NORMAL
19.944;-0.02946187497039193;NORMAL
19.948;-0.0020837298092572206;NORMAL
19.952;0.0590215603172356;NORMAL
19.956;0.04333823535781126;NORMAL
19.96;0.004287074892526124;NORMAL
19.964000000000002;0.07514527896973211;NORMAL
19.968;-0.01780452740961564;NORMAL
19.972;0.04673285800325092;NORMAL
19.976;0.022204554121012472;NORMAL
19.98;-0.007405747527185752;NORMAL
19.984;-0.04387500701202749;NORMAL
19.988;0.009174866091263029;NORMAL
19.992;-0.04052072167454711;NORMAL
19.996;-0.061873348815227415;NORMAL
20.0;-0.03978151837985388;NORMAL
20.004;0.026025814048488017;NORMAL
20.008;0.03774043098592803;NORMAL
20.012;-0.1061027804272542;NORMAL
20.016000000000002;0.055796153563897964;NORMAL
20.02;-0.027691983801794072;NORMAL
20.024;0.0033742483791427778;NORMAL
20.028;-0.048259821496344314;NORMAL
20.032;-0.02160958554534208;NORMAL
20.036;0.07853109448749894;NORMAL
20.04;-0.06886096632514899;NORMAL
20.044;0.14996056739951055;NORMAL
20.048000000000002;-0.0338316260515936;NORMAL
20.052;-0.11184349126116364;NORMAL
20.056;0.08696822102692038;NORMAL
20.06;-0.025559885724734728;NORMAL
20.064;-0.05800975578804845;NORMAL
20.068;-0.03769690736438813;NORMAL
20.072;0.05005635861331848;NORMAL
20.076;-0.02394928010071295;NORMAL
20.080000000000002;0.0692344592681281;NORMAL
20.084;0.08606808886814843;NORMAL
20.088;0.08274228182243512;NORMAL
20.092;0.02792040611912517;NORMAL
20.096;0.13316594834912493;NORMAL
20.1;0.2672897503612783;NORMAL
20.104;0.24816886395161;NORMAL
20.108;0.3532565805046057;NORMAL
20.112000000000002;0.47372740097505117;NORMAL
20.116;0.6184397394031353;NORMAL
20.12;0.6360034619056447;NORMAL
20.124;0.8640019042700874;NORMAL
20.128;0.9906357182725127;NORMAL
20.132;0.9332283481191325;NORMAL
20.136;1.0550906751189293;BEAT
20.14;0.922440639974413;NORMAL
20.144000000000002;0.9810762055986082;NORMAL
20.148;0.8163893884877538;NORMAL
20.152;0.6740071330539619;NORMAL
20.156;0.6623137867530879;NORMAL
20.16;0.5668905826821519;NORMAL
20.164;0.31030851008991256;NORMAL
20.168;0.24567944183025503;NORMAL
20.172;0.2835288659373442;NORMAL
20.176000000000002;0.14835958850603884;NORMAL
20.18;0.09666999534767325;NORMAL
20.184;0.06868894161470304;NORMAL
20.188;0.1044851545408998;NORMAL
20.192;-0.05930724501990369;NORMAL
20.196;0.06765506800500767;NORMAL
20.2;0.006448367522451577;NORMAL
20.204;0.16181809866944435;NORMAL
20.208000000000002;0.04737964049339422;NORMAL
20.212;-0.07896916281476145;NORMAL
20.216;0.015364815422394673;NORMAL
20.22;-0.003708736601705612;NORMAL
20.224;0.0256082712787363;NORMAL
20.228;-0.0024488026928456293;NORMAL
20.232;-0.012550860180065201;NORMAL
20.236;-0.04617730535580669;NORMAL
20.240000000000002;-0.02218790380443088;NORMAL
20.244;-0.003962007262109728;NORMAL
20.248;0.079549959334498;NORMAL
20.252;0.08559620943597185;NORMAL
20.256;-0.07377943328542715;NORMAL
20.26;-0.11192994423507105;NORMAL
20.264;-0.06977844565018945;NORMAL
20.268;-0.0009146505655411237;NORMAL
20.272000000000002;0.03905634656504777;NORMAL
20.276;0.07677711076219779;NORMAL
20.28;0.04235111796597894;NORMAL
20.284;0.07683585671651177;NORMAL
20.288;0.0021229009975581078;NORMAL
20.292;-0.05332398894958268;NORMAL
20.296;0.06946348077441482;NORMAL
20.3;0.061772695613991936;NORMAL
20.304000000000002;-0.008649335188363468;NORMAL
20.308;-0.05895027274272069;NORMAL
20.312;-0.04198234389365153;NORMAL
20.316;0.03647895406633166;NORMAL
20.32;0.05513220984114521;NORMAL
20.324;0.0037401273606183214;NORMAL
20.328;-0.06660339933561797;NORMAL
20.332;0.019781612323002847;NORMAL
20.336000000000002;-0.003050931636229964;NORMAL
20.34;0.08925766109939148;NORMAL
20.344;0.015046298232965561;NORMAL
20.348;0.02126673112818192;NORMAL
20.352;0.019151332396248662;NORMAL
20.356;-0.02209996668894061;NORMAL
20.36;0.01933469371721907;NORMAL
20.364;0.04171457037678546;NORMAL
20.368000000000002;0.009620422376841985;NORMAL
20.372;-0.04873582709592706;NORMAL
20.376;-0.012062632035475938;NORMAL
20.38;0.04194036625237335;NORMAL
20.384;-0.012580890592595886;NORMAL
20.388;-0.09525782356064368;NORMAL
20.392;0.01976169398072157;NORMAL
20.396;-0.01313005926562074;NORMAL
20.400000000000002;0.07430688423719374;NORMAL
20.404;0.08886228791835271;NORMAL
20.408;-0.04737423282868257;NORMAL
20.412;-0.039266235838476535;NORMAL
20.416;-0.002889622789515257;NORMAL
20.42;-0.025174061349343416;NORMAL
20.424;-0.0573992196684198;NORMAL
20.428;0.005238135437156403;NORMAL
20.432000000000002;-0.020480133965571936;NORMAL
20.436;0.029365493262100403;NORMAL
20.44;0.045620753567879375;NORMAL
20.444;-0.007844820366693081;NORMAL
20.448;0.04322837653139601;NORMAL
20.452;0.011197854844317899;NORMAL
20.456;0.021249059867738236;NORMAL
20.46;0.05171464669022966;NORMAL
20.464000000000002;0.0032427368612269465;NORMAL
20.468;0.06967024457056152;NORMAL
20.472;0.0026776435747762127;NORMAL
20.476;0.03539895170255611;NORMAL
20.48;-0.05862568704558714;NORMAL
20.484;0.07504731795323652;NORMAL
20.488;-0.011248050716535752;NORMAL
20.492;-0.00043855163389018196;NORMAL
20.496;-0.01956158650739561;NORMAL
20.5;-0.08824736226283462;NORMAL
20.504;0.01397927449245233;NORMAL
20.508;0.03996024551435106;NORMAL
20.512;-0.028560671341981272;NORMAL
20.516000000000002;-0.03683158204985815;NORMAL
20.52;0.03491200550922536;NORMAL
20.524;0.06608696755365415;NORMAL
20.528;0.016681273802119062;NORMAL
20.532;-0.012227993048156242;NORMAL
20.536;-0.042815431927438356;NORMAL
20.54;0.043055729622457135;NORMAL
20.544;-0.029914977315875807;NORMAL
20.548000000000002;0.02680556126271394;NORMAL
20.552;0.10177299095884354;NORMAL
20.556;0.0666862448343632;NORMAL
20.56;0.1489383368025038;NORMAL
20.564;0.20112851165178103;NORMAL
20.568;0.32783134624627897;NORMAL
20.572;0.3274075389950937;NORMAL
20.576;0.45557480314860105;NORMAL
20.580000000000002;0.6841775184310153;NORMAL
20.584;0.7069012848512004;NORMAL
20.588;0.8789607479363831;NORMAL
20.592;1.0472501803375294;NORMAL
20.596;0.9253602685187052;NORMAL
20.6;1.0143238970242117;BEAT
20.604;0.9312086434999006;NORMAL
20.608;0.9325295949549367;NORMAL
20.612000000000002;0.7789366810426953;NORMAL
20.616;0.8338707916271604;NORMAL
20.62;0.6772085588245785;NORMAL
20.624;0.4998675931377385;NORMAL
20.628;0.4761499606557895;NORMAL
20.632;0.22834962219406624;NORMAL
20.636;0.22947695517213165;NORMAL
20.64;0.13708568474794597;NORMAL
20.644000000000002;0.1173644036879949;NORMAL
20.648;0.057226894130713094;NORMAL
20.652;-0.02181477331401461;NORMAL
20.656;0.026758648728030257;NORMAL
20.66;-0.0331973309305017;NORMAL
20.664;0.029080927389435577;NORMAL
20.668;0.058331704917199155;NORMAL
20.672;0.022799125751954155;NORMAL
20.676000000000002;0.0942790660564124;NORMAL
20.68;-0.02502057490191015;NORMAL
20.684;0.023530259660540974;NORMAL
20.688;-0.019727105969208673;NORMAL
20.692;0.07171291173439612;NORMAL
20.696;0.012900267915402948;NORMAL
20.7;0.07381584208116776;NORMAL
20.704;-0.04946713933198108;NORMAL
20.708000000000002;-0.042212958063817384;NORMAL
20.712;0.03370457736984341;NORMAL
20.716;0.07561492612822837;NORMAL
20.72;0.0676628121552591;NORMAL
20.724;-0.018266638634305908;NORMAL
20.728;0.1126659081377413;NORMAL
20.732;-0.0321134478924376;NORMAL
20.736;-0.052305184272220126;NORMAL
20.740000000000002;0.0008969696735939535;NORMAL
20.744;0.0481815218479641;NORMAL
20.748;-0.0655523501268936;NORMAL
20.752;0.04416426926978612;NORMAL
20.756;-0.053475969250060165;NORMAL
20.76;0.03564390048339525;NORMAL
20.764;0.015542727224887008;NORMAL
20.768;0.032346843835047816;NORMAL
20.772000000000002;-0.0476038964579251;NORMAL
20.776;0.04137779302254871;NORMAL
20.78;0.07430513628259153;NORMAL
20.784;-0.024164776327166793;NORMAL
20.788;-0.026581945120576572;NORMAL
20.792;-0.045122774531862364;NORMAL
20.796;0.04070752175036849;NORMAL
20.8;-0.07396036162358324;NORMAL
20.804000000000002;-0.025678472846107553;NORMAL
20.808;-0.036499311208486894;NORMAL
20.812;-0.02038191331029617;NORMAL
20.816;-0.005562289543904669;NORMAL
20.82;0.02067261408538748;NORMAL
20.824;-0.02051284456948861;NORMAL
20.828;0.11049250383805219;NORMAL
20.832;0.024405760596212626;NORMAL
20.836000000000002;-0.12654865924595282;NORMAL
20.84;0.0708946357240737;NORMAL
20.844;0.008284960092022606;NORMAL
20.848;0.045409001317405384;NORMAL
20.852;-0.020094930197099077;NORMAL
20.856;0.10100679326668421;NORMAL
20.86;-0.01774675810894463;NORMAL
20.864;0.036243140113396466;NORMAL
20.868000000000002;0.03178995509557516;NORMAL
20.872;-0.028780101812809034;NORMAL
20.876;0.03197653363096737;NORMAL
20.88;0.015149260156747672;NORMAL
20.884;-0.04838729333723804;NORMAL
20.888;0.02738067845822106;NORMAL
20.892;-0.08891893420619568;NORMAL
20.896;-0.014556800136478122;NORMAL
20.900000000000002;0.0858162055975406;NORMAL
20.904;0.05358805096962796;NORMAL
20.908;-0.04094881343537996;NORMAL
20.912;0.028271052721665642;NORMAL
20.916;-0.04392609254483107;NORMAL
20.92;-0.02334653107251404;NORMAL
20.924;-0.0015137629621472042;NORMAL
20.928;-0.05059358065321419;NORMAL
20.932000000000002;-0.008638089866284693;NORMAL
20.936;-0.046191391323859354;NORMAL
20.94;0.04348456935653582;NORMAL
20.944;-0.050582974377778235;NORMAL
20.948;0.12907002800223819;NORMAL
20.952;-0.04227976618295471;NORMAL
20.956;0.022758015221295422;NORMAL
20.96;0.07691450684773815;NORMAL
20.964000000000002;-0.04529915374600072;NORMAL
20.968;0.10292346086577558;NORMAL
20.972;-0.024411835944579904;NORMAL
20.976;0.01301917438719512;NORMAL
20.98;0.09826102305882775;NORMAL
20.984;-0.05110073315107816;NORMAL
20.988;0.01825124542134286;NORMAL
20.992;0.045216178732161064;NORMAL
20.996;0.04613581886258927;NORMAL
21.0;0.013977408917527044;NORMAL
21.004;0.018991338853785303;NORMAL
21.008;0.029537704143293642;NORMAL
21.012;0.059140346179724704;NORMAL
21.016000000000002;0.004364813856837906;NORMAL
21.02;0.05915488831803082;NORMAL
21.024;-0.020684711576871462;NORMAL
21.028;0.0030327883665864494;NORMAL
21.032;0.00701973325630547;NORMAL
21.036;0.009330776548639114;NORMAL
21.04;-0.07852193776628931;NORMAL
21.044;-0.03736205293843488;NORMAL
21.048000000000002;0.046423206923617275;NORMAL
21.052;-0.019233333765173326;NORMAL
21.056;-0.06882252624139709;NORMAL
21.06;-0.0038360999857673383;NORMAL
21.064;-0.033103808735083805;NORMAL
21.068;0.022376751872312726;NORMAL
21.072;0.0017259382121759571;NORMAL
21.076;0.10008249713610602;NORMAL
21.080000000000002;-0.02117162623869802;NORMAL
21.084;0.013046694314715956;NORMAL
21.088;-0.0005737392932514407;NORMAL
21.092;0.14738904731965166;NORMAL
21.096;0.107481902588165;NORMAL
21.1;0.21433832912488418;NORMAL
21.104;0.2860411126775746;NORMAL
21.108;0.36690600747498586;NORMAL
21.112000000000002;0.42511258367078114;NORMAL
21.116;0.5637157988934799;NORMAL
21.12;0.7686579825814768;NORMAL
21.124;0.878199808510696;NORMAL
21.128;0.978429273814824;NORMAL
21.132;0.9937226869145461;NORMAL
21.136;0.982532199275819;BEAT
21.14;0.9610122211017601;NORMAL
21.144000000000002;1.0475751312372366;NORMAL
21.148;0.8094731741898232;NORMAL
21.152;0.7383151459670467;NORMAL
21.156;0.6282690836692673;NORMAL
21.16;0.46944923913242403;NORMAL
21.164;0.3792217651916673;NORMAL
21.168;0.32099880637397593;NORMAL
21.172;0.11746136745666465;NORMAL
21.176000000000002;0.2492641840718856;NORMAL
21.18;0.06137959682507396;NORMAL
21.184;-0.030331840176912803;NORMAL
21.188;0.0707867498782756;NORMAL
21.192;0.11230788191949762;NORMAL
21.196;0.09292791686743133;NORMAL
21.2;0.02467665025889707;NORMAL
21.204;0.017477151286968355;NORMAL
21.208000000000002;-0.051533767558958686;NORMAL
21.212;0.01533505675723328;NORMAL
21.216;0.016052468955721294;NORMAL
21.22;0.059118380758534775;NORMAL
21.224;0.08032351003945352;NORMAL
21.228;0.05670867631938892;NORMAL
21.232;0.050934788466404285;NORMAL
21.236;-0.0024184115084621926;NORMAL
21.240000000000002;-0.12307947680417775;NORMAL
21.244;0.021418501146329087;NORMAL
21.248;0.03021256702408805;NORMAL
21.252;-0.012874318785356036;NORMAL
21.256;-0.06662716060598563;NORMAL
21.26;0.015675896674085952;NORMAL
21.264;0.012404045628702506;NORMAL
21.268;-0.020715405537684056;NORMAL
21.272000000000002;0.09362724749011465;NORMAL
21.276;0.029821922406198017;NORMAL
21.28;-0.025472698450372925;NORMAL
21.284;0.00848955146890413;NORMAL
21.288;0.1126965890638253;NORMAL
21.292;0.07978116431727471;NORMAL
21.296;-0.12108548870620725;NORMAL
21.3;-0.02185108528853045;NORMAL
21.304000000000002;0.011471762803658183;NORMAL
21.308;-0.03856253260309593;NORMAL
21.312;-0.04913624774861651;NORMAL
21.316;-0.0463077710315391;NORMAL
21.32;0.10483049890891792;NORMAL
21.324;-0.02667115606943878;NORMAL
21.328;-0.01604237607003954;NORMAL
21.332;-0.022898294606883394;NORMAL
21.336000000000002;0.064225544390289;NORMAL
21.34;-0.08249564862259856;NORMAL
21.344;0.06137215072438762;NORMAL
21.348;0.024793922670300325;NORMAL
21.352;-0.025755039045862446;NORMAL
21.356;-0.0982271601170937;NORMAL
21.36;-0.04170362592523707;NORMAL
21.364;-0.036457309993170386;NORMAL
21.368000000000002;-0.039517902387938855;NORMAL
21.372;-0.06855272772880448;NORMAL
21.376;0.039746871998404744;NORMAL
21.38;-0.015676580016040807;NORMAL
21.384;0.02683182471595443;NORMAL
21.388;0.03160194580080097;NORMAL
21.392;-0.007556315159351026;NORMAL
21.396;-0.06678705683897619;NORMAL
21.400000000000002;0.048360112077736994;NORMAL
21.404;-0.003848935220579957;NORMAL
21.408;0.09686204967278628;NORMAL
21.412;-0.019900445476555173;NORMAL
21.416;-0.051133206380145506;NORMAL
21.42;0.0049039866801192005;NORMAL
21.424;0.0033523645894380978;NORMAL
21.428;0.040465360737940784;NORMAL
21.432000000000002;-0.021603297561449075;NORMAL
21.436;0.0683646086541198;NORMAL
21.44;-0.05465714941022451;NORMAL
21.444;0.10437756037921316;NORMAL
21.448;0.07773384085465393;NORMAL
21.452;0.06971996305905437;NORMAL
21.456;-0.08339923961259814;NORMAL
21.46;-0.017063582286760075;NORMAL
21.464000000000002;-0.012074309996958072;NORMAL
21.468;0.015153377793754903;NORMAL
21.472;-0.04015594547680301;NORMAL
21.476;0.03483895478745114;NORMAL
21.48;-0.047042060308229244;NORMAL
21.484;-0.010094925024678477;NORMAL
21.488;0.07489259143841968;NORMAL
21.492;-0.0004337055797367212;NORMAL
21.496000000000002;-0.04284799484331238;NORMAL
21.5;-0.050129320105197134;NORMAL
21.504;0.06313000151501351;NORMAL
21.508;-0.01908044041812996;NORMAL
21.512;0.14785758984726055;NORMAL
21.516000000000002;0.10808746678555002;NORMAL
21.52;0.031260379041258245;NORMAL
21.524;0.07692294214352836;NORMAL
21.528;0.0030774837857212318;NORMAL
21.532;-0.003672148507532175;NORMAL
21.536;0.024813609903327618;NORMAL
21.54;-0.00894358030041805;NORMAL
21.544;0.012578235490805743;NORMAL
21.548000000000002;-0.0023028221440421076;NORMAL
21.552;0.07894582324788552;NORMAL
21.556;-0.021595225254801814;NORMAL
21.56;-0.0711410021958162;NORMAL
21.564;0.052094783689846526;NORMAL
21.568;0.0290546599161445;NORMAL
21.572;-0.03446910087609501;NORMAL
21.576;-0.03941668476601015;NORMAL
21.580000000000002;-0.012099292259741665;NORMAL
21.584;-0.044072187018458366;NORMAL
21.588;-0.03742875365766147;NORMAL
21.592;0.007542907779737352;NORMAL
21.596;-0.010258673383386463;NORMAL
21.6;0.012151791140789838;NORMAL
21.604;-0.12423289094209651;NORMAL
21.608;0.011170956116310625;NORMAL
21.612000000000002;0.05833644181671005;NORMAL
21.616;-0.01211443696276547;NORMAL
21.62;0.0278796324746193;NORMAL
21.624;0.04815516356771763;NORMAL
21.628;-0.045488154998684194;NORMAL
21.632;-0.01930843416566111;NORMAL
21.636;-0.02396817907853796;NORMAL
21.64;-0.01284645079535134;NORMAL
21.644000000000002;-0.03574785631207599;NORMAL
21.648;-0.10944861791905852;NORMAL
21.652;-0.0987045471615619;NORMAL
21.656;-0.03331151715262972;NORMAL
21.66;-0.04845358525058768;NORMAL
21.664;0.05800635840504425;NORMAL
21.668;-0.1315557949522833;NORMAL
21.672;-0.033625321046563336;NORMAL
21.676000000000002;-0.08102732811204873;NORMAL
21.68;0.03172166640987434;NORMAL
21.684;-0.042990466885469175;NORMAL
21.688;-0.03224621840899488;NORMAL
21.692;-0.0659358987167633;NORMAL
21.696;-0.08406711645532922;NORMAL
21.7;0.10373478015693678;NORMAL
21.704;0.009142232313530686;NORMAL
21.708000000000002;-0.023356506955403922;NORMAL
21.712;0.029027383981673593;NORMAL
21.716;0.07208007854703932;NORMAL
21.72;-0.06692153778670053;NORMAL
21.724;0.020014049739287137;NORMAL
21.728;0.038836728443350135;NORMAL
21.732;0.03058467552201838;NORMAL
21.736;0.058873840570064506;NORMAL
21.740000000000002;-0.046153931670236036;NORMAL
21.744;-0.03217054951532274;NORMAL
21.748;-0.05231161321242536;NORMAL
21.752;0.047110287640243595;NORMAL
21.756;-0.037282918809330476;NORMAL
21.76;-0.027708440535479762;NORMAL
21.764;0.01350891993030228;NORMAL
21.768;-0.06625964149928654;NORMAL
21.772000000000002;-0.06518740346427712;NORMAL
21.776;-0.013316142140128457;NORMAL
21.78;-0.02214266254570588;NORMAL
21.784;-0.03172289511615371;NORMAL
21.788;0.06381087710220927;NORMAL
21.792;-0.009872281254708924;NORMAL
21.796;-0.02383854366749821;NORMAL
21.8;0.021957301926142606;NORMAL
21.804000000000002;0.03569024465112247;NORMAL
21.808;-0.022819870921430625;NORMAL
21.812;-0.02722526544548213;NORMAL
21.816;0.11029322193810354;NORMAL
21.82;-0.01763773437315604;NORMAL
21.824;0.043237315965939785;NORMAL
21.828;0.006378363114968866;NORMAL
21.832;0.014149221616345043;NORMAL
21.836000000000002;0.05328484384185627;NORMAL
21.84;-0.015505090014588963;NORMAL
21.844;0.0035366137231781433;NORMAL
21.848;-0.04215157916625095;NORMAL
21.852;0.01756123401213143;NORMAL
21.856;-0.004719876829029622;NORMAL
21.86;-0.003282264887740449;NORMAL
21.864;0.0041886071098065775;NORMAL
21.868000000000002;0.019342833653672453;NORMAL
21.872;-0.0035723904556765073;NORMAL
21.876;-0.004285601796514132;NORMAL
21.88;0.013529718526691784;NORMAL
21.884;-0.0035903427203313326;NORMAL
21.888;-0.005916657990512763;NORMAL
21.892;-0.033994931127605654;NORMAL
21.896;-0.07744976508042786;NORMAL
21.900000000000002;0.030404927219043795;NORMAL
21.904;-0.02464369748555249;NORMAL
21.908;-0.037679189768040966;NORMAL
21.912;-0.008618557913792664;NORMAL
21.916;0.042386919040499155;NORMAL
21.92;-0.018128137395867626;NORMAL
21.924;0.009057423069626024;NORMAL
21.928;-0.008106560492461525;NORMAL
21.932000000000002;-0.07328432854921771;NORMAL
21.936;0.07057073938574593;NORMAL
21.94;-0.0244206527905568;NORMAL
21.944;0.0515363243644152;NORMAL
21.948;0.10939560721999796;NORMAL
21.952;0.056675710669502534;NORMAL
21.956;-0.10422026517376635;NORMAL
21.96;0.09669573434914107;NORMAL
21.964000000000002;-0.01869675075516723;NORMAL
21.968;-0.05990698173713715;NORMAL
21.972;-0.002704937213716899;NORMAL
21.976;0.04069773001619554;NORMAL
21.98;-0.03555626154664557;NORMAL
21.984;0.023451089681418007;NORMAL
21.988;0.060979998424043017;NORMAL
21.992;0.040830546819985755;NORMAL
21.996000000000002;-0.07493549871548397;NORMAL
22.0;-0.06259726338796548;NORMAL
22.004;-0.06830222245797407;NORMAL
22.008;-0.13866369123710184;NORMAL
22.012;0.004545673104437687;NORMAL
22.016000000000002;-0.046688986941464915;NORMAL
22.02;0.03990447165062389;NORMAL
22.024;-0.02733903030663452;NORMAL
22.028;0.006116197282292017;NORMAL
22.032;0.04543914136169009;NORMAL
22.036;-0.00537172046084871;NORMAL
22.04;0.029760512754255543;NORMAL
22.044;0.07920193984748473;NORMAL
22.048000000000002;-0.003876488842758874;NORMAL
22.052;0.17207115408540588;NORMAL
22.056;0.1743640266108456;NORMAL
22.06;0.3441849457501813;NORMAL
22.064;0.3019606791828892;NORMAL
22.068;0.47066899701196363;NORMAL
22.072;0.6464453026293477;NORMAL
22.076;0.7356635131843896;NORMAL
22.080000000000002;0.8428087156874007;NORMAL
22.084;0.9399976916580587;NORMAL
22.088;0.959951265643529;NORMAL
22.092;0.9184058983768056;BEAT
22.096;0.9955599736983081;NORMAL
22.1;0.9674253661036868;NORMAL
22.104;0.8303324500088661;NORMAL
22.108;0.7500219767817741;NORMAL
22.112000000000002;0.7118495845961561;NORMAL
22.116;0.5366287149194638;NORMAL
22.12;0.4517773309220452;NORMAL
22.124;0.28710446504173076;NORMAL
22.128;0.2229533422740007;NORMAL
22.132;0.12474292195999452;NORMAL
22.136;0.07137345636745838;NORMAL
22.14;0.08237582791418518;NORMAL
22.144000000000002;0.007486280083519745;NORMAL
22.148;0.021294998264057778;NORMAL
22.152;-0.022732679135283804;NORMAL
22.156;0.005790753464800042;NORMAL
22.16;0.12733531748726679;NORMAL
22.164;-0.024035910136223623;NORMAL
22.168;0.006257650119946147;NORMAL
22.172;0.06866979290345672;NORMAL
22.176000000000002;-0.013554084048422694;NORMAL
22.18;-0.054529595615620916;NORMAL
22.184;-0.04764675229108526;NORMAL
22.188;0.02213148706716545;NORMAL
22.192;0.05514252108845693;NORMAL
22.196;0.007525095578160437;NORMAL
22.2;-0.021146875312482383;NORMAL
22.204;0.1001137342677935;NORMAL
22.208000000000002;0.018646383499812378;NORMAL
22.212;-0.0025923840062153816;NORMAL
22.216;0.0024023500222477615;NORMAL
22.22;0.01010926635083539;NORMAL
22.224;0.0041887452046229165;NORMAL
22.228;0.07941018420304875;NORMAL
22.232;0.051319392029289604;NORMAL
22.236;0.09118358220004769;NORMAL
22.240000000000002;-0.027386639273084493;NORMAL
22.244;0.06994659529936037;NORMAL
22.248;-0.02092055047242629;NORMAL
22.252;-0.03415784087739919;NORMAL
22.256;0.01715820466478817;NORMAL
22.26;0.008779559826896152;NORMAL
22.264;0.07747840724615154;NORMAL
22.268;0.04333255438970078;NORMAL
22.272000000000002;-0.011809665627930883;NORMAL
22.276;0.06259928480939432;NORMAL
22.28;0.02232523630238846;NORMAL
22.284;0.023311871968550266;NORMAL
22.288;0.051865629534527384;NORMAL
22.292;-0.021918283323624426;NORMAL
22.296;-0.07643373989216883;NORMAL
22.3;-0.0864123175814435;NORMAL
22.304000000000002;0.03598694420354354;NORMAL
22.308;-0.11289849851230327;NORMAL
22.312;-0.013112223464108716;NORMAL
22.316;0.006553724547151205;NORMAL
22.32;0.018786820677763744;NORMAL
22.324;-0.02544070942976743;NORMAL
22.328;-0.09982654116833588;NORMAL
22.332;-0.004872356050862028;NORMAL
22.336000000000002;-0.05328644548149223;NORMAL
22.34;-0.026586666617683108;NORMAL
22.344;0.10504303402255454;NORMAL
22.348;-0.10880938012989877;NORMAL
22.352;0.06926240648086056;NORMAL
22.356;-0.012999839494062011;NORMAL
22.36;-0.0043590827346319996;NORMAL
22.364;0.01482342796778764;NORMAL
22.368000000000002;-0.05778311993366179;NORMAL
22.372;0.03380078938779257;NORMAL
22.376;0.021373422360177086;NORMAL
22.38;0.15926653556099313;NORMAL
22.384;0.05643846584004304;NORMAL
22.388;-0.04689779692592016;NORMAL
22.392;0.0030746682441173696;NORMAL
22.396;0.0662039479010907;NORMAL
22.400000000000002;0.03288660355214522;NORMAL
22.404;-0.023879313864627542;NORMAL
22.408;-0.06275916671649939;NORMAL
22.412;0.027186097048746694;NORMAL
22.416;-0.07399644218885847;NORMAL
22.42;-0.059380865078234535;NORMAL
22.424;-0.01516733316488298;NORMAL
22.428;-0.004384886851489539;NORMAL
22.432000000000002;0.05923675850417103;NORMAL
22.436;0.09566376203288803;NORMAL
22.44;0.06113058736822581;NORMAL
22.444;-0.0951461159343121;NORMAL
22.448;0.028982026215027736;NORMAL
22.452;0.0029207396070909633;NORMAL
22.456;-0.0010212202171680773;NORMAL
22.46;0.010512952073209198;NORMAL
22.464000000000002;0.007727201843909246;NORMAL
22.468;-0.02825592976278788;NORMAL
22.472;0.044347434328060854;NORMAL
22.476;-0.017405788306417605;NORMAL
22.48;0.019538130307691325;NORMAL
22.484;0.004880879134960891;NORMAL
22.488;0.006963923077908586;NORMAL
22.492;0.007633822470636861;NORMAL
22.496000000000002;-0.04158590746288325;NORMAL
22.5;-0.01492595982256226;NORMAL
22.504;-0.05853439382473871;NORMAL
22.508;0.026178657441410177;NORMAL
22.512;-0.0917360637552405;NORMAL
22.516000000000002;0.004414725819312167;NORMAL
22.52;0.08166215509458283;NORMAL
22.524;0.0003391187532585521;NORMAL
22.528;-0.0269617753060334;NORMAL
22.532;-0.02405640326400578;NORMAL
22.536;0.07324936146551886;NORMAL
22.54;-0.05626525459755886;NORMAL
22.544;0.009306098791253227;NORMAL
22.548000000000002;0.013647171254530577;NORMAL
22.552;0.06446929879835461;NORMAL
22.556;0.013565167441948467;NORMAL
22.56;0.0857857693489702;NORMAL
22.564;0.023493499546395052;NORMAL
22.568;-0.015474897912784847;NORMAL
22.572;-0.015542046890203283;NORMAL
22.576;0.023175978647542353;NORMAL
22.580000000000002;-0.0014750509988116153;NORMAL
22.584;0.02646183526386982;NORMAL
22.588;-0.016161726456491835;NORMAL
22.592;-0.07757161225033242;NORMAL
22.596;-0.028145234223035838;NORMAL
22.6;0.0221402612951946;NORMAL
22.604;0.0815416701342301;NORMAL
22.608;-0.027145069138163253;NORMAL
22.612000000000002;-0.09113535161756499;NORMAL
22.616;0.04237874219162033;NORMAL
22.62;0.03506584338727744;NORMAL
22.624;0.007361861787507736;NORMAL
22.628;-0.08756687271491455;NORMAL
22.632;0.10224479319306057;NORMAL
22.636;0.10023119222813262;NORMAL
22.64;-0.0322063573726549;NORMAL
22.644000000000002;0.03941300068852013;NORMAL
22.648;0.0720170882939221;NORMAL
22.652;-0.09219706642992366;NORMAL
22.656;0.05066183926577335;NORMAL
22.66;0.04076705724809449;NORMAL
22.664;0.022686739906181697;NORMAL
22.668;-0.007081959685430156;NORMAL
22.672;0.009280603734131383;NORMAL
22.676000000000002;0.05368799086246512;NORMAL
22.68;-0.013113505861594571;NORMAL
22.684;-0.07245667088696812;NORMAL
22.688;0.024471796321291248;NORMAL
22.692;-0.029855598702163668;NORMAL
22.696;-0.0313627707568737;NORMAL
22.7;0.013811841952563401;NORMAL
22.704;-0.05113933603728896;NORMAL
22.708000000000002;0.026476821075465975;NORMAL
22.712;-0.05710427115761024;NORMAL
22.716;0.0053186402963066575;NORMAL
22.72;-0.09613190211040785;NORMAL
22.724;-0.0770771568122937;NORMAL
22.728;0.01614398798778969;NORMAL
22.732;-0.030687000652814444;NORMAL
22.736;0.04554771854283908;NORMAL
22.740000000000002;0.08257843959519873;NORMAL
22.744;-0.03905499740502059;NORMAL
22.748;0.031753904346977245;NORMAL
22.752;0.003196797803052611;NORMAL
22.756;-0.01725711961175635;NORMAL
22.76;0.031802836578665256;NORMAL
22.764;-0.03427134482875617;NORMAL
22.768;0.05803665801750114;NORMAL
22.772000000000002;0.004091536431253533;NORMAL
22.776;-0.00771618365936704;NORMAL
22.78;-0.01865256586880098;NORMAL
22.784;-0.06313537952290078;NORMAL
22.788;-0.10040686091635231;NORMAL
22.792;0.018588292208125093;NORMAL
22.796;0.004635363837668242;NORMAL
22.8;-0.017432527627305544;NORMAL
22.804000000000002;-0.1006109779379878;NORMAL
22.808;-0.09039703524575247;NORMAL
22.812;-0.0056238137153647475;NORMAL
22.816;-0.06988924414147515;NORMAL
22.82;0.03171948141117624;NORMAL
22.824;0.10680983867443067;NORMAL
22.828;0.02248893737284276;NORMAL
22.832;0.09300791914198546;NORMAL
22.836000000000002;0.04580827985802654;NORMAL
22.84;-0.031146762657487934;NORMAL
22.844;-0.00717607231661325;NORMAL
22.848;0.05254256228230713;NORMAL
22.852;0.04007921402089958;NORMAL
22.856;0.03334669371105406;NORMAL
22.86;0.02660067837193395;NORMAL
22.864;0.07887175171913227;NORMAL
22.868000000000002;0.10732809868423622;NORMAL
22.872;0.17493169026334932;NORMAL
22.876;0.15802570301667218;NORMAL
22.88;0.26450880079841343;NORMAL
22.884;0.29607558361631614;NORMAL
22.888;0.4802478006527495;NORMAL
22.892;0.5696656389848143;NORMAL
22.896;0.7777326515635103;NORMAL
22.900000000000002;0.7782758903623929;NORMAL
22.904;0.928353458861367;NORMAL
22.908;0.9968634845503629;NORMAL
22.912;0.9964432623959418;BEAT
22.916;1.0962463603776023;NORMAL
22.92;0.9176260850505501;NORMAL
22.924;0.8330632978739885;NORMAL
22.928;0.7496094882431665;NORMAL
22.932000000000002;0.6248445254279505;NORMAL
22.936;0.4963060138785045;NORMAL
22.94;0.3938090253856061;NORMAL
22.944;0.29217529826707517;NORMAL
22.948;0.1123763672798329;NORMAL
22.952;0.0732766826369935;NORMAL
22.956;0.05665713055197362;NORMAL
22.96;0.07173693024193559;NORMAL
22.964000000000002;0.03250327091554111;NORMAL
22.968;0.08099215268571869;NORMAL
22.972;0.004518946680852773;NORMAL
22.976;-0.021956041310105142;NORMAL
22.98;-0.02509466996245434;NORMAL
22.984;-0.053361879003831984;NORMAL
22.988;0.013281534265584052;NORMAL
22.992;-0.06848900260371443;NORMAL
22.996000000000002;-0.022113919697482578;NORMAL
23.0;-0.04703918206463954;NORMAL
23.004;-0.03516869860024144;NORMAL
23.008;-0.03678683553520513;NORMAL
23.012;0.004086401244037555;NORMAL
23.016000000000002;0.001157810489762018;NORMAL
23.02;-0.06780590728094948;NORMAL
23.024;0.10475110123806813;NORMAL
23.028000000000002;0.008039741374848369;NORMAL
23.032;-0.05112300085442935;NORMAL
23.036;-0.0172717736132662;NORMAL
23.04;-0.00099251112469373;NORMAL
23.044;0.025895181171188917;NORMAL
23.048000000000002;0.012701301765288902;NORMAL
23.052;0.10181984693015585;NORMAL
23.056;-0.083257952577401;NORMAL
23.06;-0.056586672051394074;NORMAL
23.064;-0.0233966153060075;NORMAL
23.068;0.14099536663769233;NORMAL
23.072;0.08266517981597739;NORMAL
23.076;-0.0770019953037597;NORMAL
23.080000000000002;-0.04076037053007188;NORMAL
23.084;-0.05517569293328072;NORMAL
23.088;-0.01479955416265012;NORMAL
23.092;0.009624109578548833;NORMAL
23.096;0.018690522077858724;NORMAL
23.1;0.04842111363546739;NORMAL
23.104;-0.03774313347094521;NORMAL
23.108;-0.011622194330000116;NORMAL
23.112000000000002;-0.032159430390738444;NORMAL
23.116;-0.04691765154671395;NORMAL
23.12;0.06720401438347312;NORMAL
23.124;-0.022470705016000403;NORMAL
23.128;0.05042591613366855;NORMAL
23.132;-0.00797519103356586;NORMAL
23.136;-0.003884037983354711;NORMAL
23.14;0.010830682462529481;NORMAL
23.144000000000002;-0.002702314264486271;NORMAL
23.148;0.08437722645904756;NORMAL
23.152;-0.01366328459151168;NORMAL
23.156;0.015578922789924605;NORMAL
23.16;-0.035554223253610996;NORMAL
23.164;-0.05205782771570197;NORMAL
23.168;-0.01654773719364101;NORMAL
23.172;-0.029347224882666917;NORMAL
23.176000000000002;0.0198372704285284;NORMAL
23.18;-0.0030939444402968202;NORMAL
23.184;0.02773957154995256;NORMAL
23.188;-0.009348003853620508;NORMAL
23.192;0.05306588471644424;NORMAL
23.196;-0.09286833852278704;NORMAL
23.2;0.0731739051281078;NORMAL
23.204;-0.039013848699078854;NORMAL
23.208000000000002;-0.03335034548568464;NORMAL
23.212;-0.04493037970043382;NORMAL
23.216;0.08616512008337687;NORMAL
23.22;-0.1109260697242738;NORMAL
23.224;0.006905740715858289;NORMAL
23.228;0.021830396311043627;NORMAL
23.232;0.04986889644498119;NORMAL
23.236;0.011944142488215587;NORMAL
23.240000000000002;0.0020682150875898655;NORMAL
23.244;-0.017606677358093684;NORMAL
23.248;0.007165709544217559;NORMAL
23.252;-0.017213854935281662;NORMAL
23.256;0.05196658133679214;NORMAL
23.26;0.08289722351636214;NORMAL
23.264;-0.07649399655038157;NORMAL
23.268;-0.014763182428229119;NORMAL
23.272000000000002;0.0745787310657457;NORMAL
23.276;0.0005243178948957052;NORMAL
23.28;-0.06738187473753614;NORMAL
23.284;0.018193959426842887;NORMAL
23.288;0.03698844050839624;NORMAL
23.292;-0.0165188151165508;NORMAL
23.296;-0.011272598133022255;NORMAL
23.3;-0.057846384021984054;NORMAL
23.304000000000002;0.05593368015907594;NORMAL
23.308;0.03329551442544253;NORMAL
23.312;-0.05389360429304799;NORMAL
23.316;-0.07327711982691891;NORMAL
23.32;-0.01560438662308916;NORMAL
23.324;0.01407178941394633;NORMAL
23.328;0.032393062211271646;NORMAL
23.332;-0.0703104192133935;NORMAL
23.336000000000002;0.012224435332532556;NORMAL
23.34;-0.05231449581625809;NORMAL
23.344;-0.010494409589488675;NORMAL
23.348;0.01843718851441102;NORMAL
23.352;0.0062834078519785515;NORMAL
23.356;-0.02379902549182975;NORMAL
23.36;0.043827582969185236;NORMAL
23.364;0.03984886440882862;NORMAL
23.368000000000002;-0.0032131359924923485;NORMAL
23.372;-0.0019241027060210596;NORMAL
23.376;0.02312047746591627;NORMAL
23.38;0.023880635156579972;NORMAL
23.384;0.05932120980584167;NORMAL
23.388;0.11702083184895257;NORMAL
23.392;-0.10638835658943323;NORMAL
23.396;0.008024587193073288;NORMAL
23.400000000000002;0.003565770885228789;NORMAL
23.404;0.07831577621848324;NORMAL
23.408;0.09158851906501526;NORMAL
23.412;0.034166653743672934;NORMAL
23.416;-0.04527257279593062;NORMAL
23.42;0.042704277648468535;NORMAL
23.424;0.03501124221814824;NORMAL
23.428;0.07708450187741103;NORMAL
23.432000000000002;0.05186618343854876;NORMAL
23.436;-0.0038705635525671436;NORMAL
23.44;-0.05000114482879911;NORMAL
23.444;0.013387737356273825;NORMAL
23.448;-0.048778855801316016;NORMAL
23.452;0.039110846699174404;NORMAL
23.456;0.03029625373115473;NORMAL
23.46;0.035774159054494784;NORMAL
23.464000000000002;-0.020988991266747536;NORMAL
23.468;-0.011021604029111563;NORMAL
23.472;0.05596448744349776;NORMAL
23.476;-0.02297209150295812;NORMAL
23.48;-0.10893802683729539;NORMAL
23.484;0.06420578933234083;NORMAL
23.488;-0.06509971745602625;NORMAL
23.492;-0.0003078009586752149;NORMAL
23.496000000000002;0.03214466337807316;NORMAL
23.5;0.033290371460114654;NORMAL
23.504;0.043822122462694804;NORMAL
23.508;-0.049810684125600566;NORMAL
23.512;-0.11927834157196446;NORMAL
23.516000000000002;-0.0010052622256139755;NORMAL
23.52;-0.06751756857619438;NORMAL
23.524;0.025672201256105445;NORMAL
23.528000000000002;0.06615363153777175;NORMAL
23.532;-0.09559415080360623;NORMAL
23.536;-0.027735374244357926;NORMAL
23.54;0.10420131575944992;NORMAL
23.544;0.06283364286407928;NORMAL
23.548000000000002;-0.00963457581417521;NORMAL
23.552;-0.01475646175215693;NORMAL
23.556;0.07492813256584803;NORMAL
23.56;-0.03291800156314865;NORMAL
23.564;-0.10650746992111251;NORMAL
23.568;0.010173051690004447;NORMAL
23.572;0.04378744364387787;NORMAL
23.576;-0.013939500533366051;NORMAL
23.580000000000002;-0.029583730286672563;NORMAL
23.584;0.08518557202602269;NORMAL
23.588;0.012036753119632948;NORMAL
23.592;0.01970441127887667;NORMAL
23.596;0.06477236603328247;NORMAL
23.6;-0.06920662696320343;NORMAL
23.604;-0.04246555306012981;NORMAL
23.608;0.01798085357531604;NORMAL
23.612000000000002;-0.02194712542327007;NORMAL
23.616;0.042099789809551376;NORMAL
23.62;0.1500151090427277;NORMAL
23.624;0.13615758530037883;NORMAL
23.628;0.19362327184638412;NORMAL
23.632;0.24846246662894186;NORMAL
23.636;0.4312026600091311;NORMAL
23.64;0.500167886111734;NORMAL
23.644000000000002;0.6051545984758789;NORMAL
23.648;0.6900513224017667;NORMAL
23.652;0.8438930227115481;NORMAL
23.656;0.8691765732496731;NORMAL
23.66;0.9550469770466278;NORMAL
23.664;0.9977870020047624;BEAT
23.668;0.9274706392085466;NORMAL
23.672;0.9353885865640452;NORMAL
23.676000000000002;0.7494441648600266;NORMAL
23.68;0.7098684163318859;NORMAL
23.684;0.6350779083589786;NORMAL
23.688;0.45763894976876646;NORMAL
23.692;0.381137230407;NORMAL
23.696;0.25065746557928736;NORMAL
23.7;0.1636059882271594;NORMAL
23.704;0.09603785853802643;NORMAL
23.708000000000002;0.11388240279383889;NORMAL
23.712;0.024855061844770036;NORMAL
23.716;-0.0277276238657094;NORMAL
23.72;0.018085045965766336;NORMAL
23.724;-0.04274738680528502;NORMAL
23.728;0.056864644995760216;NORMAL
23.732;-0.031575412068082405;NORMAL
23.736;-0.05642450302559233;NORMAL
23.740000000000002;0.011486573594328383;NORMAL
23.744;-0.06715204118247307;NORMAL
23.748;-0.07264464685291075;NORMAL
23.752;0.02110514744605368;NORMAL
23.756;0.015315420749387363;NORMAL
23.76;0.031424051883003276;NORMAL
23.764;-0.03334676118898827;NORMAL
23.768;-0.05470343334936356;NORMAL
23.772000000000002;0.10183450566596321;NORMAL
23.776;-0.0252278250166963;NORMAL
23.78;-0.0615694428694495;NORMAL
23.784;0.02469660413173251;NORMAL
23.788;-0.053957069554748695;NORMAL
23.792;0.001405211568106912;NORMAL
23.796;0.040312429314941806;NORMAL
23.8;-0.02521814416135869;NORMAL
23.804000000000002;0.08345635718158737;NORMAL
23.808;-0.04815386966660223;NORMAL
23.812;-0.0016510018283268507;NORMAL
23.816;-0.03297540893596992;NORMAL
23.82;0.08544857914663412;NORMAL
23.824;-0.03763582028593505;NORMAL
23.828;0.02225049025642905;NORMAL
23.832;-0.07330651159970723;NORMAL
23.836000000000002;-0.061119188531570556;NORMAL
23.84;-0.008284271369801276;NORMAL
23.844;0.02709717707464702;NORMAL
23.848;0.06128214641386435;NORMAL
23.852;0.03968595683097368;NORMAL
23.856;-0.00183386533167571;NORMAL
23.86;0.03510364970535569;NORMAL
23.864;-0.13899797035012296;NORMAL
23.868000000000002;-0.055840518754687686;NORMAL
23.872;0.0018730366426030637;NORMAL
23.876;-0.04723764512526266;NORMAL
23.88;0.021944060273295946;NORMAL
23.884;-0.05030784786046397;NORMAL
23.888;0.06501958624730023;NORMAL
23.892;-0.039388737699609794;NORMAL
23.896;0.02754247100663544;NORMAL
23.900000000000002;0.00546096903828969;NORMAL
23.904;0.03391593474329337;NORMAL
23.908;-0.002017621594596355;NORMAL
23.912;0.04021918697672004;NORMAL
23.916;-0.02862647477400351;NORMAL
23.92;-0.0077974165379403925;NORMAL
23.924;-0.1562431929054641;NORMAL
23.928;-0.02154082548008505;NORMAL
23.932000000000002;-0.003482698735806992;NORMAL
23.936;0.00016296885936047887;NORMAL
23.94;-0.03820171453785028;NORMAL
23.944;-0.011923999453709118;NORMAL
23.948;0.04580664617903603;NORMAL
23.952;-0.011803776908810836;NORMAL
23.956;0.0086468703961631;NORMAL
23.96;-0.04699426629648173;NORMAL
23.964000000000002;-0.04188175290099036;NORMAL
23.968;0.002380090603158959;NORMAL
23.972;0.009426044571916288;NORMAL
23.976;0.04563858963164426;NORMAL
23.98;0.01034755797495294;NORMAL
23.984;-0.0198874069823764;NORMAL
23.988;-0.012457320278178155;NORMAL
23.992;-0.005417567190083261;NORMAL
23.996000000000002;0.029299569650980878;NORMAL
24.0;-0.01963581794753628;NORMAL
24.004;-0.07569086091284845;NORMAL
24.008;-0.03879649967240876;NORMAL
24.012;0.01997521544045603;NORMAL
24.016000000000002;0.018420071190680853;NORMAL
24.02;-0.045475826351260594;NORMAL
24.024;-0.04924616121420866;NORMAL
24.028000000000002;0.011423665081876234;NORMAL
24.032;-0.028276406817220046;NORMAL
24.036;0.05556785792533391;NORMAL
24.04;0.04373878834452613;NORMAL
24.044;0.050812323408456254;NORMAL
24.048000000000002;-0.06679867907656543;NORMAL
24.052;0.0009443777358892798;NORMAL
24.056;-0.02975035536432032;NORMAL
24.060000000000002;-0.007751824683314885;NORMAL
24.064;-0.027942481598919402;NORMAL
24.068;-0.08230848481558757;NORMAL
24.072;-0.04969722965299792;NORMAL
24.076;0.03615340162720174;NORMAL
24.080000000000002;0.0005090139786649134;NORMAL
24.084;-0.04777040278688406;NORMAL
24.088;-0.03173927278222626;NORMAL
24.092;0.09933624320722834;NORMAL
24.096;0.01664090785432404;NORMAL
24.1;-0.023883508026768543;NORMAL
24.104;-0.011014422178672267;NORMAL
24.108;-0.05558511819036202;NORMAL
24.112000000000002;-0.02132601641572629;NORMAL
24.116;0.020981286273183738;NORMAL
24.12;-0.030879370280091523;NORMAL
24.124;-0.050222942524725395;NORMAL
24.128;-0.03416586984570786;NORMAL
24.132;-0.03739442053920763;NORMAL
24.136;-0.017701725032138953;NORMAL
24.14;-0.1037928056345545;NORMAL
24.144000000000002;-0.07048021650539141;NORMAL
24.148;-0.03263394966104585;NORMAL
24.152;0.016739419745479094;NORMAL
24.156;-0.010276998966261369;NORMAL
24.16;-0.08458557094674342;NORMAL
24.164;0.03684894513444328;NORMAL
24.168;0.06003701673197453;NORMAL
24.172;-0.03638531777757861;NORMAL
24.176000000000002;0.023481628439985774;NORMAL
24.18;-0.0958624975579948;NORMAL
24.184;0.02762159458024384;NORMAL
24.188;0.034873897548916066;NORMAL
24.192;-0.0047383699997479755;NORMAL
24.196;-0.05670844135631679;NORMAL
24.2;0.005539109968074279;NORMAL
24.204;0.04385804703298104;NORMAL
24.208000000000002;0.10380421246774058;NORMAL
24.212;-0.027967389335235494;NORMAL
24.216;-0.029394460834473276;NORMAL
24.22;0.021929303458881957;NORMAL
24.224;-0.020762312649290043;NORMAL
24.228;-0.02454712416980505;NORMAL
24.232;-0.0787753682618083;NORMAL
24.236;0.0740224061591922;NORMAL
24.240000000000002;0.06443958237420708;NORMAL
24.244;0.07927807027908366;NORMAL
24.248;-0.028170592695776653;NORMAL
24.252;-0.028509845127944345;NORMAL
24.256;-0.061460839612967444;NORMAL
24.26;-0.008534753357483152;NORMAL
24.264;-0.0029236412759838736;NORMAL
24.268;0.04229996504715601;NORMAL
24.272000000000002;0.06153197333852661;NORMAL
24.276;-0.042513505195528024;NORMAL
24.28;-0.023471064496320488;NORMAL
24.284;0.08340897161595225;NORMAL
24.288;0.04594361691432264;NORMAL
24.292;-0.03519405677230154;NORMAL
24.296;0.056341130634732145;NORMAL
24.3;0.006007118718848216;NORMAL
24.304000000000002;-0.035385713696708586;NORMAL
24.308;0.012680349722491036;NORMAL
24.312;0.06920103268105111;NORMAL
24.316;0.020351802522163107;NORMAL
24.32;-0.00154529749664147;NORMAL
24.324;0.025147025982539328;NORMAL
24.328;0.018377050961178795;NORMAL
24.332;-0.055962923384625926;NORMAL
24.336000000000002;0.03431295618507696;NORMAL
24.34;0.007144355257089707;NORMAL
24.344;-0.05876461381478257;NORMAL
24.348;0.08549205486661261;NORMAL
24.352;0.00634325537122244;NORMAL
24.356;-0.04853787505484393;NORMAL
24.36;0.02139860918696615;NORMAL
24.364;-0.07206697171790587;NORMAL
24.368000000000002;0.03541086035915958;NORMAL
24.372;0.06280885460519998;NORMAL
24.376;-0.03312303427287156;NORMAL
24.38;-0.056160580166831967;NORMAL
24.384;-0.045788044250281205;NORMAL
24.388;-0.09048911243019686;NORMAL
24.392;0.00362567864699491;NORMAL
24.396;0.039831561790305725;NORMAL
24.400000000000002;0.010863752794252928;NORMAL
24.404;-0.052956029734721;NORMAL
24.408;-0.034581720968997844;NORMAL
24.412;-0.010015416121395027;NORMAL
24.416;-0.07645721677226963;NORMAL
24.42;0.02613885723279939;NORMAL
24.424;0.01842876086426032;NORMAL
24.428;0.049605610348284826;NORMAL
24.432000000000002;-0.029985525126326584;NORMAL
24.436;-0.03610131529516319;NORMAL
24.44;0.04478574604020902;NORMAL
24.444;-0.020485118497718557;NORMAL
24.448;0.050326992317277455;NORMAL
24.452;-0.01181929588757058;NORMAL
24.456;0.12281209008822147;NORMAL
24.46;0.1596175820202371;NORMAL
24.464000000000002;0.23364422514708935;NORMAL
24.468;0.3960829598462425;NORMAL
24.472;0.4935586171280523;NORMAL
24.476;0.5851890468693719;NORMAL
24.48;0.7577436996186123;NORMAL
24.484;0.821374613237596;NORMAL
24.488;0.9243955040212195;NORMAL
24.492;0.9451144040331967;NORMAL
24.496000000000002;0.9034103205774116;BEAT
24.5;1.0122606035339605;NORMAL
24.504;0.8868703260177786;NORMAL
24.508;0.7399168897401843;NORMAL
24.512;0.6986880760756374;NORMAL
24.516000000000002;0.6014857699532816;NORMAL
24.52;0.46079829428777064;NORMAL
24.524;0.37947378572134405;NORMAL
24.528000000000002;0.2714103733298861;NORMAL
24.532;0.2695755923990251;NORMAL
24.536;0.11181987609262137;NORMAL
24.54;0.12808708179532652;NORMAL
24.544;0.11692579154752962;NORMAL
24.548000000000002;0.05677497402899934;NORMAL
24.552;-0.009989794913307159;NORMAL
24.556;0.05457635784623198;NORMAL
24.560000000000002;-0.03706714499130606;NORMAL
24.564;0.043742532150868284;NORMAL
24.568;-0.03834438826013044;NORMAL
24.572;0.07123245436101829;NORMAL
24.576;0.07472370370241112;NORMAL
24.580000000000002;0.0011357961526506095;NORMAL
24.584;-0.01486946140186242;NORMAL
24.588;0.04788887312214394;NORMAL
24.592;-0.051575989765094844;NORMAL
24.596;-0.03239875338731238;NORMAL
24.6;-0.015599215220189479;NORMAL
24.604;-0.026014260339515528;NORMAL
24.608;0.027297980330270134;NORMAL
24.612000000000002;0.037715909388923864;NORMAL
24.616;0.07959077533002933;NORMAL
24.62;0.05305880396263018;NORMAL
24.624;0.11349836085935296;NORMAL
24.628;-0.025787312342488943;NORMAL
24.632;-0.0019089563350012096;NORMAL
24.636;0.01788056007006693;NORMAL
24.64;0.007837193250341955;NORMAL
24.644000000000002;0.011937812631534005;NORMAL
24.648;-0.04668872898938736;NORMAL
24.652;-0.06902728082330663;NORMAL
24.656;0.0374662015611115;NORMAL
24.66;-0.06330985476939448;NORMAL
24.664;-0.03781426246233422;NORMAL
24.668;0.008354345272393386;NORMAL
24.672;0.005735519685677664;NORMAL
24.676000000000002;-0.04574896837635413;NORMAL
24.68;0.007782683088521376;NORMAL
24.684;-0.023008135383724822;NORMAL
24.688;-0.021326952841756064;NORMAL
24.692;0.057078757357444734;NORMAL
24.696;0.011953275900568936;NORMAL
24.7;-0.03344702866296496;NORMAL
24.704;0.032005428225901224;NORMAL
24.708000000000002;-0.0006008280833333742;NORMAL
24.712;-0.03576940800331827;NORMAL
24.716;0.016125240572447175;NORMAL
24.72;-0.005053842117690279;NORMAL
24.724;-0.044291965925287835;NORMAL
24.728;-0.04835688589735278;NORMAL
24.732;-0.0156826263791502;NORMAL
24.736;-0.0015356133199442249;NORMAL
24.740000000000002;-0.015501730891282456;NORMAL
24.744;-0.029550678944382864;NORMAL
24.748;0.06736460428928612;NORMAL
24.752;0.034273585837320826;NORMAL
24.756;-0.015520719450756277;NORMAL
24.76;-0.005242259838286459;NORMAL
24.764;-0.012339104903669308;NORMAL
24.768;0.04282245060231656;NORMAL
24.772000000000002;-0.12504076387357524;NORMAL
24.776;0.03632873176832954;NORMAL
24.78;0.08189123885227897;NORMAL
24.784;0.06069972692351808;NORMAL
24.788;-0.0568503977184143;NORMAL
24.792;-0.08411922707977108;NORMAL
24.796;0.07415513126922518;NORMAL
24.8;0.017348015463544378;NORMAL
24.804000000000002;-0.007180564848119088;NORMAL
24.808;0.03839017351193652;NORMAL
24.812;0.04215923324870135;NORMAL
24.816;0.08459997096987273;NORMAL
24.82;0.06642086409199338;NORMAL
24.824;0.02024659969776873;NORMAL
24.828;-0.018877049144732164;NORMAL
24.832;0.06209529432941137;NORMAL
24.836000000000002;-0.07521378248129053;NORMAL
24.84;-0.04983224336029089;NORMAL
24.844;0.10827903151335933;NORMAL
24.848;-0.07110870450007166;NORMAL
24.852;0.0006717797517684829;NORMAL
24.856;0.016990750151887026;NORMAL
24.86;0.014538499900288904;NORMAL
24.864;0.011660008817756563;NORMAL
24.868000000000002;-0.029951840539605513;NORMAL
24.872;-0.06267077923246663;NORMAL
24.876;-0.0564161497180397;NORMAL
24.88;-0.01597305810201508;NORMAL
24.884;0.030928187947236015;NORMAL
24.888;-0.029773574177071622;NORMAL
24.892;-0.01747762021202191;NORMAL
24.896;-0.06290648428875292;NORMAL
24.900000000000002;-0.01617997632472437;NORMAL
24.904;0.0035207250981880395;NORMAL
24.908;-0.05079318252295272;NORMAL
24.912;0.05497269991773505;NORMAL
24.916;-0.021646657248509536;NORMAL
24.92;-0.10875892857467334;NORMAL
24.924;0.04055190779332666;NORMAL
24.928;-0.04071690393141405;NORMAL
24.932000000000002;0.030219488549083007;NORMAL
24.936;0.05351213452315409;NORMAL
24.94;0.07821030676337726;NORMAL
24.944;0.10177719723451528;NORMAL
24.948;0.00764171137063161;NORMAL
24.952;-0.04006778646271404;NORMAL
24.956;-0.04721236846148812;NORMAL
24.96;-0.021047233282463475;NORMAL
24.964000000000002;0.12492807836239035;NORMAL
24.968;-0.009636679349750939;NORMAL
24.972;-0.031073755156242933;NORMAL
24.976;0.06969350708770965;NORMAL
24.98;0.038422943825682586;NORMAL
24.984;0.006231306988414215;NORMAL
24.988;0.0016223526880861238;NORMAL
24.992;0.0423310547497762;NORMAL
24.996000000000002;-0.017743651313290497;NORMAL
25.0;0.023636154650139147;NORMAL
25.004;0.020223657168121887;NORMAL
25.008;-0.048710412704740566;NORMAL
25.012;-0.011784216817236227;NORMAL
25.016000000000002;0.016046068223726177;NORMAL
25.02;0.013438013421981995;NORMAL
25.024;5.811960442878098e-05;NORMAL
25.028000000000002;0.04882894193797149;NORMAL
25.032;-0.14556114937691786;NORMAL
25.036;-0.006492661286680552;NORMAL
25.04;-0.04333903721817947;NORMAL
25.044;-0.045809964952568005;NORMAL
25.048000000000002;0.040261428080857954;NORMAL
25.052;0.07022169816537645;NORMAL
25.056;0.005920557345074814;NORMAL
25.060000000000002;0.001438157734180928;NORMAL
25.064;0.0900188580294405;NORMAL
25.068;0.01576493444399764;NORMAL
25.072;0.01298233259710002;NORMAL
25.076;0.030361894949494875;NORMAL
25.080000000000002;0.09174393486004216;NORMAL
25.084;0.09644745175711011;NORMAL
25.088;-0.03879013417010706;NORMAL
25.092;0.05342148452562613;NORMAL
25.096;-0.0366080124954823;NORMAL
25.1;0.03167862692771912;NORMAL
25.104;-0.023023035574984405;NORMAL
25.108;-0.01843046501605037;NORMAL
25.112000000000002;-0.06844339230758723;NORMAL
25.116;-0.005994744090911394;NORMAL
25.12;-0.007439822089964343;NORMAL
25.124;-0.06320760029744586;NORMAL
25.128;-0.02013682389380563;NORMAL
25.132;0.014201992161843105;NORMAL
25.136;-0.12557602969235757;NORMAL
25.14;0.16190063162724205;NORMAL
25.144000000000002;0.041965911247699494;NORMAL
25.148;0.03915872883202996;NORMAL
25.152;-0.10971751586453618;NORMAL
25.156;0.04701391757978411;NORMAL
25.16;0.06793915400760203;NORMAL
25.164;0.032295236471062506;NORMAL
25.168;0.03901287899634311;NORMAL
25.172;-0.007343986495036741;NORMAL
25.176000000000002;-0.05111746769525622;NORMAL
25.18;-0.08836804131314407;NORMAL
25.184;-0.06095659999283301;NORMAL
25.188;0.0021265758751635305;NORMAL
25.192;-0.1426162905453383;NORMAL
25.196;-0.176375976528279;NORMAL
25.2;-0.25851688593071415;NORMAL
25.204;-0.1549674827768725;NORMAL
25.208000000000002;-0.3721657748186432;NORMAL
25.212;-0.4505043636985683;NORMAL
25.216;-0.4172326758709678;NORMAL
25.22;-0.6169976628492599;NORMAL
25.224;-0.6285823598822323;NORMAL
25.228;-0.872630715968694;NORMAL
25.232;-1.0464832864960512;NORMAL
25.236;-1.0682457391778424;NORMAL
25.240000000000002;-1.251416970292655;NORMAL
25.244;-1.3108613862013134;NORMAL
25.248;-1.4551304874989939;NORMAL
25.252;-1.4043503616412059;NORMAL
25.256;-1.5254312318632315;NORMAL
25.26;-1.5052962109669057;PVC
25.264;-1.481846003959048;NORMAL
25.268;-1.4644251860957134;NORMAL
25.272000000000002;-1.429981438295458;NORMAL
25.276;-1.2846050386508243;NORMAL
25.28;-1.1422703415458457;NORMAL
25.284;-1.1445651611408287;NORMAL
25.288;-0.9646743588867978;NORMAL
25.292;-0.7836419932200948;NORMAL
25.296;-0.7246963742206833;NORMAL
25.3;-0.6552824254652273;NORMAL
25.304000000000002;-0.4799528250417868;NORMAL
25.308;-0.4654961151870539;NORMAL
25.312;-0.3412162892798125;NORMAL
25.316;-0.201425996630516;NORMAL
25.32;-0.18374774254496246;NORMAL
25.324;-0.09312834057611764;NORMAL
25.328;-0.0789179362347182;NORMAL
25.332;-0.1601541212075217;NORMAL
25.336000000000002;-0.05350359966137484;NORMAL
25.34;-0.05083293340005474;NORMAL
25.344;-0.009417644949705591;NORMAL
25.348;-0.020823734085895735;NORMAL
25.352;-0.030630720920848127;NORMAL
25.356;-0.018082828448547278;NORMAL
25.36;0.02048539636988403;NORMAL
25.364;0.006867546565147747;NORMAL
25.368000000000002;0.08166486793312555;NORMAL
25.372;-0.059958156112799775;NORMAL
25.376;-0.11835271011550577;NORMAL
25.38;0.019583753643403125;NORMAL
25.384;-0.123989693949264;NORMAL
25.388;0.017118965005723397;NORMAL
25.392;-0.11219283966099698;NORMAL
25.396;0.005153207872904234;NORMAL
25.400000000000002;-0.009201974138034629;NORMAL
25.404;0.059391634468118834;NORMAL
25.408;0.048509387361911266;NORMAL
25.412;0.07024423005828503;NORMAL
25.416;0.021362664120545754;NORMAL
25.42;0.005659971622067442;NORMAL
25.424;0.0157615921366818;NORMAL
25.428;0.03956208636794525;NORMAL
25.432000000000002;0.023539448405527165;NORMAL
25.436;-0.02497312483562502;NORMAL
25.44;-0.035548756224136134;NORMAL
25.444;0.08116938300114053;NORMAL
25.448;0.02908943616835561;NORMAL
25.452;0.058437028991018464;NORMAL
25.456;0.010254102810936005;NORMAL
25.46;0.06639963579746805;NORMAL
25.464000000000002;-0.021171356864152703;NORMAL
25.468;0.05066176858079887;NORMAL
25.472;-0.013983462391877846;NORMAL
25.476;-0.01990220157404962;NORMAL
25.48;-0.0755972179652003;NORMAL
25.484;0.02485846285906389;NORMAL
25.488;0.06460803509592628;NORMAL
25.492;0.037780123502586305;NORMAL
25.496000000000002;0.03508024334364576;NORMAL
25.5;-0.05155336203186141;NORMAL
25.504;-0.015802284131755297;NORMAL
25.508;-0.07976251761019142;NORMAL
25.512;-0.021620386947271617;NORMAL
25.516000000000002;0.013695182547425733;NORMAL
25.52;0.036644734071753296;NORMAL
25.524;0.059787813499126936;NORMAL
25.528000000000002;0.06735363747872156;NORMAL
25.532;-0.0978343754966697;NORMAL
25.536;-0.01943985109506589;NORMAL
25.54;-0.10929873399747861;NORMAL
25.544;-0.04082737777346407;NORMAL
25.548000000000002;-0.029391396203154858;NORMAL
25.552;-0.02592555772929364;NORMAL
25.556;-0.03802813491383146;NORMAL
25.560000000000002;-0.01318723546928538;NORMAL
25.564;-0.06999831495892432;NORMAL
25.568;0.04814612754559641;NORMAL
25.572;-0.05592255457369987;NORMAL
25.576;0.011246697275091198;NORMAL
25.580000000000002;0.04971838854825654;NORMAL
25.584;-0.055959499555907705;NORMAL
25.588;0.06239736265941712;NORMAL
25.592000000000002;-0.041878506095658324;NORMAL
25.596;-0.14058875562713188;NORMAL
25.6;-0.07071190929168052;NORMAL
25.604;-0.04049361720624722;NORMAL
25.608;-0.03814238433075929;NORMAL
25.612000000000002;0.05394850832406492;NORMAL
25.616;-0.09600492266061217;NORMAL
25.62;-0.039677675064606635;NORMAL
25.624;0.03470134644196575;NORMAL
25.628;0.028208024892989587;NORMAL
25.632;-0.016816563192664318;NORMAL
25.636;0.01603168059131299;NORMAL
25.64;0.08854712722280231;NORMAL
25.644000000000002;-0.030248055085966147;NORMAL
25.648;0.013133123157867958;NORMAL
25.652;0.06761561729677784;NORMAL
25.656;-0.033816605110952906;NORMAL
25.66;-0.04258972830630918;NORMAL
25.664;0.04201622445571705;NORMAL
25.668;0.12737982389531294;NORMAL
25.672;0.06143184533638112;NORMAL
25.676000000000002;-0.09459993886558467;NORMAL
25.68;-0.02353265514796886;NORMAL
25.684;-0.02605233784834465;NORMAL
25.688;0.007466200604787298;NORMAL
25.692;-0.0002604133379732893;NORMAL
25.696;0.04744436246010164;NORMAL
25.7;-0.016963718091337208;NORMAL
25.704;0.027187890439233312;NORMAL
25.708000000000002;0.02440983054423629;NORMAL
25.712;0.015707992145014588;NORMAL
25.716;-0.054660960556240916;NORMAL
25.72;0.015178086290369064;NORMAL
25.724;0.045984880073466;NORMAL
25.728;-0.027463616689712866;NORMAL
25.732;-0.03248377899921124;NORMAL
25.736;0.029917520848146972;NORMAL
25.740000000000002;0.011173018662249111;NORMAL
25.744;-0.04559019859329909;NORMAL
25.748;-0.10223653714649221;NORMAL
25.752;-0.08441807617493914;NORMAL
25.756;-0.03272253898158467;NORMAL
25.76;-0.10076629230467102;NORMAL
25.764;-0.0002928351030407994;NORMAL
25.768;0.01893637639911234;NORMAL
25.772000000000002;-0.0028024034345609534;NORMAL
25.776;-0.004298738249216422;NORMAL
25.78;-0.004981399293106579;NORMAL
25.784;-0.05149408182601256;NORMAL
25.788;-0.03714321343729312;NORMAL
25.792;0.01691334060826812;NORMAL
25.796;0.06871390381545958;NORMAL
25.8;-0.005879615766364619;NORMAL
25.804000000000002;-0.020756259653158606;NORMAL
25.808;-0.022285502398716024;NORMAL
25.812;0.06561854546101628;NORMAL
25.816;-0.09076611689954671;NORMAL
25.82;-0.03965857957850851;NORMAL
25.824;-0.040968499988902646;NORMAL
25.828;0.13592623943405407;NORMAL
25.832;-0.004190644063371482;NORMAL
25.836000000000002;0.04743025143088795;NORMAL
25.84;0.09331556485655029;NORMAL
25.844;0.16337498516885363;NORMAL
25.848;0.17452697141943646;NORMAL
25.852;0.21038083016339396;NORMAL
25.856;0.37641172187694516;NORMAL
25.86;0.45126093807488066;NORMAL
25.864;0.5536225228524441;NORMAL
25.868000000000002;0.7429346985384795;NORMAL
25.872;0.8146586353132782;NORMAL
25.876;0.9321499457750909;NORMAL
25.88;0.9383126726876709;NORMAL
25.884;0.9987635299701764;BEAT
25.888;1.010013469364909;NORMAL
25.892;0.8369045742998096;NORMAL
25.896;0.7434185442484882;NORMAL
25.900000000000002;0.6766877987306799;NORMAL
25.904;0.6307128788369866;NORMAL
25.908;0.49250174943821845;NORMAL
25.912;0.3388955628727385;NORMAL
25.916;0.3108425509698818;NORMAL
25.92;0.19095670095864364;NORMAL
25.924;0.14909520144457944;NORMAL
25.928;0.13624667148063582;NORMAL
25.932000000000002;0.1050430373593137;NORMAL
25.936;-0.045747661062135764;NORMAL
25.94;-0.011675820558138553;NORMAL
25.944;-0.012126227692300786;NORMAL
25.948;-0.040177010739541476;NORMAL
25.952;0.031956248370430804;NORMAL
25.956;-0.055330702489221804;NORMAL
25.96;0.004513336958254773;NORMAL
25.964000000000002;0.05257805904017314;NORMAL
25.968;-0.033106952605369194;NORMAL
25.972;0.051129359041883024;NORMAL
25.976;0.04972662414909583;NORMAL
25.98;-0.017675075794146983;NORMAL
25.984;-0.028585636126042712;NORMAL
25.988;-0.03611987067565781;NORMAL
25.992;-0.0431079503068949;NORMAL
25.996000000000002;0.006516415328049302;NORMAL
26.0;-0.014307694826441626;NORMAL
26.004;-0.03199935778150522;NORMAL
26.008;0.018487098619804174;NORMAL
26.012;-0.014270614388242796;NORMAL
26.016000000000002;-0.023953475508462246;NORMAL
26.02;0.02859766875119558;NORMAL
26.024;-0.0012982260111296612;NORMAL
26.028000000000002;0.004986550789275029;NORMAL
26.032;-0.012676741470647596;NORMAL
26.036;-0.027864579871209123;NORMAL
26.04;0.08069048320763414;NORMAL
26.044;0.047180557217201706;NORMAL
26.048000000000002;-0.016711492011650123;NORMAL
26.052;-0.11041395217283108;NORMAL
26.056;0.047680209794719486;NORMAL
26.060000000000002;-0.06093511792326515;NORMAL
26.064;-0.07993823534242306;NORMAL
26.068;0.09159162731349227;NORMAL
26.072;-0.04202186081909967;NORMAL
26.076;-0.04083241493877135;NORMAL
26.080000000000002;-0.07464700284693222;NORMAL
26.084;0.033692755947378854;NORMAL
26.088;0.052028676009501174;NORMAL
26.092000000000002;-0.006549749520029949;NORMAL
26.096;0.12351179594698783;NORMAL
26.1;0.04949489241307993;NORMAL
26.104;0.026200457056730655;NORMAL
26.108;-0.03774565078186112;NORMAL
26.112000000000002;-0.07994708010290724;NORMAL
26.116;0.01896932152234726;NORMAL
26.12;0.031077910853411814;NORMAL
26.124;0.05637076557144438;NORMAL
26.128;0.020869969992861;NORMAL
26.132;0.007821862032238936;NORMAL
26.136;0.02074714399463763;NORMAL
26.14;-0.05916641945279521;NORMAL
26.144000000000002;0.014337783040365138;NORMAL
26.148;0.019838364883073584;NORMAL
26.152;0.06297476775400268;NORMAL
26.156;0.005721858244923455;NORMAL
26.16;0.02629889268797423;NORMAL
26.164;-0.033731513777038286;NORMAL
26.168;-0.04941492510564078;NORMAL
26.172;-0.022299965252371507;NORMAL
26.176000000000002;0.0041163645241706695;NORMAL
26.18;0.05533003457542596;NORMAL
26.184;0.038649803764679996;NORMAL
26.188;0.035582708238527265;NORMAL
26.192;-0.022314340181687504;NORMAL
26.196;0.04587563141189362;NORMAL
26.2;-0.06467715084250987;NORMAL
26.204;0.01613698104616603;NORMAL
26.208000000000002;-0.052728653093627786;NORMAL
26.212;0.0011003901488013475;NORMAL
26.216;-0.05220476705238798;NORMAL
26.22;-0.029911682761735003;NORMAL
26.224;-0.03349581229297777;NORMAL
26.228;0.0046564127824054;NORMAL
26.232;-0.05718328249099563;NORMAL
26.236;-0.012308956867132247;NORMAL
26.240000000000002;0.009590484984518543;NORMAL
26.244;-0.009889721636740234;NORMAL
26.248;-0.06096730849873434;NORMAL
26.252;-0.03689081386081035;NORMAL
26.256;0.02977704736167526;NORMAL
26.26;0.02602002052911433;NORMAL
26.264;-0.06840054919264275;NORMAL
26.268;0.038935171752053896;NORMAL
26.272000000000002;0.0333024095156577;NORMAL
26.276;0.021012243207588738;NORMAL
26.28;0.06782369574907193;NORMAL
26.284;0.0465956806786486;NORMAL
26.288;0.05261728122888262;NORMAL
26.292;-0.06730985022399136;NORMAL
26.296;-0.029552032037650274;NORMAL
26.3;-0.051127175989341425;NORMAL
26.304000000000002;-0.07449309638196366;NORMAL
26.308;0.044810344579173184;NORMAL
26.312;0.017690489825541614;NORMAL
26.316;0.004335522948026252;NORMAL
26.32;-0.04574783029700116;NORMAL
26.324;0.044860843943122786;NORMAL
26.328;-0.041338865239168396;NORMAL
26.332;0.03280629776738019;NORMAL
26.336000000000002;0.08257270801789439;NORMAL
26.34;0.002055373179694822;NORMAL
26.344;-0.030098097817960162;NORMAL
26.348;-0.054550542776989064;NORMAL
26.352;0.04183012247449085;NORMAL
26.356;0.04178854724200031;NORMAL
26.36;-0.02921554452656235;NORMAL
26.364;0.11477933392200852;NORMAL
26.368000000000002;0.001565692023981364;NORMAL
26.372;-0.10384094534843297;NORMAL
26.376;0.01750091477511693;NORMAL
26.38;0.06526211983197731;NORMAL
26.384;-0.007993848663741147;NORMAL
26.388;0.059592589727361346;NORMAL
26.392;0.05491468936486935;NORMAL
26.396;0.06863030120794067;NORMAL
26.400000000000002;0.003957846640216802;NORMAL
26.404;0.035589286397715664;NORMAL
26.408;0.014170916024001952;NORMAL
26.412;-0.024779751999632713;NORMAL
26.416;-0.04577075545232215;NORMAL
26.42;0.009411801407783194;NORMAL
26.424;-0.007309671484941853;NORMAL
26.428;-0.040099436105890146;NORMAL
26.432000000000002;-0.025818407213052178;NORMAL
26.436;-0.056383276896466605;NORMAL
26.44;0.026601515545738506;NORMAL
26.444;0.07069501007120191;NORMAL
26.448;0.06183661706991198;NORMAL
26.452;-0.014516434039065917;NORMAL
26.456;-0.006830778331884392;NORMAL
26.46;0.00415354437892203;NORMAL
26.464000000000002;-0.013783292176452624;NORMAL
26.468;-0.018644364235550687;NORMAL
26.472;-0.10110024989659448;NORMAL
26.476;-0.015827744871810736;NORMAL
26.48;0.018476212151352072;NORMAL
26.484;0.006118437807235721;NORMAL
26.488;-0.002307393422395429;NORMAL
26.492;-0.04702297905074594;NORMAL
26.496000000000002;-0.09153664449931309;NORMAL
26.5;-0.05696574494246542;NORMAL
26.504;-0.01355194332329004;NORMAL
26.508;0.013343110086584422;NORMAL
26.512;0.0580087258201701;NORMAL
26.516000000000002;0.06304205475697211;NORMAL
26.52;-0.03995847750433956;NORMAL
26.524;-0.01940156187735798;NORMAL
26.528000000000002;-0.02003036414924651;NORMAL
26.532;0.04741086200623569;NORMAL
26.536;-0.02525546829436411;NORMAL
26.54;0.007897654681524495;NORMAL
26.544;0.005794626040473091;NORMAL
26.548000000000002;0.06481960340862745;NORMAL
26.552;0.023438698004460235;NORMAL
26.556;-0.04711312335467959;NORMAL
26.560000000000002;0.03442865643065728;NORMAL
26.564;-0.002892543470236951;NORMAL
26.568;0.06956878261815932;NORMAL
26.572;0.1677710440653078;NORMAL
26.576;0.1988572012945704;NORMAL
26.580000000000002;0.26517374877876904;NORMAL
26.584;0.3455977904830634;NORMAL
26.588;0.46736438040729705;NORMAL
26.592000000000002;0.6110862363478444;NORMAL
26.596;0.7086422141472706;NORMAL
26.6;0.8117834163926373;NORMAL
26.604;1.0251868976767509;NORMAL
26.608;0.9404633381721537;NORMAL
26.612000000000002;1.0609027587642919;BEAT
26.616;1.0402132520676974;NORMAL
26.62;0.8745714309600886;NORMAL
26.624000000000002;0.793586326065223;NORMAL
26.628;0.6727953302046097;NORMAL
26.632;0.5780179687470874;NORMAL
26.636;0.4752291634566693;NORMAL
26.64;0.37984750635327946;NORMAL
26.644000000000002;0.29689321346004127;NORMAL
26.648;0.2386408111964323;NORMAL
26.652;0.18774178814852036;NORMAL
26.656;0.1972820264674835;NORMAL
26.66;-0.0124659326888657;NORMAL
26.664;0.05959864214147704;NORMAL
26.668;0.034560339260007344;NORMAL
26.672;0.020245792729691903;NORMAL
26.676000000000002;0.04150335731739138;NORMAL
26.68;0.016926239712119286;NORMAL
26.684;0.028473604074962015;NORMAL
26.688;-0.05341314506655924;NORMAL
26.692;0.005103744391952511;NORMAL
26.696;-0.06798732193951243;NORMAL
26.7;0.02604648062505;NORMAL
26.704;0.06997896321535353;NORMAL
26.708000000000002;-0.019545527470278202;NORMAL
26.712;-0.07703592687625413;NORMAL
26.716;0.024497982044462067;NORMAL
26.72;0.029889314252363294;NORMAL
26.724;0.06928303373802626;NORMAL
26.728;-0.039154878084344;NORMAL
26.732;-0.019776044314517446;NORMAL
26.736;0.025810950731748255;NORMAL
26.740000000000002;-0.00592066557467352;NORMAL
26.744;0.07795531743848383;NORMAL
26.748;0.039267200092795496;NORMAL
26.752;0.0663585858859901;NORMAL
26.756;-0.041515103880182806;NORMAL
26.76;0.006660194805399488;NORMAL
26.764;0.04840957603275114;NORMAL
26.768;0.033414704724159486;NORMAL
26.772000000000002;0.06911413600210232;NORMAL
26.776;-0.08678756520957658;NORMAL
26.78;-0.006397909061607146;NORMAL
26.784;0.03960372659951442;NORMAL
26.788;-0.0065312814244838395;NORMAL
26.792;0.03924908750205769;NORMAL
26.796;0.016986829706350664;NORMAL
26.8;0.015162063740369373;NORMAL
26.804000000000002;-0.06380889930075877;NORMAL
26.808;-0.038191437697998765;NORMAL
26.812;-0.0964405945065058;NORMAL
26.816;-0.03431673903792528;NORMAL
26.82;-0.061246440167446285;NORMAL
26.824;0.02862903606834253;NORMAL
26.828;0.01408084787399237;NORMAL
26.832;0.10317407760951341;NORMAL
26.836000000000002;-0.07810106629456567;NORMAL
26.84;0.03613317228266499;NORMAL
26.844;-0.005720688495310652;NORMAL
26.848;0.10719783829184731;NORMAL
26.852;-0.0007680700069943361;NORMAL
26.856;-0.025860535543784237;NORMAL
26.86;-0.015525852925058009;NORMAL
26.864;-0.02955883516356383;NORMAL
26.868000000000002;-0.030833901977604595;NORMAL
26.872;0.11353512455978901;NORMAL
26.876;0.002455201522706063;NORMAL
26.88;0.0019957352321288008;NORMAL
26.884;0.078016994618465;NORMAL
26.888;0.03835166683366439;NORMAL
26.892;-0.04804509094738697;NORMAL
26.896;-0.010935497102554979;NORMAL
26.900000000000002;0.012224179540731706;NORMAL
26.904;-0.012901724667353532;NORMAL
26.908;-0.09644997050792709;NORMAL
26.912;0.025266794689815332;NORMAL
26.916;-0.07624608522897945;NORMAL
26.92;0.03919908568462278;NORMAL
26.924;0.012215232981906073;NORMAL
26.928;0.010432839202040835;NORMAL
26.932000000000002;0.045815932547879364;NORMAL
26.936;0.05525538703945331;NORMAL
26.94;-0.027325539890619928;NORMAL
26.944;0.11485580670120295;NORMAL
26.948;0.057826419191054905;NORMAL
26.952;-0.07666479969239656;NORMAL
26.956;-0.0019429107873375926;NORMAL
26.96;-0.03654623316170973;NORMAL
26.964000000000002;-0.041061302253018434;NORMAL
26.968;0.026479590492244538;NORMAL
26.972;-0.032826163769738015;NORMAL
26.976;-0.03487741573723493;NORMAL
26.98;-0.018056507437032757;NORMAL
26.984;0.01850218864517539;NORMAL
26.988;0.022432958056028372;NORMAL
26.992;0.030562526253172295;NORMAL
26.996000000000002;0.08810344455513933;NORMAL
27.0;-0.04418582402249966;NORMAL
27.004;-0.013453761208464095;NORMAL
27.008;0.1275462181253419;NORMAL
27.012;0.005400383644997409;NORMAL
27.016000000000002;-0.05460054995342487;NORMAL
27.02;0.012862094300593378;NORMAL
27.024;0.024162886949429044;NORMAL
27.028000000000002;-0.003678534968697066;NORMAL
27.032;0.016827758820733434;NORMAL
27.036;0.016119255765573555;NORMAL
27.04;-0.00021724697365533598;NORMAL
27.044;-0.020942143412112292;NORMAL
27.048000000000002;-0.06705523698768397;NORMAL
27.052;-0.04121120189901146;NORMAL
27.056;0.029363530001248195;NORMAL
27.060000000000002;0.001616644107768778;NORMAL
27.064;-0.059902846225217826;NORMAL
27.068;0.04148658674335347;NORMAL
27.072;-0.03517230475718448;NORMAL
27.076;-0.032752892106153335;NORMAL
27.080000000000002;0.053535235518232305;NORMAL
27.084;-0.050608915202486;NORMAL
27.088;-0.05146332918151419;NORMAL
27.092000000000002;0.08124866109512681;NORMAL
27.096;0.015904865926933683;NORMAL
27.1;0.08606836015787828;NORMAL
27.104;-0.028236074538239786;NORMAL
27.108;0.01607676938087946;NORMAL
27.112000000000002;0.01929538540963293;NORMAL
27.116;0.042415360685108934;NORMAL
27.12;-0.011567201160520754;NORMAL
27.124000000000002;0.06766886333840307;NORMAL
27.128;0.020065470761613188;NORMAL
27.132;0.04395362822505386;NORMAL
27.136;0.020151622031023938;NORMAL
27.14;-0.12431736418279611;NORMAL
27.144000000000002;-0.01196160898008944;NORMAL
27.148;0.005092667111676611;NORMAL
27.152;0.011081895155624175;NORMAL
27.156;0.03613537666996355;NORMAL
27.16;-0.0380254269775392;NORMAL
27.164;-0.08377830581765226;NORMAL
27.168;0.06995595321767824;NORMAL
27.172;-0.09494942064791122;NORMAL
27.176000000000002;0.06861247809571853;NORMAL
27.18;0.018035170139112513;NORMAL
27.184;0.064235349444532;NORMAL
27.188;-0.022775070894032065;NORMAL
27.192;0.027594749267754178;NORMAL
27.196;0.10685116552524153;NORMAL
27.2;0.0706367343122216;NORMAL
27.204;0.038657561790444564;NORMAL
27.208000000000002;0.06680316327812381;NORMAL
27.212;-0.05732420530857757;NORMAL
27.216;0.024154697968554274;NORMAL
27.22;0.0007098294049618517;NORMAL
27.224;0.009821439130267055;NORMAL
27.228;-0.012221564902968312;NORMAL
27.232;0.013481564719917431;NORMAL
27.236;-0.024760430375631713;NORMAL
27.240000000000002;0.015931647776952673;NORMAL
27.244;-0.021275047040931166;NORMAL
27.248;-0.005080081751892832;NORMAL
27.252;-0.0698762583301853;NORMAL
27.256;-0.024945577949701408;NORMAL
27.26;-0.016846704775853573;NORMAL
27.264;0.01785500343379318;NORMAL
27.268;0.033327957662701475;NORMAL
27.272000000000002;-0.0627934053520058;NORMAL
27.276;-0.04997706281116293;NORMAL
27.28;0.051694827467630884;NORMAL
27.284;0.01600225905949903;NORMAL
27.288;-0.022279086418624448;NORMAL
27.292;0.013599540726669579;NORMAL
27.296;-0.011410595626856673;NORMAL
27.3;0.022042502461928227;NORMAL
27.304000000000002;0.07792952194257309;NORMAL
27.308;0.056635971035268524;NORMAL
27.312;0.11062879946120928;NORMAL
27.316;0.05124937486919336;NORMAL
27.32;0.01677381920631773;NORMAL
27.324;0.031127503709263087;NORMAL
27.328;0.012261451203079806;NORMAL
27.332;0.1694456951121619;NORMAL
27.336000000000002;0.12148678245342082;NORMAL
27.34;0.19133534552939394;NORMAL
27.344;0.15927187590266612;NORMAL
27.348;0.24320524426474274;NORMAL
27.352;0.35758912322514413;NORMAL
27.356;0.4809150736142908;NORMAL
27.36;0.6580618609997018;NORMAL
27.364;0.7988835607206419;NORMAL
27.368000000000002;0.8188386294557712;NORMAL
27.372;0.9651711288135232;NORMAL
27.376;0.9304875311113372;NORMAL
27.38;1.044214802851264;BEAT
27.384;0.9785104992785153;NORMAL
27.388;0.8601489241343884;NORMAL
27.392;0.9618276413449793;NORMAL
27.396;0.7545706907486336;NORMAL
27.400000000000002;0.6439878041573862;NORMAL
27.404;0.4493242178283311;NORMAL
27.408;0.4219943772158384;NORMAL
27.412;0.2598964517867693;NORMAL
27.416;0.30037524903565826;NORMAL
27.42;0.12226741913011117;NORMAL
27.424;0.06526980117147463;NORMAL
27.428;0.08691186441145049;NORMAL
27.432000000000002;0.06741240195384772;NORMAL
27.436;0.024349681000661684;NORMAL
27.44;-0.041104023482785065;NORMAL
27.444;0.00022730326135685965;NORMAL
27.448;0.0293473553438157;NORMAL
27.452;0.03472723647815948;NORMAL
27.456;-0.13517771893477787;NORMAL
27.46;0.0032881003311523776;NORMAL
27.464000000000002;0.008929868313104806;NORMAL
27.468;0.02204033168997159;NORMAL
27.472;-0.014530766311647507;NORMAL
27.476;-0.03970076951652478;NORMAL
27.48;-0.0016821334802605335;NORMAL
27.484;0.058518212174312294;NORMAL
27.488;0.03520041802217596;NORMAL
27.492;-0.0528486982173949;NORMAL
27.496000000000002;0.024405288142462383;NORMAL
27.5;-0.09659366728924272;NORMAL
27.504;-0.03851915993929062;NORMAL
27.508;-0.035903219001664245;NORMAL
27.512;0.0019590319156308337;NORMAL
27.516000000000002;0.06694597586094883;NORMAL
27.52;-0.04412646691182942;NORMAL
27.524;0.065316452749812;NORMAL
27.528000000000002;-0.03034788735879259;NORMAL
27.532;0.03745006734813755;NORMAL
27.536;-0.010155456207201109;NORMAL
27.54;-0.024092965501162123;NORMAL
27.544;0.01192186559117646;NORMAL
27.548000000000002;-0.06565954326073219;NORMAL
27.552;-0.06538813303551023;NORMAL
27.556;0.005642414811193876;NORMAL
27.560000000000002;0.00522539533972827;NORMAL
27.564;0.07127563356360743;NORMAL
27.568;-0.04204959030963779;NORMAL
27.572;-0.004124432398242194;NORMAL
27.576;-0.01651187089557524;NORMAL
27.580000000000002;0.018631774681815073;NORMAL
27.584;-0.02567620696686922;NORMAL
27.588;0.10702956053330365;NORMAL
27.592000000000002;0.0760649965570643;NORMAL
27.596;0.09973750019222516;NORMAL
27.6;-0.0998132110931903;NORMAL
27.604;0.01851199086569702;NORMAL
27.608;0.0032180406382890203;NORMAL
27.612000000000002;-0.01840953424787521;NORMAL
27.616;0.11089411434054385;NORMAL
27.62;-0.006533424312942667;NORMAL
27.624000000000002;0.06406457226820579;NORMAL
27.628;0.0488285083488165;NORMAL
27.632;0.013255334182311954;NORMAL
27.636;-0.025180959025627066;NORMAL
27.64;0.0049509041899155354;NORMAL
27.644000000000002;0.05809971139269248;NORMAL
27.648;-0.06693874340913812;NORMAL
27.652;-0.08996830972926972;NORMAL
27.656;-0.024479546470209314;NORMAL
27.66;0.027827431493667766;NORMAL
27.664;-0.023249492316263293;NORMAL
27.668;-0.011339004351917684;NORMAL
27.672;0.06776931918852741;NORMAL
27.676000000000002;0.0746696831453488;NORMAL
27.68;-0.05022752199486481;NORMAL
27.684;0.037867778053438786;NORMAL
27.688;0.062296125595241815;NORMAL
27.692;0.026412355879299854;NORMAL
27.696;-0.053781143332281935;NORMAL
27.7;0.03396018279028691;NORMAL
27.704;-0.0644868546064113;NORMAL
27.708000000000002;0.06515313603083771;NORMAL
27.712;0.0049712457388683545;NORMAL
27.716;0.0229415205025152;NORMAL
27.72;0.02889224638111181;NORMAL
27.724;-0.10474776763077483;NORMAL
27.728;0.03940682414477565;NORMAL
27.732;0.025492586491658822;NORMAL
27.736;0.049856038363471;NORMAL
27.740000000000002;-0.05257039811037953;NORMAL
27.744;0.048170508365831276;NORMAL
27.748;0.00798281257336749;NORMAL
27.752;0.058963603470536086;NORMAL
27.756;-0.036076618108121815;NORMAL
27.76;-0.07927829116382634;NORMAL
27.764;0.10098553355248521;NORMAL
27.768;0.035202932536711466;NORMAL
27.772000000000002;0.05776840930996159;NORMAL
27.776;0.01593375426870939;NORMAL
27.78;-0.015764043808140966;NORMAL
27.784;0.03267753527459049;NORMAL
27.788;0.05554616505025006;NORMAL
27.792;-0.020005158193959035;NORMAL
27.796;0.007206854482517374;NORMAL
27.8;-0.012895621355094434;NORMAL
27.804000000000002;0.07420011399443664;NORMAL
27.808;-0.05196231925151821;NORMAL
27.812;-0.061267685513546735;NORMAL
27.816;0.0645436163985691;NORMAL
27.82;-0.09889244003764962;NORMAL
27.824;0.006103491332077623;NORMAL
27.828;0.028641302769569145;NORMAL
27.832;0.076529751596569;NORMAL
27.836000000000002;-0.04003055915359906;NORMAL
27.84;-0.04287676960414721;NORMAL
27.844;-0.049174315387951174;NORMAL
27.848;-0.12011043098066071;NORMAL
27.852;-0.01579216156784583;NORMAL
27.856;0.07213838928103422;NORMAL
27.86;-0.022811612997071018;NORMAL
27.864;0.06843846191087127;NORMAL
27.868000000000002;0.02259562636536811;NORMAL
27.872;0.012242353955284741;NORMAL
27.876;0.09881914019676744;NORMAL
27.88;0.051730215179349;NORMAL
27.884;0.020336912550927396;NORMAL
27.888;0.01973774750338808;NORMAL
27.892;0.020608287399494586;NORMAL
27.896;-0.017161670999507668;NORMAL
27.900000000000002;-0.07233413914731884;NORMAL
27.904;0.04858021766207874;NORMAL
27.908;0.0018682230419236675;NORMAL
27.912;-0.011619176748524845;NORMAL
27.916;0.030515031208496662;NORMAL
27.92;0.04869712407117812;NORMAL
27.924;0.09487551038154425;NORMAL
27.928;-0.016855967809723805;NORMAL
27.932000000000002;0.03603532660254147;NORMAL
27.936;-0.013000089300799066;NORMAL
27.94;-0.001560067751435253;NORMAL
27.944;-0.07503108616370305;NORMAL
27.948;0.03001544651531815;NORMAL
27.952;-0.045278410662154975;NORMAL
27.956;0.05324110241806432;NORMAL
27.96;0.041899134760456154;NORMAL
27.964000000000002;-0.015260693683271816;NORMAL
27.968;0.028885167384505504;NORMAL
27.972;0.0032086122887240503;NORMAL
27.976;-0.006063768298233796;NORMAL
27.98;0.028636673260150628;NORMAL
27.984;0.0004661200502613575;NORMAL
27.988;-0.08105111609500656;NORMAL
27.992;-0.018446967549992737;NORMAL
27.996000000000002;0.04599604138230154;NORMAL
28.0;-0.05727404333024876;NORMAL
28.004;-0.03977841921154941;NORMAL
28.008;-0.035885808093494474;NORMAL
28.012;-0.08636572924513816;NORMAL
28.016000000000002;-0.012940572731356414;NORMAL
28.02;-0.0237442268371534;NORMAL
28.024;-0.0473800918403397;NORMAL
28.028000000000002;-0.19670781858417152;NORMAL
28.032;-0.018103654982357054;NORMAL
28.036;0.04128665112107397;NORMAL
28.04;0.10727355597124327;NORMAL
28.044;0.051971433767625516;NORMAL
28.048000000000002;0.004146505366018425;NORMAL
28.052;0.0700723662316313;NORMAL
28.056;0.05804709318007632;NORMAL
28.060000000000002;0.002235161736538734;NORMAL
28.064;0.07392430250146195;NORMAL
28.068;0.04250418886365314;NORMAL
28.072;-0.006806558558141825;NORMAL
28.076;-0.007806081132454897;NORMAL
28.080000000000002;-0.018743464541675105;NORMAL
28.084;0.03932201558326685;NORMAL
28.088;0.12434299983428132;NORMAL
28.092000000000002;-0.03858756183520469;NORMAL
28.096;0.05591142552016861;NORMAL
28.1;0.13871585032281283;NORMAL
28.104;0.13222439979631592;NORMAL
28.108;0.14011843131784607;NORMAL
28.112000000000002;0.2107672854859498;NORMAL
28.116;0.3400083259686034;NORMAL
28.12;0.5130993686833487;NORMAL
28.124000000000002;0.5906731020333869;NORMAL
28.128;0.7111985298164647;NORMAL
28.132;0.8305458838701704;NORMAL
28.136;0.9069225393972407;NORMAL
28.14;0.9958308395302654;NORMAL
28.144000000000002;1.0073279934675943;BEAT
28.148;1.0101833397320148;NORMAL
28.152;0.8689659610956838;NORMAL
28.156000000000002;0.8536409641412138;NORMAL
28.16;0.723625372587867;NORMAL
28.164;0.6540144864184153;NORMAL
28.168;0.5714717077956393;NORMAL
28.172;0.47387267411067546;NORMAL
28.176000000000002;0.27241357568068497;NORMAL
28.18;0.16400148684902632;NORMAL
28.184;0.18497547564303418;NORMAL
28.188;0.08970124255795857;NORMAL
28.192;0.09421221625592259;NORMAL
28.196;-0.02250068437030084;NORMAL
28.2;-0.0002547855960068103;NORMAL
28.204;-0.03689748793988872;NORMAL
28.208000000000002;0.0042534659395866165;NORMAL
28.212;0.0028891587134982247;NORMAL
28.216;0.10955517238000993;NORMAL
28.22;0.0009926630004367574;NORMAL
28.224;-0.03978486355828303;NORMAL
28.228;-0.06494846134893816;NORMAL
28.232;-0.04932535816230983;NORMAL
28.236;0.03250743985197231;NORMAL
28.240000000000002;-0.02346661861740063;NORMAL
28.244;0.012695100705497888;NORMAL
28.248;0.05543610860168314;NORMAL
28.252;0.026838331633158855;NORMAL
28.256;0.04760780597531975;NORMAL
28.26;0.03785319194368194;NORMAL
28.264;-0.08302904968819898;NORMAL
28.268;-0.04378252413209544;NORMAL
28.272000000000002;0.033212440134818805;NORMAL
28.276;0.13179630722790855;NORMAL
28.28;0.0035808267140671;NORMAL
28.284;0.08201296235584545;NORMAL
28.288;-0.05085291309823636;NORMAL
28.292;-0.0029035473109295233;NORMAL
28.296;-0.03693844046573324;NORMAL
28.3;-0.04558662789322832;NORMAL
28.304000000000002;-0.03910575997827383;NORMAL
28.308;-0.06880069004306597;NORMAL
28.312;0.029185230376597614;NORMAL
28.316;-0.04119063406865436;NORMAL
28.32;-0.04413505180905682;NORMAL
28.324;0.026334187232153444;NORMAL
28.328;0.060013306818762206;NORMAL
28.332;0.03633928993493786;NORMAL
28.336000000000002;-0.04632479958034447;NORMAL
28.34;0.0017642543215452844;NORMAL
28.344;0.006919368721638227;NORMAL
28.348;0.028868831426813065;NORMAL
28.352;0.02534130939948795;NORMAL
28.356;-0.052023459455500076;NORMAL
28.36;0.03903065085142757;NORMAL
28.364;0.0485499227836037;NORMAL
28.368000000000002;0.036399858574598244;NORMAL
28.372;-0.0015978068739294221;NORMAL
28.376;0.021239465661821444;NORMAL
28.38;0.09014752069552769;NORMAL
28.384;-0.022779027438246648;NORMAL
28.388;-0.07388979479655124;NORMAL
28.392;0.07781750068523952;NORMAL
28.396;-0.03838440165081322;NORMAL
28.400000000000002;0.05512971808884503;NORMAL
28.404;-0.08282404223832969;NORMAL
28.408;-0.04926843868106976;NORMAL
28.412;0.03255315369131608;NORMAL
28.416;0.02115701521400222;NORMAL
28.42;-0.013529473230930603;NORMAL
28.424;0.059291892426051984;NORMAL
28.428;0.023311021720749458;NORMAL
28.432000000000002;-0.029112282746852708;NORMAL
28.436;-0.005881613225158491;NORMAL
28.44;-0.053564505606193906;NORMAL
28.444;0.07144847880626087;NORMAL
28.448;0.041562114259289386;NORMAL
28.452;-0.009435717524985806;NORMAL
28.456;-0.05282442902521113;NORMAL
28.46;-0.02108146638433262;NORMAL
28.464000000000002;-0.08759030460944939;NORMAL
28.468;0.08551792997442136;NORMAL
28.472;-0.025943189371215026;NORMAL
28.476;0.03881122518383831;NORMAL
28.48;0.08033499182784283;NORMAL
28.484;-0.06397233421149183;NORMAL
28.488;0.0247032398988241;NORMAL
28.492;0.05044040061446223;NORMAL
28.496000000000002;0.024242255049819365;NORMAL
28.5;-0.08730119344180298;NORMAL
28.504;0.07732510437935841;NORMAL
28.508;-0.05468167891832172;NORMAL
28.512;0.07253294066703424;NORMAL
28.516000000000002;0.03629183151818912;NORMAL
28.52;-0.07387061607430738;NORMAL
28.524;-0.029962775748038725;NORMAL
28.528000000000002;0.052179757949420105;NORMAL
28.532;0.08078218722904269;NORMAL
28.536;0.03623751088650943;NORMAL
28.54;-0.09520462804154171;NORMAL
28.544;-0.03384892300268387;NORMAL
28.548000000000002;0.02893130999370568;NORMAL
28.552;0.015253328473764469;NORMAL
28.556;-0.029998663336890746;NORMAL
28.560000000000002;0.05842978069127867;NORMAL
28.564;0.0066307144202746625;NORMAL
28.568;0.04263597547491444;NORMAL
28.572;0.03166309860543589;NORMAL
28.576;0.05168268351635139;NORMAL
28.580000000000002;0.05685096254496883;NORMAL
28.584;0.008341097703824052;NORMAL
28.588;0.06904285491903141;NORMAL
28.592000000000002;0.06059719319966211;NORMAL
28.596;0.008817113391862077;NORMAL
28.6;-0.00042752620747806935;NORMAL
28.604;-0.06470484102883897;NORMAL
28.608;-0.039128664440297806;NORMAL
28.612000000000002;0.017746302631422645;NORMAL
28.616;-0.049868959842000474;NORMAL
28.62;0.04830446763110352;NORMAL
28.624000000000002;0.07760782656555654;NORMAL
28.628;0.03494897040051195;NORMAL
28.632;-0.009920951992536689;NORMAL
28.636;0.015738147579450214;NORMAL
28.64;0.019971574203177845;NORMAL
28.644000000000002;-0.005245944504572296;NORMAL
28.648;-0.015266968172299958;NORMAL
28.652;0.006887780730045186;NORMAL
28.656000000000002;0.006646541601499165;NORMAL
28.66;-0.02059249179329603;NORMAL
28.664;-0.031848182656279964;NORMAL
28.668;0.01028709045545238;NORMAL
28.672;-0.027039584513647;NORMAL
28.676000000000002;0.028311627768285497;NORMAL
28.68;-0.023701308833748064;NORMAL
28.684;-0.0018111690385765504;NORMAL
28.688;0.07345606832004056;NORMAL
28.692;-0.007023719694185181;NORMAL
28.696;-0.09166358941616418;NORMAL
28.7;-0.0021909650634505565;NORMAL
28.704;-0.006212940991865458;NORMAL
28.708000000000002;-0.06102223075130079;NORMAL
28.712;0.003829768140953474;NORMAL
28.716;-0.04409047137523624;NORMAL
28.72;-0.014802102690058386;NORMAL
28.724;0.07478753406906807;NORMAL
28.728;-0.0016709699826470208;NORMAL
28.732;0.01906475514706449;NORMAL
28.736;0.07586687895024363;NORMAL
28.740000000000002;-0.003636985526868559;NORMAL
28.744;-0.07620042031303559;NORMAL
28.748;0.035539628997111564;NORMAL
28.752;-0.04876978048696089;NORMAL
28.756;-0.012134266844378065;NORMAL
28.76;0.029251326427635296;NORMAL
28.764;-0.08306099022712117;NORMAL
28.768;-0.01989237864047302;NORMAL
28.772000000000002;0.001985371369146336;NORMAL
28.776;0.028214077310912165;NORMAL
28.78;-0.013328310557803447;NORMAL
28.784;-0.017807298542093994;NORMAL
28.788;-0.05867870027538383;NORMAL
28.792;-0.00388639664673487;NORMAL
28.796;0.01813876932101693;NORMAL
28.8;0.05966160245003144;NORMAL
28.804000000000002;-0.029475736971701076;NORMAL
28.808;-0.025864210612409465;NORMAL
28.812;0.039794413143080645;NORMAL
28.816;-0.11355951209394942;NORMAL
28.82;0.04457868776427373;NORMAL
28.824;-0.041107032813552886;NORMAL
28.828;0.062226551520812634;NORMAL
28.832;-0.008452495018819776;NORMAL
28.836000000000002;-0.007332966485488035;NORMAL
28.84;-0.03646264625664207;NORMAL
28.844;0.09966803618581507;NORMAL
28.848;0.05616289485725384;NORMAL
28.852;0.21231307019444695;NORMAL
28.856;0.20696111481979926;NORMAL
28.86;0.4125008780284782;NORMAL
28.864;0.44712176052064534;NORMAL
28.868000000000002;0.6937592981936958;NORMAL
28.872;0.6934645557678096;NORMAL
28.876;0.848600406649811;NORMAL
28.88;0.9168627736471567;NORMAL
28.884;1.059411982428505;NORMAL
28.888;0.955049292290424;BEAT
28.892;1.0173998878736026;NORMAL
28.896;0.94144276713904;NORMAL
28.900000000000002;0.8048757426036627;NORMAL
28.904;0.6484870533420788;NORMAL
28.908;0.6059685389380194;NORMAL
28.912;0.3910095226757254;NORMAL
28.916;0.42294082599182503;NORMAL
28.92;0.3582018827964203;NORMAL
28.924;0.18965366824475827;NORMAL
28.928;0.15992616267001614;NORMAL
28.932000000000002;0.17168713903823613;NORMAL
28.936;0.1371139884686885;NORMAL
28.94;0.13588567723613704;NORMAL
28.944;-0.06424327032204219;NORMAL
28.948;-0.006342482637356837;NORMAL
28.952;0.05615008666775576;NORMAL
28.956;-0.02161214205720224;NORMAL
28.96;0.06553931339332428;NORMAL
28.964000000000002;0.02431133352982248;NORMAL
28.968;0.0059465730656065125;NORMAL
28.972;0.06393736277454479;NORMAL
28.976;0.07933276402008994;NORMAL
28.98;0.07382428181520588;NORMAL
28.984;-0.018001016398773634;NORMAL
28.988;0.08770114775975686;NORMAL
28.992;-0.11905751003867789;NORMAL
28.996000000000002;0.06384230263442249;NORMAL
29.0;-0.026645210926929463;NORMAL
29.004;0.03008490324711279;NORMAL
29.008;0.04517569785027622;NORMAL
29.012;0.03323013056638972;NORMAL
29.016000000000002;-0.006817315314642482;NORMAL
29.02;-0.07011790993981414;NORMAL
29.024;0.011727535574805763;NORMAL
29.028000000000002;-0.08421475079845323;NORMAL
29.032;-0.06023821913738272;NORMAL
29.036;-0.006858073209227729;NORMAL
29.04;0.02148616235932152;NORMAL
29.044;0.00021305117654827209;NORMAL
29.048000000000002;0.025802269151984417;NORMAL
29.052;0.05211227293725646;NORMAL
29.056;0.008066888850760439;NORMAL
29.060000000000002;-0.012819947592772113;NORMAL
29.064;0.03736122691032433;NORMAL
29.068;0.008833038636092973;NORMAL
29.072;0.007000426848409346;NORMAL
29.076;-0.035204290205379345;NORMAL
29.080000000000002;-0.11461529012149047;NORMAL
29.084;-0.07006984769181916;NORMAL
29.088;-0.003686959036753488;NORMAL
29.092000000000002;3.938722127113449e-05;NORMAL
29.096;0.08237996168931029;NORMAL
29.1;0.03792440209216147;NORMAL
29.104;0.032543184292398206;NORMAL
29.108;0.03423969906046153;NORMAL
29.112000000000002;-0.06707689472464963;NORMAL
29.116;0.017453365666368244;NORMAL
29.12;0.05060347823355741;NORMAL
29.124000000000002;-0.04564969023073112;NORMAL
29.128;0.06888065362048615;NORMAL
29.132;0.05878968085749216;NORMAL
29.136;-0.05208824413959343;NORMAL
29.14;-0.060105806215826674;NORMAL
29.144000000000002;0.015049508373773869;NORMAL
29.148;0.04361447181440983;NORMAL
29.152;-0.044201677195014756;NORMAL
29.156000000000002;0.01882699426349424;NORMAL
29.16;0.0072301958681685015;NORMAL
29.164;-0.001699577658617394;NORMAL
29.168;0.004460549724230083;NORMAL
29.172;0.11921047843152172;NORMAL
29.176000000000002;-0.07750714619161941;NORMAL
29.18;0.04873687648580234;NORMAL
29.184;0.040715733985658635;NORMAL
29.188;0.060407691685688075;NORMAL
29.192;0.0910645122603312;NORMAL
29.196;-0.000358259526930961;NORMAL
29.2;-0.11043905248649342;NORMAL
29.204;0.043707166915589644;NORMAL
29.208000000000002;-0.009605904080500317;NORMAL
29.212;-0.020672733657767988;NORMAL
29.216;-0.057398891514743124;NORMAL
29.22;-0.022845647581309372;NORMAL
29.224;-0.06870716556337242;NORMAL
29.228;-0.06666772106693235;NORMAL
29.232;-0.05114117611739331;NORMAL
29.236;0.11818161323677855;NORMAL
29.240000000000002;0.00576660433934735;NORMAL
29.244;0.030354400402672163;NORMAL
29.248;-0.05706907496860462;NORMAL
29.252;-0.02574149512225223;NORMAL
29.256;-0.020299902772163234;NORMAL
29.26;0.03585071915262702;NORMAL
29.264;-0.081614885479514;NORMAL
29.268;-0.08366877108663581;NORMAL
29.272000000000002;0.03265985236975491;NORMAL
29.276;0.06714781610325633;NORMAL
29.28;0.11788140929644915;NORMAL
29.284;0.02541704626262567;NORMAL
29.288;0.01802120550693122;NORMAL
29.292;0.0591930136471652;NORMAL
29.296;0.00557248131017429;NORMAL
29.3;-0.025311998654898624;NORMAL
29.304000000000002;0.03194607370985489;NORMAL
29.308;0.045713393127258396;NORMAL
29.312;0.03323108390217042;NORMAL
29.316;-0.00525689567735048;NORMAL
29.32;-0.028570083286877684;NORMAL
29.324;-0.0535434872940638;NORMAL
29.328;-0.06304739904264234;NORMAL
29.332;0.06490710359319538;NORMAL
29.336000000000002;-0.0007020817838995922;NORMAL
29.34;-0.006776101344151535;NORMAL
29.344;-0.07154486901479325;NORMAL
29.348;0.0014755404749083733;NORMAL
29.352;-0.08249805420693562;NORMAL
29.356;0.002237474393714051;NORMAL
29.36;0.04622833826000872;NORMAL
29.364;0.04277533956743382;NORMAL
29.368000000000002;0.03723580518930376;NORMAL
29.372;-0.006685090296023934;NORMAL
29.376;0.022968829955440685;NORMAL
29.38;-0.049445138722456754;NORMAL
29.384;0.08805338641069085;NORMAL
29.388;-0.05959771161311635;NORMAL
29.392;0.03148157046961502;NORMAL
29.396;0.04846356084056904;NORMAL
29.400000000000002;-0.048875670997510216;NORMAL
29.404;-0.08919747372102749;NORMAL
29.408;0.026313556987970377;NORMAL
29.412;-0.027052109948599537;NORMAL
29.416;-0.06858928376785943;NORMAL
29.42;0.03597012954146891;NORMAL
29.424;-0.03240761070398717;NORMAL
29.428;0.008722126838612211;NORMAL
29.432000000000002;0.059577697573475176;NORMAL
29.436;0.051480574066697996;NORMAL
29.44;0.06591451118762821;NORMAL
29.444;-0.021098970382863683;NORMAL
29.448;0.01911905807779776;NORMAL
29.452;0.020394438759142524;NORMAL
29.456;-0.060100256543288225;NORMAL
29.46;-0.047213468403939585;NORMAL
29.464000000000002;-0.07336142184717769;NORMAL
29.468;-0.05129371708276788;NORMAL
29.472;0.07625986328546146;NORMAL
29.476;0.014868283765258561;NORMAL
29.48;0.01756194855364153;NORMAL
29.484;-0.004630624248236726;NORMAL
29.488;0.12082075674332056;NORMAL
29.492;-0.03368121697613915;NORMAL
29.496000000000002;0.023192010630790016;NORMAL
29.5;-0.0831202058275917;NORMAL
29.504;-0.03241660354318883;NORMAL
29.508;0.03748637499870352;NORMAL
29.512;-0.040454555783202596;NORMAL
29.516000000000002;-0.0032418154977625862;NORMAL
29.52;-0.051597100859490756;NORMAL
29.524;0.01670332271833093;NORMAL
29.528000000000002;0.04201960906354451;NORMAL
29.532;0.018130626788834245;NORMAL
29.536;0.06503505193284506;NORMAL
29.54;-0.03428191996283536;NORMAL
29.544;-0.03284687305335442;NORMAL
29.548000000000002;0.011837348097398932;NORMAL
29.552;0.04979157671164806;NORMAL
29.556;0.03423298240424664;NORMAL
29.560000000000002;-0.027981449409910375;NORMAL
29.564;-0.0005793421334225382;NORMAL
29.568;-0.026871428464446737;NORMAL
29.572;-0.0032165271704986927;NORMAL
29.576;-0.0017140141236781656;NORMAL
29.580000000000002;-0.01996309125041693;NORMAL
29.584;0.006041876958614794;NORMAL
29.588;-0.020128277816696755;NORMAL
29.592000000000002;-0.09370563576515101;NORMAL
29.596;-0.03558813662522427;NORMAL
29.6;0.09953373429682089;NORMAL
29.604;-0.008827587203248237;NORMAL
29.608;-0.05214092671810421;NORMAL
29.612000000000002;0.052601071899280635;NORMAL
29.616;0.02500047151026993;NORMAL
29.62;0.04258204282775829;NORMAL
29.624000000000002;0.0033110084698659854;NORMAL
29.628;-0.0059084566997719586;NORMAL
29.632;-0.0043790844631544385;NORMAL
29.636;0.023087585861373727;NORMAL
29.64;0.0955307929822265;NORMAL
29.644000000000002;0.06465819863343633;NORMAL
29.648;-0.039592593755227945;NORMAL
29.652;-0.030522828081660233;NORMAL
29.656000000000002;0.027734311175655;NORMAL
29.66;-0.06758185818497223;NORMAL
29.664;0.04769221579023528;NORMAL
29.668;0.12493176277245711;NORMAL
29.672;0.12834931100358526;NORMAL
29.676000000000002;0.10150993832660124;NORMAL
29.68;0.10640169989381057;NORMAL
29.684;0.20437881420481063;NORMAL
29.688000000000002;0.4909825731005992;NORMAL
29.692;0.5146104974053122;NORMAL
29.696;0.6060159548059978;NORMAL
29.7;0.7434355387411063;NORMAL
29.704;0.8468826499324624;NORMAL
29.708000000000002;0.9206739267237836;NORMAL
29.712;1.0239053024420075;NORMAL
29.716;1.0034634760540233;BEAT
29.72;0.9514754980924217;NORMAL
29.724;0.9485564529212556;NORMAL
29.728;0.8476550341566199;NORMAL
29.732;0.7510978466381923;NORMAL
29.736;0.6090183777930678;NORMAL
29.740000000000002;0.37684595287187306;NORMAL
29.744;0.38329702552643163;NORMAL
29.748;0.34773434553299515;NORMAL
29.752;0.19339903794646401;NORMAL
29.756;0.16076664591087897;NORMAL
29.76;0.011479733801516748;NORMAL
29.764;0.08737151438362181;NORMAL
29.768;0.055583151480889555;NORMAL
29.772000000000002;0.032418984906676294;NORMAL
29.776;-0.043513900847481295;NORMAL
29.78;-0.01455664421236973;NORMAL
29.784;0.013003605669521691;NORMAL
29.788;0.07007118870338423;NORMAL
29.792;-0.07712825527003955;NORMAL
29.796;0.05287353108789748;NORMAL
29.8;-0.007153074145954066;NORMAL
29.804000000000002;-0.0687225397005728;NORMAL
29.808;-0.02423231686519676;NORMAL
29.812;0.07276108567805226;NORMAL
29.816;-0.032443503344125456;NORMAL
29.82;0.06505201935304658;NORMAL
29.824;-0.10620021652375923;NORMAL
29.828;-0.11753118752056069;NORMAL
29.832;0.06954770130900552;NORMAL
29.836000000000002;-0.047235669566634525;NORMAL
29.84;0.03965510839128504;NORMAL
29.844;0.12699361776879825;NORMAL
29.848;0.02777975273440254;NORMAL
29.852;0.03550179616615825;NORMAL
29.856;0.022180654753705918;NORMAL
29.86;-0.017673210740214915;NORMAL
29.864;0.0322083849749809;NORMAL
29.868000000000002;-0.0062045241409097495;NORMAL
29.872;0.015803215939499477;NORMAL
29.876;-0.0683352659660911;NORMAL
29.88;0.024999347955880647;NORMAL
29.884;-0.02493395911723943;NORMAL
29.888;0.034887084824308454;NORMAL
29.892;-0.014373672679347523;NORMAL
29.896;0.010973880641928857;NORMAL
29.900000000000002;0.030945133830253324;NORMAL
29.904;0.0383246175137089;NORMAL
29.908;-0.0521245713732864;NORMAL
29.912;-0.03228208145580073;NORMAL
29.916;-0.05605792186935992;NORMAL
29.92;0.016893128413082974;NORMAL
29.924;-0.03014251571924247;NORMAL
29.928;-0.004985478467640098;NORMAL
29.932000000000002;-0.0020145799781134924;NORMAL
29.936;0.10260116183908446;NORMAL
29.94;-0.05900321651205485;NORMAL
29.944;-0.002641651317762086;NORMAL
29.948;-0.03852562189696365;NORMAL
29.952;-0.014725867187986236;NORMAL
29.956;0.042927917707900644;NORMAL
29.96;0.11682863698222329;NORMAL
29.964000000000002;-0.03506061804311288;NORMAL
29.968;0.01371180722171251;NORMAL
29.972;-0.08971166557038274;NORMAL
29.976;0.015033781989294677;NORMAL
29.98;-0.03373839035418151;NORMAL
29.984;-0.015856377145927556;NORMAL
29.988;-0.10078458272613958;NORMAL
29.992;-0.04423087567233768;NORMAL
29.996000000000002;-0.044801269533949084;NORMAL
