0;-0.027891349894099
0.004;-0.0184882128306557
0.008;0.0173272733286829
0.012;0.108118558648993
0.016;0.0573568186807638
0.02;0.0270700477295201
0.024;0.0393080296990407
0.028;0.0219312232831742
0.032;0.0670354559942774
0.036;-0.000875540245647811
0.04;0.024485610593773
0.044;-0.013282010815117
0.048;-0.0067463209821205
0.052;0.0360232235689063
0.056;-0.0317163841882179
0.06;-0.0660795551328295
0.064;0.0131525865286293
0.068;-0.00392176981913372
0.072;-0.0826528873968199
0.076;-0.0180893212322605
0.08;0.0139540019301119
0.084;-0.081771121825676
0.088;0.051776167385956
0.092;0.0158856029484228
0.096;0.0432010595583745
0.1;-0.0145957151998746
0.104;-0.0377559837744891
0.108;0.0294574613906099
0.112;-0.0648147416110803
0.116;-0.0167815573017664
0.12;-0.0144096835481288
0.124;-0.0980441308173984
0.128;0.0259940955325
0.132;-0.0729302772178709
0.136;0.144034200793166
0.14;-0.0317796666099053
0.144;0.0334814152544331
0.148;-0.0628414817316306
0.152;0.00177882581277194
0.156;0.0867623321871451
0.16;0.0464090046163377
0.164;-0.00891063848588085
0.168;0.0191911113835264
0.172;0.040753721218055
0.176;0.0311228239190389
0.18;0.00488267615060817
0.184;-0.0583516476334415
0.188;0.00512951521039964
0.192;-0.0286780632722619
0.196;0.0156523824741169
0.2;0.015581845335827
0.204;-0.0115206526700476
0.208;-0.0326193422505331
0.212;0.0595674689856279
0.216;0.0233524904712315
0.22;-0.0655079304078018
0.224;-0.0326776299418244
0.228;0.0440956916486989
0.232;0.0889085296690926
0.236;0.0026854569129638
0.24;-0.0135066666504477
0.244;-0.049953915684707
0.248;-0.0121288405067909
0.252;-0.0384820961387951
0.256;-0.0509884264403479
0.26;-0.025887505736074
0.264;0.0263019904877209
0.268;-0.0322652828426565
0.272;-0.0278685444701904
0.276;-0.00745477697495149
0.28;0.017430088893391
0.284;0.0344487274946657
0.288;0.042794332626769
0.292;0.058020050854512
0.296;-0.0257029909172575
0.3;0.026064518236671
0.304;-0.160975510075522
0.308;0.0180369145394872
0.312;0.0172278439473476
0.316;0.0124659617371933
0.32;0.00590827116029256
0.324;0.0543236140595752
0.328;-0.0514759256856912
0.332;0.0396472752905233
0.336;0.0652522245879429
0.34;-0.0244008919777207
0.344;-0.039597131067029
0.348;0.116634920707397
0.352;-0.0141893552736303
0.356;-0.000949262294817245
0.36;0.014923648647235
0.364;-0.0523422634801775
0.368;-0.0319672531365439
0.372;-0.0715533511130875
0.376;0.035767146037047
0.38;0.0573620898483448
0.384;0.0451414492254047
0.388;-0.0822906258017883
0.392;-0.0436181715243271
0.396;-0.0179230450468145
0.4;-0.00160525743909416
0.404;0.0362630987280878
0.408;0.00739056495064438
0.412;0.00269184488868196
0.416;-0.00145178447945879
0.42;-0.05940513471077
0.424;0.0126288771388131
0.428;-0.0205188470741901
0.432;0.0991031610594058
0.436;0.0200806391817574
0.44;-0.0674881781517894
0.444;-0.0330357632625684
0.448;-0.0434214726550607
0.452;-0.0342614791398792
0.456;-0.0563879602921279
0.46;-0.0122583663100276
0.464;0.0353061085879141
0.468;-0.0126242124265707
0.472;-0.0330224775917279
0.476;-0.0331796996866211
0.48;0.01068981320524
0.484;0.0203702961964845
0.488;-0.0240259168538443
0.492;-0.0266053127271719
0.496;0.0159634922218839
0.5;0.046964867540864
0.504;0.0076611324964835
0.508;-0.0361037556429579
0.512;-0.0284156584788843
0.516;0.0216526700586806
0.52;0.0135242946530869
0.524;-0.101201042813731
0.528;-0.0184661648130716
0.532;0.0934530320976114
0.536;0.0848693379996724
0.54;-0.0596894770341395
0.544;0.00412270328285612
0.548;-0.0425510868004796
0.552;0.0229186018689993
0.556;0.0394202458604658
0.56;-0.00176355579669406
0.564;-0.0404429859079964
0.568;-0.0441788262274003
0.572;0.0214891719195648
0.576;0.0267932634494344
0.58;0.0291613000320431
0.584;-0.0626409996716347
0.588;-0.0329436423483228
0.592;-0.0312231032491829
0.596;0.0225777785497542
0.6;-0.0688972326184975
0.604;0.0310842844708905
0.608;-0.01488092353758
0.612;0.000872033030631096
0.616;-0.00737311062110439
0.62;-0.037380388859392
0.624;-0.00140098891494376
0.628;-0.0033305386892455
0.632;-0.0492377569131231
0.636;-0.0371085802044025
0.64;-0.00475959691460825
0.644;0.00640115584050898
0.648;-0.0264096051427358
0.652;0.00303053505925181
0.656;0.0008851141761242
0.66;0.018009057227268
0.664;0.0518008870124487
0.668;0.095819085364383
0.672;0.0410884034090047
0.676;-0.0217554627888671
0.68;0.0306779940709492
0.684;0.142298017906635
0.688;0.0678129005732373
0.692;0.216068508362218
0.696;0.147655074497303
0.7;0.409139240429873
0.704;0.519263137679952
0.708;0.61986699851589
0.712;0.724336084904743
0.716;0.818771517154398
0.72;0.983646918803908
0.724;0.900917511584628
0.728;0.934433723728167
0.732;0.950674658504353
0.736;0.938179294981087
0.74;0.944450464710602
0.744;0.753672593377354
0.748;0.643034391153618
0.752;0.379103770656062
0.756;0.421548622294261
0.76;0.356231389051081
0.764;0.248088482522614
0.768;0.0305824332882261
0.772;0.0722550712302314
0.776;0.11747312097591
0.78;0.0998065825233908
0.784;0.0745729534700245
0.788;-0.0237335592680001
0.792;0.0360356707207985
0.796;0.0486666006354138
0.8;0.0689369820156842
0.804;0.0512102255572669
0.808;0.195760487963777
0.812;0.0464138387051752
0.816;-0.1191735050618
0.82;0.0606153544630871
0.824;-0.0317982865357213
0.828;0.0286324052707645
0.832;0.0321484054081434
0.836;0.0642050738660832
0.84;0.022506714524108
0.844;-0.0574887914287898
0.848;0.0519893991386925
0.852;0.0537359571875266
0.856;0.0334301507243308
0.86;0.0393301364387094
0.864;-0.0700011502885263
0.868;0.0924272413837269
0.872;-0.0178651810621735
0.876;-0.123074777015985
0.88;0.0384616896861159
0.884;-0.047700405649537
0.888;-0.0439843420196742
0.892;0.0235756805901629
0.896;0.127808508981878
0.9;-0.0383627039076548
0.904;-0.0227456154572547
0.908;-0.0576180161184628
0.912;-0.0353752636574826
0.916;-0.00689709984286312
0.92;-0.00247813058526706
0.924;-0.0106158625452539
0.928;-0.00921243938805736
0.932;0.0155311695281646
0.936;0.0214650516868187
0.94;0.0452608032115336
0.944;-0.0122887049056728
0.948;-0.0776129706667756
0.952;-0.00821667012411562
0.956;0.0221530747404444
0.96;0.0445784420120049
0.964;0.0681782018855418
0.968;-0.0321287763656188
0.972;-0.0663623551534924
0.976;-0.034831973126438
0.98;0.0484230791635949
0.984;0.0589321333725338
0.988;0.0357684605067621
0.992;-0.086053706269758
0.996;-0.0275365441350124
1;0.0315848046476792
1.004;0.0275220595025993
1.008;0.00324694559657629
1.012;0.0267004108650779
1.016;-0.0170209928611558
1.02;-0.0232066946434723
1.024;0.00676473941803554
1.028;0.0541815426380357
1.032;0.0657879502439265
1.036;0.0789287772389501
1.04;0.0364391509724763
1.044;0.061484285972644
1.048;-0.0359788055796511
1.052;-0.0163403371175958
1.056;0.0768198728151565
1.06;0.0129083601269056
1.064;-0.0684010739726468
1.068;0.0285345043055014
1.072;0.0171184011387744
1.076;0.013388130359002
1.08;0.0112021713789917
1.084;0.0276681672656585
1.088;-0.0568400521724796
1.092;0.0366032645119529
1.096;0.0954336675709223
1.1;0.0641489052135727
1.104;0.0271352002236097
1.108;-0.0361381353825943
1.112;0.0750851150984013
1.116;-0.0364765297769057
1.12;0.00200372277396201
1.124;0.0523081439765218
1.128;0.0559329101888492
1.132;0.0661253084873135
1.136;0.0944734174672761
1.14;-0.0973389988104837
1.144;-0.0307599390845133
1.148;-0.0492845174414339
1.152;0.0826142347437683
1.156;-0.051463815447407
1.16;-0.0485567496363782
1.164;0.0531754856449733
1.168;-0.0082222993693128
1.172;-0.00498620452721458
1.176;-0.0672368274157758
1.18;-0.0416096370080167
1.184;-0.0417249914087526
1.188;0.0468191920676793
1.192;0.00438499647162611
1.196;0.0406855196197675
1.2;-0.0247543888849751
1.204;-0.0566791655922216
1.208;-0.0029464776620896
1.212;0.0153634870954258
1.216;-0.0208870177541933
1.22;-0.0334587175078437
1.224;0.052487560844684
1.228;0.0962925995592357
1.232;0.0481276185915818
1.236;-0.0508622048878111
1.24;-0.054963892953655
1.244;-0.040846898039866
1.248;0.0464510790750897
1.252;-0.0298003478972182
1.256;-0.0285645060628769
1.26;-0.0172746187205548
1.264;-0.0268946332569613
1.268;0.0215135766428143
1.272;-0.111232568470706
1.276;0.104431381401561
1.28;-0.00372353964408137
1.284;-0.0109795959709276
1.288;0.0402622173523386
1.292;-0.0769803136385645
1.296;-0.0140934264182193
1.3;0.0411164409926711
1.304;0.0605337992313892
1.308;-0.0209558932058123
1.312;0.0925048838176358
1.316;0.0145046695447983
1.32;-0.0218421873296837
1.324;-0.0372918028090758
1.328;-0.0484487658401042
1.332;0.00604098813181048
1.336;0.00125709928157831
1.34;0.00610298008159878
1.344;0.042126587351386
1.348;0.00395109271505005
1.352;0.0321478385343005
1.356;-0.00156673068410061
1.36;0.0537217837077194
1.364;0.0307945194236559
1.368;-0.0497785436039572
1.372;0.0270763582707607
1.376;0.0398495954630877
1.38;0.00957883660001068
1.384;-0.0463383720789573
1.388;0.0118417299553263
1.392;0.00928521013580866
1.396;0.0439043460667684
1.4;0.0199240304323829
1.404;-0.00297916378859593
1.408;-0.0228640446214873
1.412;0.0303097165949431
1.416;-0.00513339155092665
1.42;-0.0306276802261727
1.424;0.0578469457127027
1.428;-0.0265355639621844
1.432;0.0376935207379724
1.436;-0.0671852035884407
1.44;0.0945284808339343
1.444;0.025790017511351
1.448;0.0117427223704059
1.452;-0.128361922553584
1.456;-0.00374542886389525
1.46;-0.0210877427570002
1.464;-0.016981375411428
1.468;-0.0330106827611359
1.472;-0.0133673096688167
1.476;0.0225023378793015
1.48;0.0459226356279868
1.484;0.106075920252407
1.488;0.216839270934665
1.492;0.197356692113968
1.496;0.311353911244374
1.5;0.411318259676327
1.504;0.448868620853819
1.508;0.532240765216903
1.512;0.677271815130686
1.516;0.876630229060297
1.52;1.02472950207522
1.524;1.06033279964664
1.528;1.00410263955704
1.532;1.0464234633068
1.536;0.909951005577904
1.54;0.915725998899002
1.544;0.735627173320471
1.548;0.604714289032043
1.552;0.471469921426717
1.556;0.301937284143596
1.56;0.233595916835062
1.564;0.195458595133229
1.568;0.0907323413196647
1.572;0.170246851793007
1.576;0.0688360323826189
1.58;0.0961119331652735
1.584;-0.0230487970713402
1.588;0.035497302559979
1.592;0.0424071059754937
1.596;-0.0116505394788824
1.6;-0.0568635890849031
1.604;0.0235267475909022
1.608;0.0204045948121089
1.612;0.0446376732490493
1.616;-0.0341141361723554
1.62;-0.118649299973606
1.624;0.0146405194595071
1.628;-0.0241469369363401
1.632;-0.0210667576337018
1.636;0.0695289872945475
1.64;-0.0023151232271744
1.644;-0.067993452149955
1.648;-0.0344339571508678
1.652;0.0465402800800571
1.656;0.00782625787552752
1.66;0.0303895278844411
1.664;0.0233975665444329
1.668;-0.0560955600721681
1.672;-0.00752045449796305
1.676;-0.00973144110498181
1.68;0.0765746299404143
1.684;-0.0180388895762402
1.688;0.054198057046598
1.692;-0.0332862686765629
1.696;0.0614931701359304
1.7;0.0492570353950887
1.704;-0.0163752064532969
1.708;-0.00204119775173079
1.712;-0.0370101484209282
1.716;0.0711889288470939
1.72;-0.0298689250568
1.724;-0.0504896952276922
1.728;0.035107602864348
1.732;0.00441214929931008
1.736;-0.00809591142658391
1.74;0.0226144395541226
1.744;0.0212418858728671
1.748;-0.0227079269657619
1.752;-0.0607547673902049
1.756;0.0586830931889474
1.76;0.0172528440472856
1.764;0.0851985981577269
1.768;-0.0059442590926789
1.772;-0.0558651806162441
1.776;0.0328268853551511
1.78;0.0253135570665631
1.784;0.044841767236476
1.788;0.0110812956440422
1.792;-0.0199422313537651
1.796;0.044364271011674
1.8;-0.027836979366008
1.804;0.059001313390313
1.808;-0.00307766825003663
1.812;-0.0101238328271497
1.816;0.0656858885520688
1.82;0.0249194128480054
1.824;-0.0162792718432763
1.828;-0.0489092398257371
1.832;0.00330305926692599
1.836;0.027051604917905
1.84;-0.00231545543572268
1.844;0.101677163930861
1.848;0.0632311452846369
1.852;0.0250448095468954
1.856;-0.0626346312181341
1.86;-0.0150267631282409
1.864;-0.0567871772398352
1.868;0.0315977904427281
1.872;0.0180987243974278
1.876;-0.0571581253204158
1.88;0.00372664545149878
1.884;-0.00651637859593405
1.888;0.0813585696426369
1.892;0.0502884746717957
1.896;-0.00614650305560917
1.9;0.116600894215326
1.904;0.0386934265375175
1.908;0.057590232676432
1.912;-0.0336949796943634
1.916;-0.0396970591905074
1.92;-0.0493634206844694
1.924;0.010955005793716
1.928;0.101892166280898
1.932;0.00138103383639764
1.936;-0.0165961143370585
1.94;-0.0120831232859907
1.944;0.00555897481623826
1.948;0.0593113235531346
1.952;-0.0852832486443103
1.956;-0.0836772317062556
1.96;0.0402708671594215
1.964;0.0623368100295184
1.968;0.0400506651994334
1.972;-0.0512017418547058
1.976;0.0258715451936047
1.98;-0.0488797283258723
1.984;0.000605224444252333
1.988;0.0458213099050004
1.992;-0.0347633862230347
1.996;-0.085539882039818
2;0.0056791878872355
2.004;0.0239452634539149
2.008;0.00621505281161371
2.012;0.0392128085324934
2.016;0.0515527308324623
2.02;0.048540015078919
2.024;0.0117995144673825
2.028;0.0805993657186984
2.032;-0.0216833484692213
2.036;0.0234302211332514
2.04;-0.00792198718378048
2.044;-0.0172650581306377
2.048;0.0320858264786354
2.052;0.0749308696775627
2.056;-0.037629536631757
2.06;0.00843908342555649
2.064;-0.0253531386422764
2.068;-0.000243692601671777
2.072;-0.0267781454082164
2.076;0.00355651866544181
2.08;0.0563048817892345
2.084;0.0466875997752347
2.088;0.0513229970685159
2.092;0.00123797112335182
2.096;0.0931818776866902
2.1;0.0154498947149507
2.104;-0.0562017866506228
2.108;-0.0612529804817892
2.112;-0.00309398823303594
2.116;-0.0512031355966723
2.12;-0.0646911559304282
2.124;0.0394390736092549
2.128;0.0368968275444334
2.132;-0.00843151893711342
2.136;-0.0313140100986468
2.14;-0.00699079545077165
2.144;-0.00818007653319612
2.148;0.0684568662453568
2.152;-0.0049422316803548
2.156;0.104118401887072
2.16;0.011724136452963
2.164;0.0653220285981367
2.168;-0.0451300927078973
2.172;0.00435375112446162
2.176;-0.0208394016247212
2.18;0.083641253873324
2.184;-0.078618351791955
2.188;-0.0149771663917255
2.192;0.0334788838368792
2.196;0.0198737281668879
2.2;-0.0425163720845586
2.204;0.0669225993284421
2.208;0.0401866953657871
2.212;-0.0381432570773954
2.216;-0.0379239088083797
2.22;-0.0323817229456491
2.224;-0.0173640104545822
2.228;-0.0984887860907815
2.232;-0.0580727713373635
2.236;0.0506001318993456
2.24;-0.0384980636876535
2.244;-0.033504833191413
2.248;-0.0376497204003102
2.252;0.00950836126183138
2.256;0.0458434649131869
2.26;0.0156821921752753
2.264;0.0375590954427049
2.268;0.0399169221855829
2.272;-0.0110388237320401
2.276;0.0392862981474348
2.28;-0.0129349981572561
2.284;-0.000415893870590125
2.288;-0.0420321329989581
2.292;-0.0704954307343952
2.296;0.00212401118039483
2.3;0.00980479195978383
2.304;0.0188582060457525
2.308;0.0609711471923997
2.312;-0.0186033674122766
2.316;0.00585295211311007
2.32;0.065382292631507
2.324;0.0893275051562111
2.328;0.0431783417804449
2.332;-0.0386266741653072
2.336;0.0495230406862659
2.34;0.0546577809102524
2.344;0.095468454103632
2.348;0.0459666788894778
2.352;0.0600354026149577
2.356;0.125372154517192
2.36;0.157598838695082
2.364;0.296616741601657
2.368;0.359012004925888
2.372;0.394390040049227
2.376;0.623601522586159
2.38;0.661857491862538
2.384;0.839211377299713
2.388;0.984169378758837
2.392;0.893498799136507
2.396;0.886963468210254
2.4;0.933585276260499
2.404;0.885073404913013
2.408;0.879679402028202
2.412;0.769622433441211
2.416;0.592545135249802
2.42;0.525110011911227
2.424;0.364331724546571
2.428;0.381580773652048
2.432;0.168810461623652
2.436;0.169123184566294
2.44;0.136480245829288
2.444;0.0295883001324446
2.448;0.0220298499135432
2.452;0.00536573035196882
2.456;-0.00687469844433913
2.46;-0.0319657818074978
2.464;-0.0415936630310234
2.468;0.0207778150542557
2.472;0.0847985142932844
2.476;-0.000899083262984014
2.48;-0.0600060110824521
2.484;0.0461610708248909
2.488;-0.00275564528703768
2.492;-0.0144988927378607
2.496;-0.0455157487538921
2.5;-0.0224163710203125
2.504;0.0198493889530514
2.508;-0.0310534998967129
2.512;-0.0533483991081844
2.516;0.0327928792696052
2.52;0.019234757528463
2.524;0.0916162626358945
2.528;0.0570201375193906
2.532;0.0242472680938344
2.536;0.0772982238663335
2.54;-0.0173595273278975
2.544;-0.0731516136734907
2.548;-0.0857533133944688
2.552;0.0435354963195107
2.556;-0.00951170073780855
2.56;-0.100579207510732
2.564;0.0505108466384955
2.568;0.00613601164563511
2.572;0.0729899740615954
2.576;-0.0974583375861083
2.58;0.03427864851433
2.584;0.048901952927649
2.588;-0.0372493872438078
2.592;0.0364442582588121
2.596;-0.0869355058655595
2.6;-0.0650298958610779
2.604;0.0969268870501676
2.608;-0.0234830749562176
2.612;-0.0333555796040535
2.616;0.031571578335994
2.62;-0.0938038642118022
2.624;-0.0297484075881526
2.628;-0.129158732241499
2.632;0.0457194743029
2.636;0.00651277332998085
2.64;-0.0211229849569802
2.644;-0.030553466690701
2.648;-0.0559741547870942
2.652;0.0210192524993307
2.656;0.00623163555970519
2.66;0.0933335467067584
2.664;-0.0144109275710741
2.668;-0.0366156518171295
2.672;0.025328796594293
2.676;0.068881098164859
2.68;-0.0469564887241513
2.684;0.025061833230895
2.688;-0.0841913655393193
2.692;-0.0117534092035815
2.696;0.0105369045703057
2.7;-0.0210102367826893
2.704;-0.0235079753997748
2.708;0.00664968126929692
2.712;-0.0345515604257066
2.716;0.000841381382800349
2.72;-0.0312055808170192
2.724;0.0337951880783486
2.728;-0.0077001032364079
2.732;0.00383441478889304
2.736;0.0368566113470632
2.74;0.0114503455412382
2.744;-0.0364129049887122
2.748;0.101095653022239
2.752;0.0202341767202599
2.756;0.0512306259689219
2.76;-0.0290793713585215
2.764;-0.00510655149586525
2.768;-0.0156074205974735
2.772;0.0358676659948782
2.776;0.0147479090895912
2.78;-0.0284030782173033
2.784;0.0160339199816557
2.788;0.0263397195879133
2.792;0.0254923221726734
2.796;0.0524743685303217
2.8;-0.0668335801598298
2.804;-0.044740144447755
2.808;0.0839910787196094
2.812;0.0940676315252892
2.816;0.0727947296357064
2.82;-0.0347571192208618
2.824;-0.102752875287658
2.828;-0.0172926930330389
2.832;-0.0521612802495995
2.836;-0.0851975095717965
2.84;-0.0011392173356205
2.844;-0.0641190069179861
2.848;0.0542750222703483
2.852;0.0149243501178744
2.856;0.0590335265502516
2.86;0.0159658937448273
2.864;0.00581756891399029
2.868;-0.012065622380453
2.872;0.00985893512645087
2.876;0.0133818958641568
2.88;-0.00841610536080747
2.884;0.0150815597463738
2.888;0.0247542545523716
2.892;0.0235766123840248
2.896;0.0342352866150875
2.9;-0.053480340121272
2.904;0.0217561980682037
2.908;-0.112402629203014
2.912;-0.0154513150245368
2.916;-0.00493488399238027
2.92;0.0299913009614139
2.924;-0.131861393715315
2.928;-0.00343159991629369
2.932;-0.138751998155602
2.936;0.0447508789518488
2.94;-0.0550917844572292
2.944;-0.0146892958068256
2.948;0.0128733282946121
2.952;-0.0637612937627245
2.956;0.0690196502558893
2.96;-0.0271955280703813
2.964;-0.0180883713022121
2.968;-0.0504865228207108
2.972;-0.00369011613394415
2.976;0.0740396230399109
2.98;0.0368884238364244
2.984;-0.041104080373129
2.988;0.0432465551157403
2.992;0.0290748475351309
2.996;-0.0253596270665236
3;-0.0522003254073508
3.004;-0.0522678113933103
3.008;-0.072159555571995
3.012;-0.0220697388955784
3.016;-0.0707057645990873
3.02;-0.0949609130490406
3.024;-0.0100789497244568
3.028;0.170113163810702
3.032;-0.134744656016378
3.036;-0.03898397413586
3.04;-0.0190623873186998
3.044;0.00724561880142867
3.048;0.0771419857869371
3.052;-0.0474881856309867
3.056;0.00814049424419037
3.06;-0.0588887133178655
3.064;0.0499070559713269
3.068;0.0449391434621816
3.072;0.00573688667752522
3.076;-0.0665445214256513
3.08;-0.0333375599634593
3.084;-0.0370891733986047
3.088;0.130126145235303
3.092;-0.06785721484228
3.096;0.0025764335786893
3.1;0.0221998219714815
3.104;0.0813067069913907
3.108;-0.0408781850523782
3.112;-0.0321082981226199
3.116;0.0204891072428734
3.12;-0.00611770348814113
3.124;0.0155006287781366
3.128;-0.0897311130842694
3.132;0.013184682896455
3.136;-0.0877483937160982
3.14;-0.0162013449141574
3.144;-0.0347217101546668
3.148;0.0176655071981768
3.152;-0.00379571759846909
3.156;-0.0553345565080342
3.16;-0.0166384972454929
3.164;-0.0184236201119658
3.168;-0.00143306208673689
3.172;-0.0152949926528253
3.176;0.0108850560867461
3.18;-0.0427185291652181
3.184;-0.0326379536408337
3.188;0.0322348336170123
3.192;0.0405439654370018
3.196;0.00782259613890319
3.2;0.01319400776445
3.204;0.118186893013186
3.208;0.0696810794386286
3.212;-0.00641390286504315
3.216;-0.0895824504864903
3.22;0.044112275668139
3.224;-0.0956627998979929
3.228;0.0235636587194701
3.232;-0.00979864349672048
3.236;0.00315172994865692
3.24;-0.0181593686809295
3.244;0.0341914311200453
3.248;-0.0422904240264932
3.252;0.0153991017277662
3.256;-0.0266324200957868
3.26;0.13895055858814
3.264;-0.0364307339440437
3.268;-0.0726544858678133
3.272;0.00343435666019752
3.276;0.0246833814463993
3.28;-0.0234300290647173
3.284;-0.0951664969815766
3.288;-0.0243142614469511
3.292;-0.0164105684823999
3.296;0.0570724194102687
3.3;-0.0824687786769544
3.304;0.024731486990662
3.308;0.0239207622901169
3.312;-0.0727361536117096
3.316;0.0072438674746419
3.32;0.0377827227802425
3.324;0.0499381638569708
3.328;-0.0275163753824713
3.332;-0.0028103344755954
3.336;-0.0576401503705023
3.34;-0.0240409662182134
3.344;0.0405271606060732
3.348;0.0516921952728784
3.352;-0.0436466519071087
3.356;0.0260227835934137
3.36;0.0620576993935745
3.364;0.0247247764828965
3.368;0.0738854594203417
3.372;0.00397605570120563
3.376;0.0163136998112736
3.38;-0.0446769254603298
3.384;-0.0299253593714974
3.388;-0.0142426702311275
3.392;0.0316701561213161
3.396;0.00313065617216385
3.4;0.0404853970728514
3.404;0.0245512951133646
3.408;0.0237630880665664
3.412;0.0435400440018802
3.416;-0.16126656680698
3.42;0.0319477785963056
3.424;0.000571700761299887
3.428;0.0149674364769178
3.432;0.00541881452250335
3.436;-0.0675915190964608
3.44;0.0924634451557676
3.444;-0.0230408852835039
3.448;0.0498951444234019
3.452;-0.0447537072334107
3.456;-0.0760121908598623
3.46;-0.00176141964228281
3.464;0.0396007031352484
3.468;-0.0326066952618055
3.472;0.0757169033552701
3.476;0.0234914261966003
3.48;0.0799230663936045
3.484;0.0402091472673649
3.488;-0.121352326540625
3.492;-0.0481613784842047
3.496;0.0501260702821224
3.5;-0.0845945511952119
3.504;0.0440810960596733
3.508;-0.0345568381051356
3.512;0.0632074364773004
3.516;-0.00391561350491696
3.52;0.01329550937801
3.524;0.080810509988901
3.528;0.0263377629753928
3.532;-0.0686336283232442
3.536;0.0677871546882681
3.54;0.0882304878508771
3.544;0.194155924673144
3.548;0.321116620898662
3.552;0.376664307045716
3.556;0.494802863451874
3.56;0.510249848860146
3.564;0.733888823770757
3.568;0.827405573635835
3.572;0.83491080455764
3.576;0.882958377509785
3.58;0.957611470257023
3.584;0.889341164715947
3.588;0.95445594874753
3.592;0.765751372193904
3.596;0.681096798063109
3.6;0.485008040275597
3.604;0.529795860263775
3.608;0.416482792251148
3.612;0.241431862911826
3.616;0.124990098699451
3.62;0.127473328517888
3.624;0.168529685303477
3.628;0.0427418664795271
3.632;-0.0611729043331793
3.636;-0.00439995671917138
3.64;-0.0146605055953255
3.644;0.0706227638860517
3.648;-0.101973825220926
3.652;0.007606075111123
3.656;-0.00995717724456395
3.66;0.0136498675471802
3.664;0.0534241821734519
3.668;0.0174900225102773
3.672;-0.00835861889369571
3.676;6.15200163206095E-05
3.68;-0.0610043290128861
3.684;0.106297805784553
3.688;-0.0718620517156882
3.692;-0.0968584107631711
3.696;-0.064970952267753
3.7;0.0185280642203683
3.704;-0.0372340688418535
3.708;0.0533567601207215
3.712;-0.0381185305139336
3.716;0.0892637392942382
3.72;-0.0836481517168587
3.724;0.0615531309008236
3.728;-0.0145191258588921
3.732;-0.0931643012784638
3.736;-0.039462892815027
3.74;-0.0159372109823941
3.744;-0.00465283732616231
3.748;0.0366833224437457
3.752;-0.0593151744559719
3.756;-0.0274866212174789
3.76;0.0274508335028644
3.764;-0.0498959180429977
3.768;-0.011595851206929
3.772;0.0647287130190386
3.776;0.0433848035347388
3.78;0.0879021283350259
3.784;-0.00580329523968648
3.788;-0.118315795952769
3.792;-0.00272474547205688
3.796;0.0136868862828844
3.8;-0.0234445843371953
3.804;0.00481242280732965
3.808;0.0626727190749768
3.812;0.0234102260920589
3.816;0.016626449754082
3.82;0.0823851075533507
3.824;-0.013199874750645
3.828;-0.0663499278882435
3.832;0.0685579293045102
3.836;0.0627222743233731
3.84;-0.0527138444551728
3.844;0.00357597577013648
3.848;0.0246762339084713
3.852;-0.0152427436238174
3.856;-0.00809054538925794
3.86;-0.0466951774207482
3.864;-0.0821893368735364
3.868;-0.0214067957356643
3.872;-0.00412121057879856
3.876;0.0520007249658298
3.88;0.00520700061954793
3.884;0.0586638301101091
3.888;-0.00324348862270454
3.892;-0.0137962802042179
3.896;0.0298553454695741
3.9;0.0187206346929309
3.904;-0.0131483002084615
3.908;-0.0866227700943172
3.912;-0.0450062174625969
3.916;-0.053480146567366
3.92;-0.00521561399563381
3.924;0.0530731870237089
3.928;-0.00864176518039813
3.932;-0.0165209557623279
3.936;-0.0326415057169973
3.94;0.0975549051176658
3.944;0.0178325553109185
3.948;-0.0150388346916742
3.952;-0.104862695213936
3.956;0.053147145212966
3.96;0.0585400930730867
3.964;0.0305650769195201
3.968;-0.00478483917675646
3.972;0.0198503194374569
3.976;-0.0673607082002882
3.98;0.0210255205948312
3.984;-0.0575495792734471
3.988;-0.0334075633059732
3.992;0.0438158101797577
3.996;-0.0159049971356029
4;0.0623128020422709
4.004;0.0207743718948698
4.008;-0.0938057373714175
4.012;-0.010666883472873
4.016;-0.029408937525153
4.02;-0.064175551302379
4.024;0.0242152462209865
4.028;-0.0593388243158032
4.032;0.000742286951302086
4.036;0.00875548033893408
4.04;-0.0847289171786899
4.044;-0.059828938666339
4.048;-0.0437525807791814
4.052;0.0383041606115512
4.056;-0.0127078959644036
4.06;-0.107814827248589
4.064;-0.0440155547122476
4.068;0.0872349812220749
4.072;0.0191370504835721
4.076;-0.0335651534768843
4.08;0.0140475463115954
4.084;-0.0392140037401454
4.088;0.0429972529993021
4.092;-0.0158762371982755
4.096;0.0191895731795151
4.1;0.0801407661462662
4.104;0.0489284128998849
4.108;0.0321286973451592
4.112;-0.0684439739798516
4.116;-0.0538210915146408
4.12;-0.022915681477882
4.124;0.0414647423420129
4.128;-0.0110495481706101
4.132;0.0280453395802562
4.136;-0.0233856714994966
4.14;-0.0215298063961785
4.144;0.016654294304551
4.148;-0.00110493234516154
4.152;0.00014222804588099
4.156;-0.0240125251810268
4.16;0.00676617193481118
4.164;0.0758429235324085
4.168;0.0980663423859949
4.172;0.0161839233671206
4.176;-0.0269317144655822
4.18;-0.0139674852033398
4.184;-0.00845368770585784
4.188;0.0385485455620637
4.192;-0.0832556712987837
4.196;0.0947884172863851
4.2;0.0184482865340944
4.204;-0.162669609673878
4.208;-0.00438800946507384
4.212;-0.0487609678194412
4.216;0.0310829897708535
4.22;0.0971104498519649
4.224;0.0312760342917142
4.228;0.0520914620155594
4.232;0.0341218291663026
4.236;-0.012586038879922
4.24;-0.0118902456540446
4.244;0.0353339130308363
4.248;-0.0462334320400713
4.252;-0.0588393890186735
4.256;0.00230838946239939
4.26;0.00424553744287802
4.264;-0.0558496325747597
4.268;0.0297970492738407
4.272;0.0531711553378814
4.276;-0.0237894909079189
4.28;-0.00215443819116562
4.284;-0.0409713228807412
4.288;0.0465207252305326
4.292;-0.0300125704028497
4.296;0.0130209261180842
4.3;0.0806297174817658
4.304;0.0641338778211092
4.308;0.0473256540632739
4.312;-0.0196714400421104
4.316;-0.0123558952433505
4.32;-0.0799736962670846
4.324;0.0496619709705099
4.328;-0.0103554818001544
4.332;-0.0576068978474422
4.336;-0.00757638031995362
4.34;0.0141733306589107
4.344;0.0721087195463598
4.348;-0.0359959642188336
4.352;-0.0442375487065166
4.356;0.0197733940601302
4.36;0.0509619954118392
4.364;0.069075550855142
4.368;-0.0638882007876696
4.372;-0.0490550583118701
4.376;0.0392656604142495
4.38;-0.0285947312875472
4.384;-0.0202107069787937
4.388;0.0332657828028469
4.392;0.0170918207593467
4.396;-0.0308227504873157
4.4;-0.0365964851836303
4.404;0.0361287952590625
4.408;0.0133005597212675
4.412;0.000350595987362374
4.416;-0.0556534878544137
4.42;-0.0538678256846128
4.424;0.00632102695676094
4.428;-0.070660981842597
4.432;0.01847469937822
4.436;0.0255342885489309
4.44;0.0354785512211884
4.444;-0.0720819199118119
4.448;0.0446566110084148
4.452;0.0607616122535044
4.456;0.0876479900228832
4.46;-0.0410361881496661
4.464;-0.0182695961597598
4.468;0.0223210597791464
4.472;-0.0232055301968754
4.476;0.00706937733665949
4.48;0.0165146710834611
4.484;0.089636129081321
4.488;0.0222248321217054
4.492;-0.0230975892454592
4.496;-0.00121046220858771
4.5;0.0392883189650213
4.504;0.0400954205551914
4.508;0.0329174287304966
4.512;0.12562616276204
4.516;0.0626275952684601
4.52;0.0844550913242662
4.524;0.138389812023068
4.528;0.231275877145178
4.532;0.370246152078708
4.536;0.495124486359121
4.54;0.621538481790016
4.544;0.644252617961746
4.548;0.870028753940885
4.552;0.948223482810735
4.556;1.06118147537542
4.56;0.917172868318014
4.564;1.02352959968787
4.568;0.887767832333713
4.572;0.948453372542726
4.576;0.712994605399
4.58;0.67459278808113
4.584;0.447444407521329
4.588;0.388128375891863
4.592;0.30398321122257
4.596;0.209165060855545
4.6;0.171452176659452
4.604;0.0958484944467871
4.608;0.0339589488891477
4.612;0.00345195211708541
4.616;0.0678664260542756
4.62;-0.00615505894874132
4.624;0.0416086450967028
4.628;-0.00780508917484323
4.632;0.0537070439221505
4.636;0.0231842370852097
4.64;-0.00176383506228982
4.644;0.035210601328279
4.648;0.106110702948294
4.652;-0.0698683495064503
4.656;-0.0181387654035027
4.66;0.00761443027609342
4.664;-0.0444851975541517
4.668;0.0802549113778072
4.672;0.0249870686639992
4.676;0.0425632314820741
4.68;0.0179976223820162
4.684;0.038527276494571
4.688;-0.0187447099354186
4.692;-0.0725079380982363
4.696;0.0712958349273735
4.7;0.112745157740104
4.704;-0.0148350085306448
4.708;0.0153192153143113
4.712;-0.0229027415136511
4.716;0.0107331350314693
4.72;-0.00393245118815368
4.724;0.0722013276861791
4.728;-0.0627392700721449
4.732;0.0187893846589551
4.736;0.0227239014064653
4.74;-0.000573481256710415
4.744;0.0598775513102963
4.748;-0.0968498637225863
4.752;-0.0289322424700627
4.756;-0.00160734640643392
4.76;0.0675075188895343
4.764;-0.0400331982784354
4.768;0.0616747119180093
4.772;-0.0137366750175465
4.776;0.0601428217761325
4.78;0.0896853667709076
4.784;0.00529837317752326
4.788;-0.0529950634321413
4.792;-0.0110966995882019
4.796;-0.147808958687423
4.8;0.0051768442703511
4.804;0.0475780278514739
4.808;0.0642099432760981
4.812;0.0344903803852849
4.816;-0.00659395206784219
4.82;-0.0897914012453816
4.824;-0.000514459790118616
4.828;-0.0176061667764082
4.832;0.000384978406200104
4.836;-0.05194727927158
4.84;0.0049545125764359
4.844;0.0278607761064554
4.848;-0.0921836901255179
4.852;-0.012666710061654
4.856;0.0602265625278041
4.86;-0.0206254423020467
4.864;0.0466343083584658
4.868;0.00682482488289734
4.872;-0.0121843925227028
4.876;0.0314392142168542
4.88;0.0176243206295195
4.884;0.0434101594597703
4.888;-0.0440773665499601
4.892;0.088715140982653
4.896;0.0432806060869804
4.9;0.0192288048393766
4.904;0.0684094203239512
4.908;0.0519260910742301
4.912;-0.0717473849527348
4.916;0.0223447502461736
4.92;-0.0716996063976255
4.924;0.0251410964166585
4.928;-0.00213276101194609
4.932;0.0586649355956809
4.936;-0.0518142947658404
4.94;-0.0898366829319353
4.944;0.133909493860667
4.948;-0.00515482123740102
4.952;0.0211059866985414
4.956;-0.0291941709564146
4.96;0.0469012302953644
4.964;-0.00368763534271371
4.968;0.00529186914225159
4.972;0.0622028034897073
4.976;-0.0247892961600703
4.98;-0.0261328002749262
4.984;0.0589264162978353
4.988;-0.0192522171497555
4.992;0.0641118548100609
4.996;0.0438383492258589
5;-0.0807803433229997
5.004;0.0575945988685522
5.008;-0.0471571499719033
5.012;0.070676110862068
5.016;0.10768464308179
5.02;-0.0185903129135579
5.024;0.0136320360730504
5.028;0.0103072748508252
5.032;0.0313016785902456
5.036;0.0159045821153602
5.04;-0.0148534280450024
5.044;-0.0119065539427886
5.048;0.075177642216199
5.052;0.0145855105953803
5.056;0.00898101873987483
5.06;0.0169816964683768
5.064;-0.0139794358357866
5.068;0.00814979641460347
5.072;0.0370785809620038
5.076;-0.00539600790818933
5.08;-0.0101109708938609
5.084;0.0624341299512028
5.088;0.042971878128491
5.092;-0.0474151923219394
5.096;-0.0715750132676277
5.1;0.0431592525641272
5.104;-0.017548315216642
5.108;-0.0595566048724738
5.112;-0.10613619722813
5.116;-0.0193131281416081
5.12;-0.0718979315478073
5.124;0.0143442707156455
5.128;0.0822120554368088
5.132;-0.0464222797192227
5.136;0.0300799927144437
5.14;0.0583083440234798
5.144;-0.0302019625218734
5.148;0.0421119423572709
5.152;0.0716778902282086
5.156;-0.0528884271483977
5.16;0.0456891329657059
5.164;0.0010850182097035
5.168;0.0504210116100997
5.172;0.0184823214820346
5.176;-0.0407210024899323
5.18;-0.0361833622022729
5.184;-0.0469102766766472
5.188;-0.0713622567326668
5.192;-0.0124195237884993
5.196;-0.023905657261447
5.2;-0.0184279610738274
5.204;0.0842916256757952
5.208;-0.02308162169723
5.212;0.012870780468124
5.216;-0.0440257502822583
5.22;-0.072179341723102
5.224;0.0320879225219161
5.228;-0.0758719015708664
5.232;0.0317891564734091
5.236;-0.000455711534762593
5.24;0.10523971658017
5.244;0.0279182651199082
5.248;0.0595019782428098
5.252;0.0249868528231832
5.256;0.0192394553366818
5.26;0.0864899731796019
5.264;-0.017594113999347
5.268;-0.0526134485844815
5.272;-0.0629992094493157
5.276;0.0426667666116471
5.28;0.0766555010209612
5.284;0.132052035572371
5.288;0.12662583653362
5.292;0.102341236044215
5.296;0.298549446347283
5.3;0.413711059704329
5.304;0.470262842882403
5.308;0.626151469952474
5.312;0.730135300329427
5.316;0.827168699950229
5.32;0.955810433818729
5.324;0.990648132358561
5.328;1.01150965759439
5.332;0.976866727301838
5.336;0.880206217959253
5.34;0.85630581660974
5.344;0.817143130748822
5.348;0.701496390297662
5.352;0.533192578734786
5.356;0.33482007300611
5.36;0.222364985009772
5.364;0.201836216680531
5.368;0.146567095560204
5.372;0.0619116971447914
5.376;-0.00994208979127913
5.38;0.0083915572170806
5.384;0.0202708552446452
5.388;-0.0221883731384277
5.392;0.0951187663199435
5.396;-0.0486847311672857
5.4;0.0364540449729466
5.404;0.00048478592979413
5.408;0.0190302371111037
5.412;-0.0438956567716645
5.416;-0.0368955381113648
5.42;-0.0604319944677328
5.424;0.0445200059397934
5.428;0.0337584101896336
5.432;0.0705508146826124
5.436;-0.100646396890358
5.44;0.00125314664754356
5.444;0.0144571560159364
5.448;-0.014718983699053
5.452;0.000484556399257106
5.456;0.017712933298882
5.46;-0.0755338741787236
5.464;-0.0330780398284833
5.468;-0.0377367811380174
5.472;0.0103346482422534
5.476;-0.0376500023010428
5.48;-0.0704891645860972
5.484;-0.0137434815267794
5.488;0.119630648521629
5.492;-0.0440669170145182
5.496;-0.0250499824064566
5.5;0.0599929744489512
5.504;-0.0812969623927888
5.508;-0.0484300748223376
5.512;-0.0356872549070973
5.516;-0.0322357747228721
5.52;-0.0845545163482634
5.524;-0.019427354690338
5.528;0.0188534845840866
5.532;-0.00123518206592851
5.536;0.0299066604936055
5.54;-0.0347877360890315
5.544;-0.0416939990005985
5.548;-0.0283502004506056
5.552;-0.0243731263796502
5.556;0.0138978981473639
5.56;0.065707668002638
5.564;0.0319339941282267
5.568;0.00690888100717179
5.572;-0.0614105686148512
5.576;-0.00429743529588605
5.58;0.0164643792176171
5.584;0.0097870515278992
5.588;0.029863524644783
5.592;-0.00810883696761436
5.596;-0.0277814564440306
5.6;-0.0339460730839693
5.604;-0.00498379379498395
5.608;-0.0511261386349444
5.612;0.0374136848463408
5.616;0.0731740839817214
5.62;0.00464497232248658
5.624;0.012475460673597
5.628;0.0306673305831066
5.632;0.0727489821662427
5.636;0.0409094894827629
5.64;0.053218830111923
5.644;-0.0266780891574244
5.648;0.0406824900720491
5.652;-0.0188894984236801
5.656;0.0183984985937988
5.66;0.00882494286238826
5.664;0.0205499715464091
5.668;-0.10310964089973
5.672;-0.00714706002935547
5.676;-0.0614087745797751
5.68;-0.0101981816052839
5.684;-0.038767982231783
5.688;-0.0368818544665436
5.692;0.00254203820188512
5.696;0.0130618604453748
5.7;-0.0867296466620762
5.704;0.00807940611177773
5.708;0.0430670085263516
5.712;0.0521647937003547
5.716;0.00279755023968199
5.72;-0.148573652601322
5.724;-0.0059643327938761
5.728;0.0847926990012365
5.732;0.0898691785201993
5.736;-0.0423927253743638
5.74;-0.0100917295516174
5.744;-0.022702758488251
5.748;-0.0528359556771942
5.752;-0.0146282082546479
5.756;-0.0162935831167671
5.76;0.0731475991146095
5.764;0.0305048761949657
5.768;0.00600679238988714
5.772;-0.0146706429467126
5.776;0.094797066406941
5.78;0.00138607387786531
5.784;-0.0923524297315477
5.788;-0.0118200933578824
5.792;-0.0610392635531752
5.796;-0.111730268080533
5.8;-0.0269497618913167
5.804;-0.0823105526465067
5.808;0.0245205140011968
5.812;0.0302034786366058
5.816;0.0136821030005047
5.82;-0.0714329473528077
5.824;0.0212307570438107
5.828;-0.0487371698642315
5.832;-0.0313610127565243
5.836;0.0965070957369788
5.84;0.0105259312483872
5.844;0.06315268147714
5.848;-0.0718709462533229
5.852;0.0174757221389143
5.856;-0.0600413869241717
5.86;-0.0524970149980152
5.864;-0.00117964487536717
5.868;0.0437216093785879
5.872;-0.0177113317709404
5.876;0.0582623854456755
5.88;0.0960136178744887
5.884;-0.0250288481204958
5.888;0.109890443260791
5.892;0.0622289435783588
5.896;0.0698612872155802
5.9;-0.0173093615243576
5.904;-0.0318268375910875
5.908;-0.0351223092714517
5.912;0.0756921505767746
5.916;0.0612913784565794
5.92;0.106593505025343
5.924;0.0129179946747628
5.928;0.0535463890167508
5.932;-0.0282823210425827
5.936;-0.0860630765208842
5.94;-0.0482052836681615
5.944;-0.0213046896179484
5.948;0.00986088731996422
5.952;0.0221245473372093
5.956;0.0153723811184058
5.96;0.0862600400799548
5.964;0.0215177301589765
5.968;-0.0506519105095071
5.972;0.0174105531438529
5.976;-0.0658669478423484
5.98;0.0609776009167158
5.984;0.105278109383735
5.988;-0.0153731787024829
5.992;-0.00644660397323716
5.996;0.0250024383627759
6;-0.0119854505697908
6.004;0.0571648556289542
6.008;0.0252258154290609
6.012;-0.0293217400414737
6.016;-0.0373806075315334
6.02;-0.0109622099765596
6.024;0.00386152962902348
6.028;0.0556427755911223
6.032;0.0431713669710226
6.036;-0.00529100296500513
6.04;-0.02564086106352
6.044;0.0491842165877031
6.048;-0.065013365115571
6.052;0.0465464073063909
6.056;0.00231558294679213
6.06;-0.0246599827926842
6.064;-0.0505824054726701
6.068;0.0465754272970417
6.072;0.0923388333209955
6.076;0.0604980161127653
6.08;0.00493306511779969
6.084;0.0617745570330655
6.088;0.0021517448796734
6.092;0.0584027950999639
6.096;-0.0652597300583576
6.1;0.0550028043143735
6.104;0.0648166549785638
6.108;-0.0330687081379852
6.112;0.0221175200424127
6.116;0.0775369717484559
6.12;0.0742592112952057
6.124;-0.0317471948204223
6.128;-0.0292383336875235
6.132;0.0265399679797713
6.136;-0.0132965314509109
6.14;0.0438776803485515
6.144;0.00108677290672586
6.148;0.02169333335716
6.152;0.00892605354465213
6.156;0.0101628060813876
6.16;-0.0804269705605645
6.164;0.0546398792323669
6.168;0.0724329036486037
6.172;0.0847164642971706
6.176;0.159335453693719
6.18;0.193376161206259
6.184;0.313466919016636
6.188;0.399817911630249
6.192;0.491022318866721
6.196;0.677992276518355
6.2;0.667528890867329
6.204;0.811577663388487
6.208;0.93493139586918
6.212;1.00569945976608
6.216;0.960880649364511
6.22;0.974006206759383
6.224;0.937200184224168
6.228;0.75391078901747
6.232;0.616474998666619
6.236;0.607884343494167
6.24;0.490128039194633
6.244;0.335217157651734
6.248;0.270552074823094
6.252;0.169345025359467
6.256;0.101747527644692
6.26;0.0211693247579381
6.264;0.092297678006498
6.268;-0.0258703972859969
6.272;0.0884939845696005
6.276;0.00267955985431259
6.28;-0.00702439101839426
6.284;0.029754176068311
6.288;-0.00258179038322928
6.292;0.0982467256647285
6.296;0.00458856755169501
6.3;0.00941875616481114
6.304;0.00397707215218597
6.308;0.0118897066165337
6.312;-0.0107148455865644
6.316;-0.00271941241296
6.32;0.00290279429634519
6.324;-0.0010659380240585
6.328;-0.124540601696831
6.332;-0.0903542617013886
6.336;0.0661681014249472
6.34;-0.0690829992656126
6.344;-0.0462518162110414
6.348;-0.107674840140739
6.352;0.0434729320072099
6.356;-0.104587964887216
6.36;-0.0149881312908402
6.364;0.026801405519511
6.368;0.00703513250778517
6.372;0.026959184618149
6.376;-0.0701914064017402
6.38;0.00440490420991446
6.384;0.0330525291224899
6.388;-0.0277689927370416
6.392;0.0100752611755143
6.396;0.0102806676941088
6.4;-0.0320909732384296
6.404;0.00858139482519781
6.408;0.0513841942597505
6.412;0.00630951582758255
6.416;-0.131122730280262
6.42;0.0382989262926492
6.424;-0.0558207118641812
6.428;-0.103712429959776
6.432;-0.0548300013465314
6.436;0.0423526014794082
6.44;-0.096048464738862
6.444;0.0338059926030972
6.448;-0.0478177694461311
6.452;0.042024766715028
6.456;-0.0135656789893183
6.46;0.0646109476235319
6.464;0.042745444299952
6.468;0.0499057923022487
6.472;-0.0384778336520672
6.476;0.0241984693098376
6.48;0.0387065572776308
6.484;0.0062082766820925
6.488;-0.0200016036588208
6.492;-0.00447432131385266
6.496;-0.0546970045186822
6.5;-0.00483211092017072
6.504;0.00631955446112757
6.508;-0.0530354986818078
6.512;-0.0269985662020605
6.516;0.0296337773219118
6.52;0.0839388252398695
6.524;0.0153821718535307
6.528;0.00847965582181874
6.532;-0.00629502082707101
6.536;0.0426348470108741
6.54;0.00353687211876674
6.544;-0.0179209508975765
6.548;-0.0443910296342136
6.552;0.00184743006486463
6.556;-0.0124976331436841
6.56;0.049563949624486
6.564;-0.001843960790415
6.568;0.0586993364806017
6.572;-0.0818004254476267
6.576;-0.0462873440266237
6.58;0.00701293450496396
6.584;0.0837693492930557
6.588;-0.0309570973428028
6.592;0.0126676891535722
6.596;-0.0340360708532788
6.6;-0.025850346664695
6.604;0.0776354408939319
6.608;-0.0235995872949503
6.612;-0.060942494479469
6.616;0.00122133803332163
6.62;0.00698655885452047
6.624;-0.0500458837457698
6.628;0.000700732546326718
6.632;-0.0370280771317569
6.636;-0.0197606855296949
6.64;0.0709040382006695
6.644;0.0225727875123236
6.648;0.0100308629302503
6.652;0.0692399347120197
6.656;-0.0229382599006896
6.66;0.0262631136135086
6.664;0.0248852116184473
6.668;0.0313566155293731
6.672;0.0188157726423121
6.676;-0.0605259157953657
6.68;-0.0744517389277832
6.684;0.0153905428006178
6.688;0.0470893993667979
6.692;-0.148567839005124
6.696;-0.0430587942505736
6.7;-0.062718208213516
6.704;-0.0759424700937113
6.708;0.0853598945657288
6.712;0.0389605672128089
6.716;-0.0397130311204546
6.72;-0.00725200957737914
6.724;-0.0477602081741882
6.728;0.0772962233883071
6.732;0.0549923860373884
6.736;-0.0219294863385631
6.74;0.033281489685777
6.744;-0.0502086072276793
6.748;-0.00796379323129676
6.752;-0.0475358557822413
6.756;-0.00438632678488134
6.76;0.00940718271666912
6.764;-0.0266296757131985
6.768;-0.00524243502132556
6.772;-0.0143024259180371
6.776;0.00195107331122394
6.78;0.0256604606786568
6.784;-0.0077761581451555
6.788;-0.0470214987137101
6.792;-0.0356470637285163
6.796;-0.0854315535514397
6.8;-0.00625290693903421
6.804;0.00422712038632706
6.808;-0.0355636268587111
6.812;0.0649077867180134
6.816;-0.0364457485822265
6.82;0.0275339272541108
6.824;0.0624028597077599
6.828;0.0232001610132976
6.832;-0.01935110193833
6.836;-0.00675033411745309
6.84;-0.020534914772592
6.844;-0.0301070092642194
6.848;0.0170333136977887
6.852;0.0280339505795945
6.856;0.0853077442289991
6.86;0.0105027790450761
6.864;-0.0173687411604772
6.868;0.0640726253428502
6.872;-0.0232253422672195
6.876;0.0190622914195541
6.88;0.0607251773376226
6.884;0.00941788236593762
6.888;0.0161840253697403
6.892;0.036486132261933
6.896;0.0820235332208415
6.9;-0.00327261407766449
6.904;-0.0190611456278492
6.908;0.00489993771229038
6.912;-0.00260410981895478
6.916;-0.0537804856021834
6.92;-0.0460434729005092
6.924;0.00129061364097366
6.928;-0.00207729308796272
6.932;-0.00484533764545655
6.936;0.0591312481475207
6.94;0.0242508625331749
6.944;0.0334076695275382
6.948;0.0245168540248903
6.952;-0.00845052950105164
6.956;-0.0261477998697408
6.96;0.0648361355192607
6.964;-0.0297612626914441
6.968;0.0647478655121428
6.972;-0.0470696502836761
6.976;0.0207049177897463
6.98;0.0469834095623851
6.984;-0.0411383565932307
6.988;0.0167136176815362
6.992;0.0813473847038764
6.996;0.0402443268116253
7;-0.0284058188257871
7.004;-0.111976490296101
7.008;-0.0159195050496226
7.012;0.0343618349251994
7.016;-0.0687946197484745
7.02;-0.0547287253655397
7.024;-0.0313382983464217
7.028;0.0272376276690773
7.032;-0.0472531534490817
7.036;0.053038992905184
7.04;0.0207532632285469
7.044;-0.0305502456544643
7.048;-0.0341521813538721
7.052;0.0508479862137941
7.056;0.012187595840674
7.06;0.0358452566133946
7.064;0.0648148674813615
7.068;-0.0242780341912742
7.072;0.024849372422645
7.076;-0.0242516426665239
7.08;-0.0064046245747616
7.084;0.036586559794647
7.088;0.0657170203509541
7.092;0.054503171269665
7.096;0.0758143301237872
7.1;0.0885931644877192
7.104;0.0483424357451317
7.108;0.0969684415892772
7.112;0.208337506742846
7.116;0.414281974642646
7.12;0.363911093405201
7.124;0.51265742757098
7.128;0.540650958081189
7.132;0.607222370671041
7.136;0.925600900854638
7.14;0.844709056913986
7.144;0.957506641147006
7.148;0.940331851346516
7.152;0.996968163495993
7.156;0.958643028830593
7.16;0.811981232789112
7.164;0.737444421856161
7.168;0.70794917169591
7.172;0.504482582773768
7.176;0.378436058407029
7.18;0.226470008155755
7.184;0.199009872550856
7.188;0.0846651504266272
7.192;0.00357898622809014
7.196;0.0589886334328521
7.2;0.0416499124757941
7.204;-0.0678843740088593
7.208;0.0449244024688751
7.212;0.0394598958678958
7.216;-0.0703085312768779
7.22;-0.032061381466907
7.224;0.0197713629161616
7.228;0.0704747973022941
7.232;0.0917310267311183
7.236;-0.0496641840291161
7.24;0.0490438173980768
7.244;-0.0721289218809497
7.248;0.0463824861311624
7.252;0.00638154052458828
7.256;0.00722096459425472
7.26;0.00374898119492364
7.264;-0.0208537214946729
7.268;-0.00886940912846701
7.272;0.066496716728305
7.276;0.0484416332281576
7.28;-0.0220887052814063
7.284;0.0297088214282829
7.288;0.0155524714000623
7.292;0.067019135263465
7.296;-0.0465940923899902
7.3;0.0493534132481401
7.304;0.0479246199979361
7.308;-0.0049349891267762
7.312;-0.048697365672566
7.316;0.0753583262102693
7.32;-0.0236208474966476
7.324;-0.0119910099846709
7.328;0.0520154281325066
7.332;-0.0690870025478281
7.336;0.0194475456465823
7.34;-0.0570209835883277
7.344;0.066167877779413
7.348;-0.0142996751808844
7.352;-0.0114967735919675
7.356;-0.0863276184218797
7.36;0.0202493151143681
7.364;-0.0348981405347077
7.368;-0.0180224132556481
7.372;0.0380466661889835
7.376;-0.148671785597501
7.38;0.0163934938862215
7.384;-0.0183974620335058
7.388;0.042306065774223
7.392;-0.0340448899132995
7.396;-0.0447948733822904
7.4;0.0233223920200711
7.404;-0.0630669735323197
7.408;-0.0713805440322906
7.412;0.0771427601977533
7.416;0.0449320043693308
7.42;0.00818197064079983
7.424;-0.0602973866018904
7.428;-0.0273442568384052
7.432;0.0110747473102105
7.436;-0.054373754790689
7.44;0.0255786432761643
7.444;0.0107711544338399
7.448;0.0805870051434366
7.452;0.00160753374126034
7.456;0.0755832055586181
7.46;-0.079454176036489
7.464;-0.0326187299596862
7.468;-0.0242708863384361
7.472;0.0856240179351872
7.476;-0.0664888884597019
7.48;-0.0181912305998459
7.484;0.017840528668523
7.488;0.0371162989533738
7.492;0.0492385195084926
7.496;0.0607315080164447
7.5;0.0117139649488424
7.504;-0.0409837009257735
7.508;-0.0100386084023996
7.512;-0.0362153221404717
7.516;0.00626662392841685
7.52;0.0736524928860813
7.524;-0.0120656456702787
7.528;-0.0528609235784674
7.532;-0.00128676717648071
7.536;-0.0762823207072983
7.54;-0.0509714606255258
7.544;-0.0365604811125188
7.548;0.0533707786316785
7.552;0.0543981143621317
7.556;0.0531802665744477
7.56;-0.00769216400933225
7.564;-0.0199228917948258
7.568;-0.0798132579258509
7.572;-0.0430996371191644
7.576;0.0943739257233625
7.58;0.0025463563974964
7.584;0.0167920375453983
7.588;-0.0215515047479046
7.592;0.0241546833722501
7.596;0.0328552861905943
7.6;-0.011367687319631
7.604;0.135143366044429
7.608;-0.0294670826256461
7.612;0.105226979222049
7.616;-0.00652183849905459
7.62;0.0294143734276683
7.624;0.0937513501087882
7.628;-0.071869944752367
7.632;-0.0855733630718711
7.636;-0.0576015033763156
7.64;-0.0784660202288419
7.644;-0.0640059077025436
7.648;0.0489362762154214
7.652;0.0506719019964582
7.656;0.00391511233319308
7.66;-0.0250048696567864
7.664;0.0396732976075695
7.668;0.00106044601647386
7.672;0.0651511584888645
7.676;-0.0398062805651299
7.68;-0.0231285002902573
7.684;-0.0169332958400869
7.688;-0.0351391647160574
7.692;-0.11895305494302
7.696;0.0254951084169726
7.7;0.00295886938637321
7.704;-0.0242920306440121
7.708;-0.0420095526677362
7.712;-0.028013133838955
7.716;0.0395055966892289
7.72;0.0278985480209976
7.724;0.0148328315435772
7.728;-0.0793210283721796
7.732;0.0934577905923015
7.736;-0.0797058531539577
7.74;-0.0567082622745642
7.744;-0.00576435833716002
7.748;-0.171813914113016
7.752;0.0128307403252313
7.756;0.0180220143015467
7.76;-0.00666640067239966
7.764;0.0347467060855889
7.768;-0.0388151479004179
7.772;-0.0195507079926268
7.776;0.0248578364316012
7.78;0.00946683857382925
7.784;-0.0471916648865271
7.788;-0.0724013208857165
7.792;-0.0836839366634855
7.796;0.04065328690726
7.8;-0.00810906307010862
7.804;0.00343825549327178
7.808;0.136962545172607
7.812;0.0524219343045744
7.816;-0.00600706371542161
7.82;0.0025004535587212
7.824;-0.0295388287738983
7.828;0.0859576158313637
7.832;-0.019391216889027
7.836;-0.017117577913906
7.84;-0.0592976266193912
7.844;-0.0271186707493539
7.848;0.0196066876233766
7.852;0.0189234601065131
7.856;-0.0105167913326882
7.86;-0.0373198354967283
7.864;0.0989490271895601
7.868;-0.0204886327019939
7.872;-0.0492042083637429
7.876;0.00541976836781732
7.88;0.032908107590218
7.884;-0.0529913146174095
7.888;-0.0204850376674148
7.892;-0.0194099265974449
7.896;0.0296095058252301
7.9;0.0118276049385545
7.904;0.050295027149066
7.908;-0.0567899196753165
7.912;0.053784239012475
7.916;0.0208175156762899
7.92;-0.0038535872755241
7.924;-0.0228039000477282
7.928;-0.00715403980899537
7.932;-0.0727107338223771
7.936;-0.067998192785543
7.94;0.0120525407371394
7.944;-0.0871882684308775
7.948;-0.00838138493496118
7.952;-0.0551991484219502
7.956;-0.00781930792833312
7.96;0.0341974075812719
7.964;0.0101674885993436
7.968;-0.0803424213091644
7.972;0.0714159944267016
7.976;-0.031537381932852
7.98;-0.0213772317909911
7.984;-0.0859749160557563
7.988;0.0438331039107357
7.992;0.055098326283365
7.996;-0.0103516025275352
8;-0.0533088811470019
8.004;0.0540645198871193
8.008;0.149251595682934
8.012;-0.00542230905459881
8.016;0.102173095219636
8.02;0.0223663880215618
8.024;0.10787429749917
8.028;0.0245631945928429
8.032;0.270948346401632
8.036;0.280487986892896
8.04;0.34020188376873
8.044;0.517467950129316
8.048;0.625830121421593
8.052;0.578235737103735
8.056;0.837194480847735
8.06;0.92618490903925
8.064;0.977314652782587
8.068;0.959199662119579
8.072;0.969103157686257
8.076;0.950072953533631
8.08;0.897113880640352
8.084;0.76606035262798
8.088;0.61839010540458
8.092;0.426036575086093
8.096;0.419397047831355
8.1;0.260089828057623
8.104;0.132522345418526
8.108;0.190566767991123
8.112;0.220266854260146
8.116;0.134388792058016
8.12;-0.0135624279554376
8.124;-0.0231254645621293
8.128;0.0606631126640356
8.132;-0.102898700924851
8.136;0.0194211497901765
8.14;0.0586153467639294
8.144;0.0249992305427256
8.148;0.00900985160476675
8.152;0.0612054494790058
8.156;-0.0808735654986309
8.16;-0.0636545782155281
8.164;-0.0256977242997873
8.168;0.0751207289148814
8.172;-0.0750668289446677
8.176;0.0904534057142071
8.18;0.0610977182419391
8.184;-0.0734460030579262
8.188;0.0499893214128987
8.192;0.0479617362939952
8.196;0.0504855676193102
8.2;-0.00525142822696565
8.204;-0.0331880840914221
8.208;-0.0959855670252445
8.212;0.0652400316812313
8.216;0.0982737406998539
8.22;0.104896128764178
8.224;-0.00623492207105219
8.228;0.069303588762067
8.232;-0.0445124794047824
8.236;-0.0220058592634121
8.24;0.0476955573524175
8.244;-0.0345596754957714
8.248;-0.00391278023381439
8.252;0.0368719756839939
8.256;0.0158708451993369
8.26;0.0305605849533755
8.264;-0.0260289810167653
8.268;0.0485985839112548
8.272;0.0340384893785263
8.276;0.00901624250439008
8.28;-0.00999039034635823
8.284;-0.042509824579243
8.288;-0.0974975729710838
8.292;0.0162370124908591
8.296;0.0100507052609872
8.3;0.122332459295819
8.304;0.0475514597668017
8.308;0.0822308546558858
8.312;-0.0720628867166841
8.316;-0.0316073730629816
8.32;0.0100394071497354
8.324;-0.0860675477096698
8.328;0.0562914116558219
8.332;0.0464348007945377
8.336;-0.0247999744643562
8.34;0.0641866284505246
8.344;0.00864507747095543
8.348;-0.0757378765795793
8.352;0.0828600773660271
8.356;0.0290152258544209
8.36;0.071702114564784
8.364;0.0422560251292512
8.368;-0.016707112197076
8.372;-0.0464846256393425
8.376;0.0894591802136622
8.38;-0.110961440641944
8.384;-0.00859422220032309
8.388;0.0676309202978447
8.392;0.00913612400119221
8.396;0.0134670798836757
8.4;-0.0786379483526682
8.404;-0.0465564396532307
8.408;0.0524053913094478
8.412;-0.0357515821324441
8.416;0.0110009080495961
8.42;0.0358404842983042
8.424;0.130682020913264
8.428;-0.0223142551580347
8.432;-0.0520408366328191
8.436;-0.00800293866494564
8.44;-0.0181562406736447
8.444;0.0497930998363893
8.448;-0.0513294952052832
8.452;0.0301646402999603
8.456;0.040180160930639
8.46;0.0392497613305529
8.464;0.00298365031683805
8.468;0.00808931852915199
8.472;-0.0765243484606975
8.476;-0.0638356673046051
8.48;-0.0543807638792113
8.484;-0.0415010207916459
8.488;-0.000610774161228243
8.492;0.0161561931660868
8.496;-0.00889922118729674
8.5;0.0077708530970286
8.504;-0.0256182012698021
8.508;-0.0837470958988541
8.512;0.0206003525583228
8.516;0.092091634156724
8.52;0.0961228257637632
8.524;-0.0635535131344637
8.528;-0.0102497124621244
8.532;-0.122033808589698
8.536;-0.106396646039628
8.54;-0.0318622815097581
8.544;0.0569568672566095
8.548;0.0223723784069605
8.552;0.0645752105048015
8.556;0.0859852579174563
8.56;0.0823000773214648
8.564;0.0278170872864605
8.568;-0.0395340075835966
8.572;-0.100841468951822
8.576;-0.0436488833841312
8.58;0.0269178806548622
8.584;-0.0583638678623673
8.588;0.00469380966795744
8.592;0.0497306187497962
8.596;-0.0382387011211936
8.6;0.0584647182473005
8.604;0.0762372704671999
8.608;0.197433501008904
8.612;0.216888933705534
8.616;0.234778086282949
8.62;0.426220401026544
8.624;0.507513368498259
8.628;0.600621007901533
8.632;0.741184304349135
8.636;0.836959687999184
8.64;0.829949766868023
8.644;0.971559489430673
8.648;1.00653259899365
8.652;0.964396117488305
8.656;0.85541048599381
8.66;0.796223627105201
8.664;0.71784755155079
8.668;0.538801833893483
8.672;0.497601830360555
8.676;0.4524785455607
8.68;0.228281259103659
8.684;0.112382662298632
8.688;0.205735712672846
8.692;0.0698761436719563
8.696;0.0589715105734464
8.7;0.0343856654133291
8.704;0.0285279126884909
8.708;0.0458291973589485
8.712;0.0252605284171212
8.716;-0.0577498186953086
8.72;-0.063319259821594
8.724;0.00228211956229814
8.728;-0.0616829496608036
8.732;0.0297027117118605
8.736;-0.040466643128644
8.74;0.0341272243726054
8.744;-0.0539500719044233
8.748;0.0075981040957048
8.752;-0.0510027965867382
8.756;-0.0815877670168406
8.76;0.0407025184254137
8.764;-0.00645019284850952
8.768;0.0455582468423616
8.772;0.0349149171627026
8.776;-0.0137764614189242
8.78;0.0400349267672753
8.784;0.0600321960061207
8.788;-0.0525128624229334
8.792;-0.0188327943775818
8.796;-0.0235805677357161
8.8;-0.00672319108204263
8.804;0.0315476400798813
8.808;-0.0130614248098423
8.812;-0.0262461023642377
8.816;-0.0311033823338291
8.82;0.000427034783914093
8.824;-0.0348206233515228
8.828;0.0926106932309954
8.832;-0.0120531122771106
8.836;-0.0319605186340446
8.84;-0.0866550081739151
8.844;-0.0224760633474143
8.848;0.0233253897785785
8.852;0.00642700189163789
8.856;0.0951858626936275
8.86;-0.0938333354983358
8.864;0.0930644817764703
8.868;-0.0692062437127981
8.872;-0.12252486318751
8.876;-0.0944205589416636
8.88;-0.0209894534186252
8.884;-0.0331823086781803
8.888;-0.0103735018957545
8.892;0.0513855417694355
8.896;0.0309604878737908
8.9;-0.105667732822529
8.904;-0.0300419932903828
8.908;-0.0258982919680062
8.912;-0.0924111150773144
8.916;-0.00173683031425812
8.92;-0.00607705877085751
8.924;-0.010553397126827
8.928;-0.0166006890534877
8.932;-0.0601223441169131
8.936;-0.0797185991381324
8.94;0.00305945502626001
8.944;-0.0669959977465424
8.948;-0.00827966421158477
8.952;0.0904658693795132
8.956;0.0328847032063967
8.96;-0.0189039433485372
8.964;-0.0273641551368804
8.968;0.00793789311948664
8.972;-0.0100230333322878
8.976;-0.0145219342268836
8.98;-0.0622054170208075
8.984;-0.0301114771365888
8.988;0.00885652485556279
8.992;0.0715614160760743
8.996;0.0233865595166871
9;-0.0352387834793499
9.004;0.0732487763491483
9.008;-0.0399869074108315
9.012;-0.0499934552464319
9.016;0.00692118424260195
9.02;0.0832986145142216
9.024;-0.0814261894609607
9.028;0.0220217808577238
9.032;-0.00101710957339676
9.036;-0.0129490391560317
9.04;-0.0802541364463474
9.044;0.0542155331243241
9.048;-0.00437085398798261
9.052;-0.00231782298744316
9.056;0.00680549319443153
9.06;0.0463113018104329
9.064;0.0452287470340817
9.068;-0.0518335332703444
9.072;0.0188521630262248
9.076;-0.0679335009058856
9.08;-0.0385785532057528
9.084;0.00753004471653423
9.088;-0.0572477945608483
9.092;0.00803202200417821
9.096;0.048068372309206
9.1;0.0419067356009267
9.104;-0.018816060992005
9.108;-0.00316303860299717
9.112;0.0121692980512113
9.116;-0.0138856153187793
9.12;0.00256203557840575
9.124;0.00896646915617999
9.128;0.0489970906368007
9.132;0.0231159323432461
9.136;0.093679926375368
9.14;-0.0466938617498007
9.144;-0.0147164998373167
9.148;-0.00949990355821675
9.152;0.0285736242346486
9.156;0.0231041915379246
9.16;0.0590911469477636
9.164;-0.019115428166886
9.168;-0.0117097272216463
9.172;-0.0372990655482525
9.176;0.0821341053268531
9.18;-0.0374052675598094
9.184;0.0139450800740922
9.188;0.0710476673131975
9.192;-0.0290752411555154
9.196;-0.0136414314202823
9.2;-0.0330264573745469
9.204;0.0339852300013288
9.208;0.0136936231406656
9.212;-0.0932831550364347
9.216;-0.0819199815028356
9.22;-0.137891988498286
9.224;-0.0960510463003405
9.228;-0.209228235655279
9.232;-0.239657567410401
9.236;-0.339357820578493
9.24;-0.416696551826052
9.244;-0.532991287977324
9.248;-0.585219382992383
9.252;-0.734082308707731
9.256;-0.852232625066755
9.26;-0.996585430699362
9.264;-1.07232257673316
9.268;-1.13548925856339
9.272;-1.32211628245611
9.276;-1.38863544741324
9.28;-1.46425916438781
9.284;-1.5366569871347
9.288;-1.52774664016119
9.292;-1.57300905356793
9.296;-1.3895083120441
9.3;-1.33248206985261
9.304;-1.36233749558925
9.308;-1.29249901256995
9.312;-1.17192567344564
9.316;-0.94654257971525
9.32;-0.79737373247116
9.324;-0.610581377756962
9.328;-0.607263498724504
9.332;-0.506126641359258
9.336;-0.43154911610906
9.34;-0.249113202104661
9.344;-0.29107511860804
9.348;-0.171831842830897
9.352;-0.191281992072554
9.356;-0.0954633992827795
9.36;-0.165671626247385
9.364;-0.138220363650494
9.368;0.0359234690038828
9.372;-0.0333619693216951
9.376;-0.0225524180397711
9.38;-0.04451989946902
9.384;0.112491609541547
9.388;-0.00105407614174507
9.392;-0.018369422604818
9.396;-0.0198721474022078
9.4;-0.0355873491732555
9.404;0.0447266114858624
9.408;-0.00644735276131308
9.412;0.0240740470811553
9.416;-0.0461036855807473
9.42;0.0909970483534439
9.424;0.017291418604176
9.428;-0.0771641803294954
9.432;-0.00885170161512327
9.436;-0.00795948436138034
9.44;-0.0293075709166299
9.444;0.0787524519602637
9.448;0.00882923153597146
9.452;-0.0653422960701495
9.456;-0.0178113413500108
9.46;0.0133338545351827
9.464;-0.0676726584524819
9.468;-0.0332090508137943
9.472;-0.00402072465140532
9.476;0.0225779148429212
9.48;0.0247316427656085
9.484;-0.070319659717979
9.488;-0.0537627882238386
9.492;-0.0863963886360758
9.496;0.0562343840420318
9.5;0.0446559911898867
9.504;0.00894898643189489
9.508;-0.0297920800342588
9.512;-0.0559882696750333
9.516;0.0040478450173955
9.52;0.00851051979464007
9.524;-0.0381598786958202
9.528;-0.00811497758944643
9.532;-0.0378058298946649
9.536;-0.027598221096519
9.54;0.0441678600801634
9.544;-0.00384866146432591
9.548;0.0558114767332386
9.552;-0.0437568050076073
9.556;0.0568075091310316
9.56;0.0496056277136668
9.564;0.0179144847045066
9.568;-0.0201203299383058
9.572;0.0977248206597424
9.576;-0.0245808552779418
9.58;-0.0189024569196853
9.584;0.0173249523993364
9.588;-0.0100267497066171
9.592;-0.0334165222226876
9.596;0.101169031275915
9.6;-0.0260077031479135
9.604;0.0533318227627212
9.608;0.0528591019711635
9.612;-0.0377712123496706
9.616;0.0310389842748315
9.62;0.0156897368418438
9.624;-0.0540259960080234
9.628;9.30509684793334E-05
9.632;0.0426572644535562
9.636;-0.0768536776987453
9.64;0.0433208316282264
9.644;-0.00907371878706764
9.648;0.0120145623920636
9.652;-0.0255260160130097
9.656;0.043239825520919
9.66;0.0629213913082005
9.664;-0.0391780127090312
9.668;0.026487078526922
9.672;-0.068742415071226
9.676;0.0262386560684474
9.68;0.0756509614849033
9.684;-0.0468915444692217
9.688;0.0795910679991525
9.692;-0.00437469220506003
9.696;0.0209854932959228
9.7;0.0386074054347629
9.704;0.0874329291555573
9.708;-0.002888623486097
9.712;0.00413318484793253
9.716;0.0639981004761423
9.72;0.0159483220512032
9.724;-0.00778178169946058
9.728;0.0186630542933791
9.732;-0.0621045784145355
9.736;0.0137592734541447
9.74;-0.0633436250134653
9.744;0.0179532956097276
9.748;0.0287678982966884
9.752;-0.0105362449805626
9.756;-0.0511937464547714
9.76;-0.0526467670677798
9.764;-0.0598495495472869
9.768;-0.0129479191694925
9.772;-0.0119498555457175
9.776;-0.0214295285231775
9.78;0.025309617682863
9.784;-0.0585433523569301
9.788;0.00977695260168523
9.792;-0.00901822431550435
9.796;-0.00934314335442819
9.8;-0.0436174125855894
9.804;0.00908826622687143
9.808;0.0231895526356167
9.812;-0.0214702957207664
9.816;0.0736515753664569
9.82;-0.020561442277362
9.824;0.117097887076475
9.828;0.135734034243229
9.832;0.0282992064534933
9.836;-0.0674429470028769
9.84;-0.010866786717137
9.844;0.0393607016054717
9.848;0.11986472694399
9.852;0.0428800219087319
9.856;0.0126936865551547
9.86;0.021844816946349
9.864;-0.0534625531980451
9.868;-0.0109257157762419
9.872;0.0301886971820345
9.876;-0.00894302747196239
9.88;0.0507053282317208
9.884;0.00746845628426765
9.888;-0.136414133261054
9.892;-0.0507416990514361
9.896;4.50842317688735E-05
9.9;-0.122322689489756
9.904;-0.0145486333159802
9.908;0.0646634411835488
9.912;0.0225138450662567
9.916;0.00977163652532908
9.92;0.0338765337739838
9.924;0.0431420630293622
9.928;-0.00656064235850435
9.932;0.0370986111699788
9.936;0.0192680952395087
9.94;-0.146727515399438
9.944;-0.0605582421314908
9.948;0.0669611389178713
9.952;-0.000607656921257154
9.956;0.0499870844181163
9.96;0.0103384878730585
9.964;-0.0194223659752438
9.968;-0.0170115683012252
9.972;-0.0296801902824527
9.976;0.0607206906279223
9.98;-0.0872718705665954
9.984;0.0199753061803023
9.988;-0.0241766559494696
9.992;-0.0290975297907224
9.996;-0.0201237440258256
10;0.0517889607086154
10.004;-0.00555072693454505
10.008;-0.0929404759483343
10.012;-0.00799724825464719
10.016;0.0409883894904577
10.02;-0.0272568753263821
10.024;-0.0320992587390005
10.028;-0.0264183723915
10.032;0.0468602986186167
10.036;-0.00496856571490141
10.04;0.0230776025145327
10.044;-0.00710523081705857
10.048;0.105694835919291
10.052;0.0174351302067256
10.056;-0.028324048249863
10.06;0.0371624147975909
10.064;-0.0556948654760696
10.068;0.00980180485233621
10.072;0.0484489654681553
10.076;-0.020485174190545
10.08;0.0304081459190386
10.084;-0.0121591875106567
10.088;-0.0683071656674055
10.092;0.0566736636867562
10.096;-0.0633323229661465
10.1;0.024441647743441
10.104;0.0493042214782228
10.108;0.04238187732927
10.112;0.060573988629958
10.116;0.0882906321865235
10.12;-0.00297486998549068
10.124;0.0113711081607328
10.128;-0.00644799589027705
10.132;0.00440713640131645
10.136;0.0951297663516476
10.14;-0.0266595893229429
10.144;0.115917700143138
10.148;-0.00697936142007012
10.152;0.0503003655728966
10.156;-0.0453549094668345
10.16;-0.0926070939457759
10.164;0.0322356353859867
10.168;0.028500669077817
10.172;0.0949931894255989
10.176;0.0525717153172772
10.18;0.0452654208725289
10.184;0.14438316843271
10.188;0.206884630622543
10.192;0.26946063453597
10.196;0.434891822375087
10.2;0.499081960246533
10.204;0.562425407848085
10.208;0.663909189551847
10.212;0.856640417479264
10.216;0.907509459528651
10.22;0.993620203764724
10.224;1.02521391262978
10.228;0.992844513185106
10.232;1.00872037598515
10.236;0.835082173320634
10.24;0.665313498563525
10.244;0.613431690998347
10.248;0.368523082190942
10.252;0.411155603360511
10.256;0.263351627903667
10.26;0.183447175185182
10.264;0.143998305515441
10.268;0.116544299935011
10.272;0.111805595077624
10.276;0.0241972148906454
10.28;-0.127830532286095
10.284;0.018215893087261
10.288;0.0180806093536141
10.292;-0.030352411718858
10.296;0.0443896701916693
10.3;0.0291511279610267
10.304;-0.0203608736524374
10.308;-0.0167960634382212
10.312;-0.0620440848174285
10.316;0.112120496701214
10.32;0.0207120479258046
10.324;-0.0415528719987621
10.328;-0.0141691097656206
10.332;0.0505825510012334
10.336;-0.00095896330075047
10.34;0.00340418895239711
10.344;0.0464211230091799
10.348;-0.10039550815294
10.352;0.0201014287641808
10.356;-0.0448018122596571
10.36;0.0655196047738464
10.364;-0.0538935506249354
10.368;-0.00368926540823244
10.372;0.0325938154010776
10.376;-0.0696752871700018
10.38;-0.0593867814131335
10.384;-0.0175440991564417
10.388;-0.0411261869834942
10.392;0.000672775177037853
10.396;0.0694797982841093
10.4;0.0209987867472648
10.404;0.0838101868239524
10.408;0.0348883627276229
10.412;-0.0305295699937921
10.416;-0.0275420502324664
10.42;0.0164653600464454
10.424;0.138203133972718
10.428;-0.0811404525162463
10.432;0.0675494347994275
10.436;-0.0116039778092818
10.44;0.0711169104985858
10.444;-0.0214775855920763
10.448;-0.0407286570803717
10.452;0.0824880927679009
10.456;0.0518930729035024
10.46;0.023905967651899
10.464;0.044470604557435
10.468;0.0308945794965009
10.472;0.0145029212725464
10.476;0.0876921344695274
10.48;0.035457693506772
10.484;-0.0335865882634771
10.488;0.00104333982517312
10.492;0.0137508470693097
10.496;-0.0375054847319178
10.5;0.0273843657450954
10.504;0.0183547602695537
10.508;-0.0618452660604566
10.512;0.0529094074719791
10.516;-0.0221545216989344
10.52;0.0183584869971569
10.524;0.101962071862213
10.528;0.0209899653219426
10.532;0.134146174804169
10.536;0.0547853059742615
10.54;-0.0632762871422769
10.544;0.00935797716331235
10.548;-0.0780661787038979
10.552;-0.0418397592468604
10.556;-0.0427160290310877
10.56;0.0249075051514276
10.564;-0.0518319812121904
10.568;0.0115854144311112
10.572;0.0415116494321474
10.576;-0.0333635911064859
10.58;-0.0338797620261294
10.584;0.0185525634251113
10.588;-0.0720466496632093
10.592;-0.0556225678896341
10.596;0.11333368946569
10.6;-0.00836206105911432
10.604;-0.036835271914278
10.608;-0.00840070121970358
10.612;0.0332950057610221
10.616;-0.0409724239512533
10.62;-0.076522181835789
10.624;0.0147266892658933
10.628;-0.0139755410695975
10.632;-0.0294872790539035
10.636;0.0538818008230518
10.64;0.0587686060592444
10.644;0.0362978284166517
10.648;-0.00598137416141434
10.652;0.0578256435958936
10.656;-0.0686603088074243
10.66;-0.0283088892478706
10.664;0.0819814016045836
10.668;-0.00519138735488605
10.672;0.0486970861881488
10.676;-0.0494908495169832
10.68;-0.0292901464862429
10.684;-0.127848397223152
10.688;0.0520662088635082
10.692;-0.101479209189078
10.696;0.0179251529142197
10.7;-0.00261623566571623
10.704;-0.0571928135923788
10.708;0.0409383305418765
10.712;-0.00127485308983416
10.716;0.0758404032096992
10.72;0.125638987539618
10.724;-0.0360530708878467
10.728;-0.0159981287307292
10.732;0.0115603482541683
10.736;0.0772423362551754
10.74;-0.00358448001473506
10.744;-0.0554342731505626
10.748;-0.140601872082478
10.752;0.000361823955230539
10.756;0.0673985708930035
10.76;0.0742908832672636
10.764;-0.0686769571791137
10.768;-0.0773805524633994
10.772;0.0686733733911418
10.776;-0.0108985575438777
10.78;-0.0214424392550775
10.784;-0.039807132419451
10.788;-0.0226243737936946
10.792;0.0271322323142313
10.796;0.00260524526047713
10.8;-0.0081925497291944
10.804;0.0586385356318615
10.808;0.0538437447725105
10.812;0.0678521477142307
10.816;0.077625028775299
10.82;0.0798681435151828
10.824;0.149115284681194
10.828;0.15680090255584
10.832;0.224604175099649
10.836;0.45679513790988
10.84;0.532411773240885
10.844;0.553545270679829
10.848;0.758358200457836
10.852;0.849537058633987
10.856;0.966109095964559
10.86;1.06397555231773
10.864;0.914458385384363
10.868;0.976011479325923
10.872;0.90533924616968
10.876;0.847986715218756
10.88;0.684057638458897
10.884;0.593502010695112
10.888;0.476297156768632
10.892;0.444986606792745
10.896;0.241606139488637
10.9;0.256190591467374
10.904;0.149940593304454
10.908;0.0387607916364964
10.912;0.040964000146112
10.916;0.00592268665955441
10.92;0.0308441933151478
10.924;-0.0250813837027539
10.928;-0.0598371969063084
10.932;-0.000549063413992757
10.936;-0.014154257691572
10.94;-0.0206278722670561
10.944;-0.0137493268755347
10.948;0.0190778202073308
10.952;-0.00108003280695063
10.956;-0.0214957428397486
10.96;0.0227484672982933
10.964;-0.0329227456014206
10.968;-0.0490479274684923
10.972;0.0130734650306474
10.976;0.112182201392082
10.98;-0.00752005562903942
10.984;0.00548362119536505
10.988;-0.102086429322136
10.992;-0.0695948219795016
10.996;0.069217396847093
11;0.0679437919254158
11.004;-0.0664464103065064
11.008;-0.0159623120484196
11.012;-0.00795387853610381
11.016;0.0691792534431788
11.02;-0.0212669282475709
11.024;0.0204970538172522
11.028;0.0140917550655312
11.032;0.00780288581800804
11.036;0.04993849409909
11.04;0.0107740697729854
11.044;0.00944859492446718
11.048;0.0181786151489594
11.052;-0.0720575356137016
11.056;-0.0808768779964282
11.06;0.139268025448364
11.064;-0.0102911062982226
11.068;0.0314398256861545
11.072;-0.00160370338468343
11.076;-0.0250252505632193
11.08;-0.0384119773223553
11.084;0.00733834264326289
11.088;-0.00610980792595628
11.092;-0.0442298518742437
11.096;0.0136140948957045
11.1;0.00014791001553939
11.104;0.00116228191069397
11.108;0.0423168565050675
11.112;-0.00588419986231793
11.116;-0.023237306678728
11.12;0.0734602587875954
11.124;0.0100041409385533
11.128;-0.0635531678380642
11.132;0.0329867911335774
11.136;0.0230098083536374
11.14;0.16410020442856
11.144;-0.0552885573549602
11.148;0.0206276618790795
11.152;-0.0173977729809627
11.156;-0.00135210467240653
11.16;0.0545623772289925
11.164;0.0874375010826965
11.168;-0.027623773934146
11.172;0.021452174713102
11.176;-0.0544404015735875
11.18;0.0246115718242791
11.184;-0.00980371813558027
11.188;0.00755131564897294
11.192;-0.00474455995983455
11.196;-0.0290784737640462
11.2;0.0651182653767023
11.204;0.0408221189586617
11.208;-0.0734104293863234
11.212;-0.0352139647793498
11.216;-0.0605111798456545
11.22;0.0232488131572296
11.224;-0.0122687596871863
11.228;-0.0113698484798426
11.232;0.0859706869745801
11.236;0.0618406299745293
11.24;-0.0210439976089754
11.244;-0.0721657913184048
11.248;0.0350867547857804
11.252;0.125621950403108
11.256;0.0676014644828226
11.26;0.0216921143801562
11.264;0.0581626116415645
11.268;-0.0388075538510797
11.272;0.0294983433513716
11.276;0.0856219414841137
11.28;-0.0460296887068026
11.284;0.101301487832466
11.288;0.0449461835571279
11.292;-0.104454920839411
11.296;-0.0656155314314813
11.3;-0.0640678996772432
11.304;0.0249570447563178
11.308;-0.0492661884486922
11.312;0.0701054739791064
11.316;0.0576412396737187
11.32;0.0631587741962544
11.324;-0.0120121679384799
11.328;-0.076741297727573
11.332;0.0157339105356714
11.336;0.00944580491428444
11.34;-0.016616567548269
11.344;0.0545440995087737
11.348;0.00810972697946196
11.352;0.0544709174410443
11.356;0.0508770903642043
11.36;-0.0504953571346045
11.364;0.0345613252740986
11.368;-0.00369275213137195
11.372;0.0215734384848277
11.376;-0.000487471695644047
11.38;0.00547576866672437
11.384;-0.0238391444386297
11.388;0.068766973940733
11.392;0.070566064148379
11.396;0.0203497656386498
11.4;-0.051308383999582
11.404;0.058730458879339
11.408;0.0236174701286889
11.412;-0.0421201131259769
11.416;0.0494806702105789
11.42;0.090155702381853
11.424;-0.0202848644007811
11.428;0.0520457537172367
11.432;0.00273301943909281
11.436;-0.0593787697633093
11.44;-0.0303876362941144
11.444;0.0351771479386583
11.448;-0.0374892467061297
11.452;0.0547697768921967
11.456;0.0391773847170269
11.46;0.0444976232586593
11.464;0.0198651258917861
11.468;-0.0250496662803842
11.472;0.00957506761342726
11.476;0.150000393606036
11.48;0.070809650022639
11.484;0.178561848597417
11.488;0.256063817095934
11.492;0.392665290603311
11.496;0.494675943812909
11.5;0.633619942336081
11.504;0.713011089199498
11.508;0.873933133516678
11.512;0.952795063799672
11.516;0.979462430134508
11.52;0.96872471863751
11.524;0.985084420048249
11.528;0.981940820922431
11.532;0.825550824705424
11.536;0.771389446998061
11.54;0.564330971459101
11.544;0.466883688984537
11.548;0.426244003498186
11.552;0.314381007471391
11.556;0.211844825306228
11.56;0.118052039560475
11.564;0.148494602862054
11.568;0.0959819748636063
11.572;0.0776628016085346
11.576;0.0522749406659879
11.58;-0.0235770219732238
11.584;-0.0410591376218031
11.588;0.0505695092006794
11.592;-0.0587481183194822
11.596;0.0450884224550134
11.6;0.0655478459361185
11.604;0.0586595674892895
11.608;-0.00425946157464305
11.612;-0.0279345443102974
11.616;-0.0162791860823639
11.62;0.00340633499349122
11.624;0.0537589775718093
11.628;0.0641345774611603
11.632;-0.0133052282859156
11.636;-0.0299978333564391
11.64;0.0296638046309665
11.644;0.0369410678069563
11.648;0.00472048130851307
11.652;0.00563585292581203
11.656;0.00105231184067813
11.66;-0.00991446718641237
11.664;-0.0351023476077025
11.668;-0.0715906150485519
11.672;-0.0648423606737627
11.676;-0.0907555118903078
11.68;0.0464821320647428
11.684;0.011613823805905
11.688;0.0350637578399822
11.692;-0.0428779585589042
11.696;0.0793201425613338
11.7;0.0173958249102339
11.704;0.00402510233401216
11.708;0.0290702496945686
11.712;0.0389349636679738
11.716;-0.020181740014466
11.72;0.0639645413878456
11.724;-0.0364996935598713
11.728;-0.0977960608128696
11.732;-0.0044677878692233
11.736;0.023342651436749
11.74;0.000793186554081816
11.744;0.0287213413042183
11.748;0.00882039703585886
11.752;0.0519102448607593
11.756;-0.0253111381326393
11.76;-0.0252038242066298
11.764;-0.0254306607985905
11.768;0.0335748296063878
11.772;0.0153835401580805
11.776;-0.0414431814343633
11.78;0.0942836514533443
11.784;0.00958545990722173
11.788;0.0220754956867896
11.792;-0.0340060791312434
11.796;-0.00082010816808607
11.8;0.0511709491519578
11.804;-0.0918975816529277
11.808;-0.0753944583247414
11.812;-0.000276153548434398
11.816;0.00876833130620764
11.82;0.0479233406567927
11.824;-0.0286849615028972
11.828;0.00191416420770051
11.832;-0.0371987206614365
11.836;0.081332385213592
11.84;0.0262714638590105
11.844;0.0254770945981729
11.848;0.0421234523596168
11.852;-0.0132126192193222
11.856;-0.0417245699870077
11.86;0.014423505860536
11.864;-0.0434884009411354
11.868;-0.00170784004411311
11.872;0.00280207795738432
11.876;0.00728048634895979
11.88;0.0223068989765129
11.884;-0.0477959190208751
11.888;0.0113596538081583
11.892;0.0121012954657613
11.896;-0.00714446860484135
11.9;0.0620691532979652
11.904;-0.0362804880248819
11.908;0.0257281239430541
11.912;0.0305120244052538
11.916;-0.0158653715880431
11.92;-0.0377317768895919
11.924;0.00831415634301432
11.928;-0.0989369224090257
11.932;-0.0273117356818843
11.936;0.029309695976827
11.94;-0.0450307065205796
11.944;0.0685789474285457
11.948;-0.0409271145932844
11.952;-0.000455863931727561
11.956;0.0744301057035388
11.96;-0.0167645067208819
11.964;0.113939910923549
11.968;0.0388418941338225
11.972;0.0339761848315846
11.976;0.037972899402787
11.98;0.0241994385777203
11.984;0.0880952503200694
11.988;-0.035067207105378
11.992;-0.0596594254221241
11.996;0.0880664071177234
12;-0.018648573029221
12.004;-0.095141692222873
12.008;0.071034716983272
12.012;-0.0657916241607587
12.016;0.0256733916590747
12.02;0.0105607807960107
12.024;-0.0363964811393534
12.028;-0.0101690599904954
12.032;-0.0478045474815729
12.036;0.0190476354319397
12.04;0.0752163939649705
12.044;0.0619103168223357
12.048;-0.0718420239810555
12.052;0.0196923918666122
12.056;0.034179324957039
12.06;0.0467500923805851
12.064;0.0390221569381701
12.068;0.0759900345410671
12.072;0.0368803044468722
12.076;0.104488916058468
12.08;-0.00176776690586137
12.084;0.0591486973587605
12.088;-0.00533940160936105
12.092;-0.00325169880543622
12.096;0.00902040264682686
12.1;-0.0282555396103185
12.104;-0.0522169296494499
12.108;-0.0283602298249763
12.112;-0.00874710632068542
12.116;0.0519837610457543
12.12;-0.0291780007440736
12.124;0.0188311510680639
12.128;-0.0274008622821328
12.132;0.0977245270589647
12.136;-0.027092637144659
12.14;0.0111706541567958
12.144;-0.0214230208841971
12.148;0.0290838945787852
12.152;-0.0231181507829451
12.156;0.0130933686575885
12.16;0.0535085082005675
12.164;-0.081359989202356
12.168;-0.00870127330902297
12.172;-0.0613319538055485
12.176;0.00960601375226061
12.18;-0.0331503997989774
12.184;0.0447706266071982
12.188;0.0300095637497478
12.192;-0.115392274973954
12.196;0.0337798132940249
12.2;-0.00853200626542608
12.204;0.072691683597041
12.208;-0.00163008155895792
12.212;-0.0674053766701684
12.216;0.00976876873021769
12.22;-0.0242428661468009
12.224;-0.0187813324761543
12.228;-0.0174189519180061
12.232;0.0144571317418103
12.236;-0.0313816380314681
12.24;-0.0514337090266167
12.244;0.0181886832900636
12.248;-0.121613615670995
12.252;-0.0201568762390608
12.256;-0.00607453850382005
12.26;0.0529717173690372
12.264;0.0035620292252072
12.268;-0.080096588075682
12.272;-0.101539696136241
12.276;0.0699605023585293
12.28;-0.0100160622829801
12.284;-0.000699445030645843
12.288;0.030681737996792
12.292;-0.00938683112122844
12.296;-0.0698518774129614
12.3;-0.00775524861460455
12.304;-0.0431324703140654
12.308;-0.0101301988024007
12.312;0.0910646722842916
12.316;-0.0435209447243016
12.32;0.00893406241600625
12.324;-0.0113277408009766
12.328;-0.00837580335900494
12.332;-0.0641814863169806
12.336;0.0731116300344146
12.34;-0.0850983231419782
12.344;-0.0160913593450788
12.348;-0.0163831229565183
12.352;-0.00288785732680006
12.356;-0.0141086824973537
12.36;0.0345951522822682
12.364;-0.0465807296745103
12.368;-0.0206234931839087
12.372;-0.0205904329881407
12.376;-0.030781185087991
12.38;0.102943650809901
12.384;0.0817935946657291
12.388;0.208043381633948
12.392;0.183200638151236
12.396;0.343652171632994
12.4;0.344767756219716
12.404;0.466773399244405
12.408;0.589377414823853
12.412;0.79515619874889
12.416;0.772140386002118
12.42;0.981298893983895
12.424;0.97587126517535
12.428;0.984423733671354
12.432;0.977095479598004
12.436;0.943527435282365
12.44;0.836427008535407
12.444;0.703373499239203
12.448;0.530799095683635
12.452;0.507653063492419
12.456;0.368316067548375
12.46;0.311013346702018
12.464;0.223086699852052
12.468;0.253631861661272
12.472;0.106791146323777
12.476;0.0435922351589106
12.48;0.0588971938441135
12.484;-0.00184502495362917
12.488;0.0663780457086616
12.492;0.00771777644205003
12.496;-0.14396209877621
12.5;0.0110425828602796
12.504;0.00522487620685619
12.508;0.00505905494029788
12.512;-0.0461502861255415
12.516;0.0573122689324797
12.52;0.0670940196036971
12.524;-0.0110839801495602
12.528;0.0227935014942053
12.532;0.0302730635301538
12.536;-0.0377589664551045
12.54;-0.034824653261692
12.544;-0.0424508400533099
12.548;-0.00359970890347053
12.552;-0.0320460452234496
12.556;-0.0421547206893139
12.56;-0.0274577525374253
12.564;0.0366854940870296
12.568;-0.0971142352384902
12.572;0.0191487412356932
12.576;0.063219555353504
12.58;0.029358619722997
12.584;-0.0188292253411802
12.588;-0.0714871816016208
12.592;-0.027558303671411
12.596;-0.00128434386120046
12.6;-0.0410138229725729
12.604;-0.0505142714389339
12.608;0.0768691880195985
12.612;-0.00462728350069006
12.616;-0.0232188578265435
12.62;0.0190207431301209
12.624;0.0990890607882086
12.628;0.0453713071781929
12.632;-0.027321719782675
12.636;0.00167347720485954
12.64;0.069068651564549
12.644;-0.03621517912824
12.648;0.024878771038582
12.652;0.076292991909981
12.656;-0.0902107140059874
12.66;0.0166537692867042
12.664;-0.0235965333645605
12.668;-0.00587542957414752
12.672;0.00252921709055441
12.676;0.0485178021443986
12.68;-0.0194935882347812
12.684;-0.100669616675915
12.688;-0.0808300488989843
12.692;-0.0939798702369694
12.696;0.0374562604230704
12.7;0.0802652881981152
12.704;0.0227676681648975
12.708;-0.0372794481809046
12.712;-0.0320450682744393
12.716;0.0240794076293859
12.72;0.0376828052335341
12.724;-0.0599829664917038
12.728;-0.0338205638496257
12.732;0.0385754230399059
12.736;0.041139648404645
12.74;0.0144548077577066
12.744;0.0878094817259649
12.748;0.047002874326532
12.752;0.0636435033125732
12.756;-0.0223498710002763
12.76;0.0530317437415133
12.764;0.00475946128244391
12.768;-0.0239391299864613
12.772;0.0352196488246075
12.776;0.02452655283514
12.78;0.0117279851976056
12.784;-0.071079022352099
12.788;-0.0102562134996762
12.792;-0.0190548159713108
12.796;-0.00597097720219609
12.8;-0.0779094555558531
12.804;0.0336902804975023
12.808;0.0469833159787458
12.812;-0.067483167522253
12.816;-0.0347736232806581
12.82;-0.0112930594241754
12.824;0.0443729889796301
12.828;0.0250395052557768
12.832;0.0819400534565588
12.836;-0.0672108263725552
12.84;-0.089322341776362
12.844;0.0829228772862003
12.848;-0.017323993609316
12.852;0.0573014065295819
12.856;-0.0293415441536689
12.86;0.0263943489620387
12.864;0.0489009044029971
12.868;0.00274411414204177
12.872;-0.0108727938439577
12.876;-0.0870095172267808
12.88;-0.0652184124390218
12.884;0.0303426543160143
12.888;0.0285717455723362
12.892;0.00492013499911014
12.896;0.00754137205126083
12.9;0.0674434842158705
12.904;-0.0319047529336458
12.908;0.0760265056427921
12.912;0.00182344480950363
12.916;0.0463805518516649
12.92;-0.0666956392334818
12.924;-0.0885077877213155
12.928;-0.0465972969991707
12.932;-0.00937656074075171
12.936;0.0794743892936698
12.94;-0.0139917808455246
12.944;-0.0267928510071288
12.948;-0.00766724086713195
12.952;-0.012360298445095
12.956;0.109921273484576
12.96;0.00670072270253957
12.964;-0.00331517599240846
12.968;-0.00400493613969244
12.972;-0.000763410339247853
12.976;0.00408469855922919
12.98;-0.0189160988601898
12.984;0.0207112989383071
12.988;-0.0491137662257658
12.992;-0.0523606948981712
12.996;0.020900462796812
13;0.00679851277611359
13.004;-0.0494383583307723
13.008;-0.00113666820816987
13.012;-0.00895184025133575
13.016;-0.0190192544100562
13.02;0.0178960110100942
13.024;0.0557897358600141
13.028;-0.068948047442165
13.032;-0.0296893159518042
13.036;-0.0129214859405708
13.04;-0.0363290357409288
13.044;-0.01869222852415
13.048;-0.00178189063077933
13.052;-0.037904809562526
13.056;-0.067067513868607
13.06;-0.00123198699985672
13.064;0.0127278508053332
13.068;0.0205706763054809
13.072;0.0176555208103833
13.076;0.00478407151504589
13.08;-0.0119108085785993
13.084;0.0601307484601377
13.088;0.0499997653486162
13.092;0.0088153824615511
13.096;-0.00321371307330159
13.1;-0.0407875033812573
13.104;0.0293518111952521
13.108;-0.00551557829269412
13.112;0.00568411959879327
13.116;0.0636069409267786
13.12;-0.0142745020972265
13.124;0.0276646943003018
13.128;0.0407238399929472
13.132;-0.00138376149201007
13.136;0.0697692981395895
13.14;-0.0604701975978717
13.144;0.0108551873975713
13.148;0.0819471032652478
13.152;0.0191958691454929
13.156;0.0266455950179075
13.16;0.0287192546566476
13.164;0.0954981766410817
13.168;-4.28941262697376E-05
13.172;0.010024101927804
13.176;-0.00248325499241872
13.18;-0.0646692849735716
13.184;0.0491426179023834
13.188;-0.0758132336390839
13.192;-0.00155143582907471
13.196;-0.0376568867181589
13.2;-0.0731305696183246
13.204;-0.0222420714096972
13.208;-0.0307816757771633
13.212;0.0182807621168876
13.216;0.0272785870615477
13.22;0.0260525079626073
13.224;0.0227069899378528
13.228;0.0736123603884932
13.232;0.11059582457685
13.236;0.200603050537925
13.24;0.320023938449913
13.244;0.43467509436338
13.248;0.48633204683174
13.252;0.643203046975826
13.256;0.660050552690596
13.26;0.870742184989825
13.264;0.94103525425963
13.268;0.966675415384974
13.272;1.10047158349512
13.276;1.02727542219063
13.28;0.991385907469452
13.284;0.794435789071176
13.288;0.707064004991219
13.292;0.716398537504373
13.296;0.550167276029275
13.3;0.406949124387822
13.304;0.237003411487568
13.308;0.252993062424947
13.312;0.15242099055247
13.316;0.132280856713267
13.32;0.0737671705719285
13.324;0.0939960142942208
13.328;-0.0207770187694091
13.332;0.0848670080779035
13.336;0.00661631866737507
13.34;-0.0387761689745878
13.344;-0.072898320848614
13.348;0.0478474581501
13.352;-0.019799396051369
13.356;-0.00773591772835138
13.36;0.0137639776559976
13.364;0.0290184710947204
13.368;-0.0244925323671231
13.372;-0.081910495306443
13.376;-0.111588945645602
13.38;-0.0470439585719622
13.384;0.0223883375956029
13.388;-0.0240719966292869
13.392;-0.0284488137488332
13.396;-0.0853040454030755
13.4;-0.0203000579898641
13.404;-0.00889103487325308
13.408;-0.0082308500633469
13.412;0.0228518098517005
13.416;0.0206781022978477
13.42;0.0305262841382429
13.424;0.0417539339289003
13.428;-0.0272626415890278
13.432;-0.0402027479585748
13.436;-0.0374362268194207
13.44;-0.0952561963499806
13.444;0.0135780323186814
13.448;-0.110173787713629
13.452;-0.0564765438451271
13.456;0.00437006940716383
13.46;0.0202868667549971
13.464;0.035495644236788
13.468;-0.0767049615558174
13.472;0.00183682964990174
13.476;-0.0556392494454876
13.48;-0.0309819454886329
13.484;-0.0507844381920266
13.488;-0.0376427802496839
13.492;0.0542315329914973
13.496;-0.00577544299300956
13.5;0.0790320505120952
13.504;0.023312950531304
13.508;0.0316326192675969
13.512;-0.070792034648007
13.516;-0.0560517705826934
13.52;-0.0400428301959415
13.524;-0.0578120327566726
13.528;0.0287109925191859
13.532;0.00502258687746571
13.536;0.00743837167205472
13.54;-0.0129824771115636
13.544;0.013845644225546
13.548;0.0216691720740389
13.552;-0.0783615748438083
13.556;-0.0336886661826058
13.56;-0.0172799529037643
13.564;0.0668914539112377
13.568;0.0056151841811104
13.572;-0.00642041607779845
13.576;0.0260824058661237
13.58;-0.0631591310439585
13.584;-0.0932171572816517
13.588;0.0805577410764848
13.592;-0.0229537400731388
13.596;0.0392620273818311
13.6;-0.0595062857071449
13.604;-0.0109660505314762
13.608;-0.0378838838523231
13.612;0.0929109009026523
13.616;0.0133879511742164
13.62;-0.0352641929884791
13.624;0.0541751091718028
13.628;0.0543169662367191
13.632;-0.0580903919407563
13.636;-0.0109676161885664
13.64;0.0233235797227467
13.644;0.0114080076419396
13.648;-0.0262528823471943
13.652;-0.0437984809998465
13.656;0.0482723380644933
13.66;-0.0567330362406166
13.664;0.0159652369829457
13.668;-0.0371463941775012
13.672;-0.0901607761822306
13.676;0.000337460228340537
13.68;-0.0340097111524269
13.684;0.0283459903330539
13.688;0.0164361138098378
13.692;-0.0391049226137946
13.696;-0.0605507738605081
13.7;-0.0728252008731626
13.704;-0.0767644210151741
13.708;-0.0131472410349228
13.712;0.0393582936430329
13.716;0.0174253513912302
13.72;0.0606678841072015
13.724;-0.0456653912186538
13.728;0.00805946889474302
13.732;-0.0724765397948581
13.736;-0.022079371638182
13.74;-0.0807559020624934
13.744;-0.0240037682986787
13.748;-0.0535014267667242
13.752;0.021473356530496
13.756;0.0639875508033659
13.76;0.0542593384441119
13.764;-0.0583159316220572
13.768;0.0210089905552738
13.772;-0.0209450169034982
13.776;0.0373376627261812
13.78;0.0636435355929958
13.784;0.0556753684766249
13.788;0.0647542962649403
13.792;-0.0766544613401878
13.796;-0.0151148433949114
13.8;0.0932986128976377
13.804;0.0729714269542174
13.808;-0.0155665582875993
13.812;0.0292077607919985
13.816;0.0930474516171166
13.82;-0.0922600272080995
13.824;-0.0151419360657932
13.828;0.013041230582779
13.832;-0.0996221226199789
13.836;-0.144709202187739
13.84;-0.0297617290051325
13.844;-0.00740531726275796
13.848;0.0626681911818628
13.852;0.0164729729279125
13.856;-0.0638326438571109
13.86;-0.0241864525296301
13.864;-0.0190562875539123
13.868;-0.119102844981095
13.872;0.0104503992054234
13.876;-0.00240077027043835
13.88;0.0191741946100064
13.884;-0.0520143671378321
13.888;0.0824691951770937
13.892;-0.0503514161552257
13.896;-0.0640037231012786
13.9;-0.0210663073627567
13.904;-0.0122878103941524
13.908;0.0281059469857414
13.912;0.0959770243518339
13.916;-0.0449576855647718
13.92;-0.0220355866382223
13.924;-0.0164435288984399
13.928;0.0746916465822508
13.932;0.00855999161369714
13.936;0.0603793078514766
13.94;0.00226565541377557
13.944;-0.00151470415797011
13.948;0.039407890521436
13.952;0.0300163882574999
13.956;-0.0160400366778381
13.96;0.0213758034958375
13.964;0.265838998260548
13.968;0.266491961369487
13.972;0.44863555812418
13.976;0.541779250052449
13.98;0.593252421520346
13.984;0.684903744816459
13.988;0.803114040149195
13.992;0.88599500137349
13.996;0.97041268510759
14;0.97915913198568
14.004;1.01633853386056
14.008;0.934916194185749
14.012;0.851292413551858
14.016;0.695248058871801
14.02;0.613955285732199
14.024;0.486655806412302
14.028;0.348890127531708
14.032;0.288936348195216
14.036;0.259093693910738
14.04;0.0865462111123772
14.044;0.120100778958422
14.048;0.0249162230047748
14.052;0.0571331709177529
14.056;0.0654206267578782
14.06;0.0686623987752237
14.064;-0.0310651248824277
14.068;0.00803154513275346
14.072;-0.0089356416302538
14.076;-0.0250903383732083
14.08;-0.0380680116781301
14.084;-0.0504626062242748
14.088;-0.0714609306287889
14.092;-0.0035008854943001
14.096;0.0535237150998076
14.1;-0.0766108341696631
14.104;-0.0449738509280158
14.108;-0.0347772585726273
14.112;-0.0450318424192489
14.116;-0.0203916618189636
14.12;-0.0105226090480638
14.124;-0.0550034220239146
14.128;-0.000450373504049918
14.132;-0.056338667558653
14.136;-0.017575620055496
14.14;-0.0358022316513399
14.144;-0.00283709674351902
14.148;-0.0595706321886821
14.152;-0.00895440450446933
14.156;0.0269171724377113
14.16;0.102562004616555
14.164;-0.0430328253243648
14.168;0.00524918654354407
14.172;-0.0717278914955023
14.176;0.0899085997508207
14.18;0.0521036333319976
14.184;-0.0226223697480422
14.188;0.0365216189669348
14.192;0.0166361232920362
14.196;0.0467521902062645
14.2;0.028143897957881
14.204;-0.0111471387719492
14.208;0.0294175118330078
14.212;0.00456070965327693
14.216;0.0133559104596997
14.22;0.0233681072662624
14.224;-0.00958827307249581
14.228;-0.0285873670924925
14.232;0.0639356068237157
14.236;-0.0237912838685036
14.24;0.0100832082221574
14.244;-0.0845326486139957
14.248;0.00245768201300226
14.252;-0.0797658839151491
14.256;-0.0555428732020989
14.26;0.0227195374484931
14.264;-0.00682314471399518
14.268;0.0821218490891363
14.272;-0.0720534483858404
14.276;0.0290818153409051
14.28;0.028360130875401
14.284;0.0618371748655626
14.288;-0.00172601265823239
14.292;-0.064159668069167
14.296;0.0691212610114372
14.3;-0.0319289786076024
14.304;0.0358128859291114
14.308;-0.0499913534807896
14.312;0.00359486565296022
14.316;-0.016643223677898
14.32;0.0708318895163998
14.324;-0.0082143731435989
14.328;-0.00478338007497946
14.332;0.0209807945525584
14.336;-0.0384336256549456
14.34;0.0598441237169829
14.344;-0.019349297144586
14.348;-0.0295228271074658
14.352;0.0365511031320179
14.356;-0.0978374884269291
14.36;0.00312366462655197
14.364;-0.0411145703122886
14.368;-0.0209852160588656
14.372;-0.00824135296539993
14.376;0.0035811925584262
14.38;-0.0413547353415372
14.384;-0.0687003253331593
14.388;0.0105538599806346
14.392;0.0146636018503261
14.396;0.0711362334441998
14.4;-0.0823413468966407
14.404;-0.111122898787936
14.408;0.00813661189438955
14.412;-0.0309694557586206
14.416;-0.0455451208364095
14.42;-0.0664754475473739
14.424;-0.0459541878692433
14.428;0.0887227012733309
14.432;0.0185533078694779
14.436;0.00238017675623127
14.44;0.0051378264541409
14.444;-0.0141733506144073
14.448;0.023865449556418
14.452;-0.0184164492871165
14.456;0.0216212763970776
14.46;0.0346590990080753
14.464;-0.0448191671459457
14.468;0.0340183316338855
14.472;0.00975857008420195
14.476;-0.0164377979512146
14.48;0.0626941856074547
14.484;0.00673646156085551
14.488;-0.0276663574240101
14.492;0.029074615299531
14.496;-0.0494458509831076
14.5;0.00360276464355084
14.504;-0.0579780573926303
14.508;0.0548860342183959
14.512;-0.0516782922806506
14.516;0.0449936316382371
14.52;-0.0665826639260209
14.524;-0.0297133999942498
14.528;0.0321933897945187
14.532;-0.067300017189614
14.536;-0.0622432678333511
14.54;0.00192304450831248
14.544;-0.0446117381448818
14.548;-0.0584122406189871
14.552;0.0136830174991276
14.556;0.0232380133273857
14.56;0.0361129876725737
14.564;0.0316106210355901
14.568;0.098198357840782
14.572;0.0194693211994943
14.576;-0.00228303699461064
14.58;0.0013674132542088
14.584;0.024016215434015
14.588;-0.0321192338284888
14.592;0.0398049216080299
14.596;0.0229219105864029
14.6;-0.0571782415828237
14.604;-0.0157615519311568
14.608;-0.0189973315637863
14.612;0.0588058831674536
14.616;-0.0788288843057406
14.62;-0.105268641129257
14.624;0.046208108246779
14.628;-0.00947450181987364
14.632;-0.0125109725366081
14.636;-0.0240027523445866
14.64;-0.036225782019876
14.644;0.0656604608884709
14.648;0.0920602365047949
14.652;0.0143034289226361
14.656;-0.12745241873011
14.66;0.0634724786652947
14.664;-0.00704148100423762
14.668;-0.00398658457504354
14.672;0.0381558567865577
14.676;-0.0277031276014459
14.68;0.0919491467705985
14.684;-0.0265910195615291
14.688;-0.0274239575348887
14.692;0.0164444101469239
14.696;-0.0144189068571365
14.7;-0.0365093717396985
14.704;-0.0394912619679592
14.708;-0.0335843099892832
14.712;-0.0265428932974986
14.716;0.0286777087006024
14.72;0.0348303525732893
14.724;-0.0513517014185502
14.728;-0.0669046642725827
14.732;-0.102454000810836
14.736;-0.121522616013034
14.74;-0.00916410243117707
14.744;0.0361278577656026
14.748;-0.0426462956284325
14.752;0.0148619640007811
14.756;-0.0313435257118851
14.76;-0.0295413174911227
14.764;0.0111547076715503
14.768;0.0273822846203886
14.772;-0.0595927918273813
14.776;-0.0575957263489027
14.78;-0.0125941881763651
14.784;-0.0180632712151029
14.788;0.0457417080032178
14.792;-0.011246075273818
14.796;-0.0263826327960865
14.8;-0.00632391190576677
14.804;-0.0286636777512373
14.808;-0.0378641712669501
14.812;0.0516294286094035
14.816;-0.0712506844318104
14.82;-0.0268178713468993
14.824;-0.083662416524887
14.828;-0.0487877141852915
14.832;-0.00646353307138057
14.836;-0.0647470179522695
14.84;0.0522877219034703
14.844;-0.0188610207802525
14.848;0.00762320185211422
14.852;0.00164578301370668
14.856;-0.0407854902570409
14.86;0.0524480599368074
14.864;0.0625850665320693
14.868;-0.0437472982809812
14.872;-0.0659064011603956
14.876;-0.0484328292437092
14.88;0.0583440022125516
14.884;0.0235919509038253
14.888;-0.0115930232804304
14.892;0.00909012744261021
14.896;0.0808317744662983
14.9;-0.0155314753768233
14.904;0.0251339436278578
14.908;0.10409625566061
14.912;0.147567918068135
14.916;0.132982642326583
14.92;0.260674153255196
14.924;0.290974157295306
14.928;0.551832547637112
14.932;0.586899144018994
14.936;0.676247793567829
14.94;0.840065815832127
14.944;0.875812258419345
14.948;0.942166034555488
14.952;1.00666620315039
14.956;0.973633676388359
14.96;0.96895050352777
14.964;0.814637403852804
14.968;0.772197735921564
14.972;0.560237014356769
14.976;0.549988007951599
14.98;0.452952520631617
14.984;0.240305740459419
14.988;0.227621350219648
14.992;0.200868563155713
14.996;0.154734620704749
15;-0.0432795017365768
15.004;0.0731357097431402
15.008;0.0485453244959503
15.012;0.0762180251825835
15.016;0.0598447400601446
15.02;0.0180003469242412
15.024;-0.0575739647238378
15.028;0.000605850038099278
15.032;0.00580319433723537
15.036;0.0427169836485468
15.04;-0.00490530778367566
15.044;0.046778524711224
15.048;-0.0110434364131046
15.052;0.0155933345246342
15.056;0.0303713703500126
15.06;0.0268869532599152
15.064;-0.0411163062157696
15.068;0.00452553853582018
15.072;0.0873037468517628
15.076;0.0125213689215579
15.08;-0.0298224088645984
15.084;-0.0584918248278491
15.088;0.0253547331747486
15.092;-0.0413746060446974
15.096;-0.00999098121851299
15.1;-0.0174011439285554
15.104;-0.000866769299170037
15.108;0.00736597417214844
15.112;-0.00220527831963467
15.116;0.00523975498082601
15.12;-0.0108995400863279
15.124;-0.130487039192264
15.128;-0.0892481940364442
15.132;0.0347310067351637
15.136;-0.0353096619689888
15.14;0.0751677592999142
15.144;0.104403883543511
15.148;-0.0668197043401371
15.152;-0.00565664691218553
15.156;-0.076439702994245
15.16;-0.0120056900464413
15.164;-0.0146486869350642
15.168;-0.119427769026595
15.172;0.056678112600206
15.176;0.0132566032239896
15.18;-0.0179502057626722
15.184;-0.00475661618935852
15.188;-0.0716668078169197
15.192;0.088791754775827
15.196;-0.0118379682055636
15.2;0.0162332755646607
15.204;0.0214347471944078
15.208;-0.00142908399093195
15.212;0.0882637721263451
15.216;0.0328825047275928
15.22;0.0226792115873688
15.224;-0.0470673071905824
15.228;-0.0216385893570973
15.232;-0.0165593336403836
15.236;-0.000909978199050483
15.24;-0.0338502897778927
15.244;-0.00657075694438175
15.248;0.0413297085818723
15.252;-0.0681686339675339
15.256;-0.112553756128731
15.26;-0.0987923377772498
15.264;0.0364895583104669
15.268;0.0508734523695717
15.272;0.0387344043567332
15.276;0.049943897063103
15.28;0.0536973849259769
15.284;-0.0405091344938457
15.288;0.0475805025002493
15.292;-0.0159519078445002
15.296;0.096229714644352
15.3;0.00322941430908537
15.304;-0.0691217341738825
15.308;0.00264732564549928
15.312;0.0366742504932134
15.316;-0.0218318616490464
15.32;-0.00879993227503446
15.324;0.0932658393306821
15.328;-0.0182634751253228
15.332;0.00442236340016361
15.336;-0.0309416984005491
15.34;-0.0323908913925444
15.344;-0.0198133619757385
15.348;0.0428825207904672
15.352;-0.00273842410096764
15.356;-0.00310471767835526
15.36;-0.0477970342911132
15.364;-0.130727513210682
15.368;0.0267506938131234
15.372;-0.0125162875336107
15.376;0.0227227352341442
15.38;-0.0978432385063199
15.384;-0.102951855422417
15.388;0.0126409243431866
15.392;0.022442687465222
15.396;0.00150020919858472
15.4;-0.0401694424326235
15.404;-0.0409914229390987
15.408;-0.0167664364324306
15.412;0.036624832868531
15.416;0.0443104065050802
15.42;-0.0177154678558435
15.424;0.0552842606485772
15.428;0.0476636743792405
15.432;0.0693281821100786
15.436;0.0323217114280199
15.44;0.0446777828931858
15.444;-0.0634994258612819
15.448;0.0315455266317977
15.452;-0.082352718912735
15.456;0.0192604539722127
15.46;0.0575132294633258
15.464;0.0417905635845917
15.468;0.096221060101002
15.472;0.0435557412346897
15.476;0.0674321823628971
15.48;0.0337352335247773
15.484;0.0637389146755096
15.488;0.0301789563754164
15.492;-0.0402680729418622
15.496;-0.11557352679468
15.5;-0.0290560081006966
15.504;-0.0691722861024324
15.508;0.0588752873479553
15.512;0.0197239661718363
15.516;0.058114618196215
15.52;-0.0670654860157014
15.524;-0.0474664090383793
15.528;-0.0511470350363534
15.532;-0.0749298123180156
15.536;0.0218982780603488
15.54;0.0568493197570628
15.544;-0.0747249927124735
15.548;-0.125565368527614
15.552;0.0274041701048682
15.556;-0.102465277973051
15.56;-0.0157800884342563
15.564;-0.0138085641631896
15.568;0.0193196393644076
15.572;0.0416774610446609
15.576;0.0260412738543864
15.58;-0.0342230289451327
15.584;-0.0931484159193098
15.588;-0.0472688550598096
15.592;-0.0629385903320277
15.596;-0.0494324680895267
15.6;0.0417691428103278
15.604;-0.0207999630512496
15.608;-0.0161441969645354
15.612;0.00795085658939421
15.616;0.0422795663601495
15.62;0.0132752860425186
15.624;0.0273199461441974
15.628;0.0455468197819968
15.632;-0.00987083347360101
15.636;-0.0630064106832268
15.64;-0.00850997999610711
15.644;0.0185405923132327
15.648;-0.016739928809279
15.652;0.0388297162505772
15.656;-0.0332721345940513
15.66;-0.0416665014819233
15.664;-0.0326274242454795
15.668;-0.0470817768896978
15.672;-0.0170880015825689
15.676;-0.128914747587253
15.68;0.00299321376675374
15.684;-0.0198093200713143
15.688;0.00885033011354617
15.692;0.0381828117253968
15.696;-0.0495227091491842
15.7;-0.0402101922323563
15.704;-0.0242331388074823
15.708;0.028469763419764
15.712;-0.00874111758606536
15.716;0.053343880723819
15.72;0.00472849967945747
15.724;0.019166113430205
15.728;0.068437715000823
15.732;0.0448343607051204
15.736;-0.0639934742113758
15.74;0.0752455831947419
15.744;0.0765090348031214
15.748;-0.0166538968308304
15.752;-0.0900329577409008
15.756;0.0599275135958364
15.76;-0.00313233975582339
15.764;0.070171038541125
15.768;0.0564358933662949
15.772;0.185942412845015
15.776;0.246867498179908
15.78;0.311728921565282
15.784;0.316290463054574
15.788;0.495872309660111
15.792;0.582146741659431
15.796;0.703342547581606
15.8;0.843978433426356
15.804;0.896820340391988
15.808;0.973463521343018
15.812;1.01800555815304
15.816;1.01678672502987
15.82;0.80001397674408
15.824;0.818777225776302
15.828;0.736904818835578
15.832;0.644319474604009
15.836;0.463384318180125
15.84;0.394665280071796
15.844;0.18937200434407
15.848;0.22844232313595
15.852;0.143099631666913
15.856;0.0956509726397062
15.86;0.0389521094416545
15.864;0.0462828286738883
15.868;-0.046967082910477
15.872;0.0465656568062551
15.876;0.0484875453843412
15.88;0.0341938932316621
15.884;-0.038423840808219
15.888;-0.0931151638426331
15.892;-0.0670913357854853
15.896;0.0437976482292107
15.9;0.051448717435196
15.904;0.0125114371938152
15.908;-0.0050620383716259
15.912;-0.0267432488754061
15.916;-0.0445143780079445
15.92;0.0562158649941707
15.924;0.0416342186644459
15.928;-0.0693833082689174
15.932;-0.0589529803184374
15.936;0.0664376665571685
15.94;-0.000941407038403964
15.944;0.0146544938615135
15.948;0.0188086468097803
15.952;-0.0922720587893252
15.956;-0.00906709254442883
15.96;0.00849074647262854
15.964;0.0616566998744652
15.968;0.0347442524014873
15.972;-0.0176953849425498
15.976;-0.0293615472011499
15.98;0.00278243003559092
15.984;-0.0491478164681795
15.988;0.0224523156262844
15.992;-0.0776177596527069
15.996;-0.0244977339999392
16;-0.0654747699859383
16.004;0.0335547231638138
16.008;0.0215778145951852
16.012;0.0116128209924606
16.016;-0.0250679868341396
16.02;-0.0727053811536569
16.024;0.129054646262592
16.028;0.0848144250834434
16.032;-0.0203247312603891
16.036;0.00903911593685344
16.04;-0.0176162049917292
16.044;0.0087821720918578
16.048;0.00443879518035529
16.052;0.0521363738463016
16.056;0.0333633347271667
16.06;-0.0225745804591348
16.064;0.0482471448081295
16.068;-0.0246726928630058
16.072;-0.0280573626818205
16.076;-0.0339441495001836
16.08;-0.0589482779168358
16.084;0.0407348509445242
16.088;0.076344555508842
16.092;0.0740445297662324
16.096;-0.0688297255592633
16.1;0.00629539584481294
16.104;0.0529040224357789
16.108;-0.0444095909421038
16.112;-0.0439925470446779
16.116;-0.00149816670763033
16.12;0.0652553735472781
16.124;-0.0557036900802267
16.128;0.0919629906070896
16.132;0.0906369062509284
16.136;-0.0356940820208026
16.14;-0.0460195702834432
16.144;0.0294344884061872
16.148;-0.0358083769865596
16.152;0.0106673829743845
16.156;-0.00692691561343002
16.16;-0.00991071101046639
16.164;0.0515203882326544
16.168;0.0250700666586482
16.172;0.0118984433171251
16.176;-0.046072368123173
16.18;0.00299349113382004
16.184;-0.0574314775955985
16.188;-0.035247897924737
16.192;-0.070056821633363
16.196;-0.0584719547413143
16.2;0.0199521603466626
16.204;-0.0718464935089703
16.208;-0.0559551135780032
16.212;0.0455343585783907
16.216;-0.0065178772882233
16.22;-0.0272475606137916
16.224;-0.0775297236506218
16.228;-0.0248778059096404
16.232;-0.0180271724073782
16.236;0.0637045048696325
16.24;0.0291176323082826
16.244;-0.0159175768584019
16.248;-0.00667561269051091
16.252;-0.0307676990414463
16.256;0.0477757086773056
16.26;0.0608525743914493
16.264;-0.0400454072819227
16.268;-0.0450865442225534
16.272;0.0235134042334082
16.276;-0.0339874003198474
16.28;-0.0391839143328848
16.284;-0.0695435930409908
16.288;-0.00572559682575832
16.292;-0.047160002312623
16.296;0.0103800535691576
16.3;0.0760374853500527
16.304;-0.0196736963303629
16.308;0.00281515068904948
16.312;-0.105476469247352
16.316;0.0270149367999192
16.32;-0.0160705984017914
16.324;-0.103685688028089
16.328;0.016157063260208
16.332;-0.0144544208068998
16.336;0.0148998140702092
16.34;-0.077877001185306
16.344;0.054366447833174
16.348;0.018430192353177
16.352;0.042691464341636
16.356;0.0836664882053526
16.36;-0.0104385190172649
16.364;0.037659101228815
16.368;-0.0278127417539545
16.372;0.0633089825656114
16.376;0.00158795587332102
16.38;-0.0205169991013686
16.384;0.0795198078893376
16.388;0.116191093189267
16.392;0.00391519380833504
16.396;0.0761937046042581
16.4;0.0297643190567242
16.404;-0.0388128745859021
16.408;0.0437450249913585
16.412;0.126112545292709
16.416;0.03274459091436
16.42;0.0396906315418063
16.424;-0.118288930564986
16.428;-0.0261315193139305
16.432;-0.08944724300242
16.436;-0.0169081819237679
16.44;0.0394018424972728
16.444;0.0565756302698308
16.448;-0.00775820157939571
16.452;0.0449732506494129
16.456;-0.0310181625654573
16.46;-0.0147174072355714
16.464;-0.0188473982194764
16.468;-0.05594900704379
16.472;-0.122275909702532
16.476;-0.00842261839211354
16.48;0.0107830299126711
16.484;0.0376391899657179
16.488;-0.0241236254776742
16.492;0.0245192129512451
16.496;-0.0325731471288195
16.5;0.0167528018692783
16.504;-0.0600729526546674
16.508;0.0388481735333474
16.512;0.0366363427625706
16.516;0.00988786760645144
16.52;-0.102698574424919
16.524;-0.00312983090598385
16.528;0.0177011557993985
16.532;-0.0157403756017718
16.536;0.0688714975483559
16.54;0.0900818697049717
16.544;0.0980460097191543
16.548;0.0595251837764781
16.552;0.264006987940332
16.556;0.396281414708131
16.56;0.407661955579672
16.564;0.469269177389703
16.568;0.582761858702695
16.572;0.7558158866817
16.576;0.870061862586781
16.58;0.855112974803132
16.584;0.930831892031984
16.588;1.02589605024675
16.592;0.941009187399715
16.596;0.853224163510431
16.6;0.809045531409727
16.604;0.677868657859355
16.608;0.541763916704377
16.612;0.472439075755083
16.616;0.378069566683358
16.62;0.253297264842644
16.624;0.291047115914967
16.628;0.141638719247452
16.632;0.0978730854230011
16.636;0.0549593032669765
16.64;0.0255950895079775
16.644;-0.0979701227044799
16.648;0.0670693631322702
16.652;-0.0176383113437326
16.656;-0.0257303922123219
16.66;-0.0148708763355686
16.664;0.0257956862697127
16.668;0.0954709760800193
16.672;-0.0665576490593546
16.676;0.0714869560779601
16.68;-0.0519483966170332
16.684;0.00921727950343187
16.688;0.0545295897667102
16.692;0.033083173973614
16.696;0.0304533318276377
16.7;0.0446726603124873
16.704;-0.0135759523976832
16.708;0.0182516743819176
16.712;-0.0189031736314509
16.716;-0.0430238081600695
16.72;0.0556183108407876
16.724;-0.0331004460370619
16.728;0.0222127045753317
16.732;-0.00429740165091472
16.736;-0.0280532506907061
16.74;-0.00741038074130401
16.744;-0.0399795196442138
16.748;0.0331975790212233
16.752;0.0947341010526645
16.756;0.00321124917081638
16.76;0.0183541409153255
16.764;-0.0531390908760511
16.768;-0.0298905182190699
16.772;-0.0471971460251778
16.776;-0.0523421108884356
16.78;0.0091426299127128
16.784;0.0697078089693127
16.788;0.0345304893969576
16.792;-0.0158336843647756
16.796;-0.123349749515924
16.8;0.0448119650934236
16.804;0.0351431176863367
16.808;0.0735473740085392
16.812;0.0346360750054936
16.816;0.00981487599486071
16.82;0.0598011038200185
16.824;-0.0427022758509964
16.828;0.0526535118575229
16.832;-0.00671322369915621
16.836;0.0379137135477166
16.84;-0.0562989806691892
16.844;-0.0768025046184391
16.848;0.142852977223374
16.852;-0.00531924479073364
16.856;0.0334126894344349
16.86;-0.0195651715196014
16.864;0.0347991593787645
16.868;-0.0693644439697022
16.872;-0.0999124275274693
16.876;0.0107034343927042
16.88;0.0451716817146953
16.884;0.00432434751027791
16.888;-0.029413816969156
16.892;-0.00579604829450055
16.896;-0.0437080824021105
16.9;0.0986879277264463
16.904;0.0788893848477038
16.908;0.0438509631941186
16.912;0.0360701321084106
16.916;-0.0474433469399101
16.92;0.0747014917904768
16.924;0.0381292525305995
16.928;-0.0489839225445638
16.932;0.0533134186020122
16.936;-0.00249124658871711
16.94;0.00415106710466911
16.944;-0.0254255124021398
16.948;0.0411858282573404
16.952;-0.0144236044819308
16.956;-0.0317273117559705
16.96;-0.0573592475330001
16.964;-0.0103590121588776
16.968;0.0847812177397452
16.972;0.0263230313919913
16.976;0.00586899155729366
16.98;-0.0933987145108981
16.984;-0.0807978112902148
16.988;0.0159657584522274
16.992;-0.00622690950151095
16.996;0.0529546651088051
17;0.035049590335248
17.004;0.0179050191864072
17.008;-0.10006522676961
17.012;0.0621576175295181
17.016;-0.0205470441530785
17.02;0.00735576977061927
17.024;-0.0821583114867509
17.028;0.0283215775801689
17.032;0.0135908772409995
17.036;0.0453819440530306
17.04;0.0284299229291647
17.044;-0.0411187705431246
17.048;0.0105985291825666
17.052;-0.0150360577450002
17.056;-0.0382126373166732
17.06;-0.00573851511118025
17.064;0.0066566774697747
17.068;0.121066309965343
17.072;-0.0114477962331654
17.076;-0.0408716439120124
17.08;-0.0176903001161213
17.084;-0.0276982884578009
17.088;0.0398792936194333
17.092;-0.04618299576345
17.096;-0.0284923672749007
17.1;0.013194281476033
17.104;-0.0112775250497402
17.108;0.0943422402334459
17.112;-0.0227417808648109
17.116;-0.0814148284112684
17.12;0.0369363604822384
17.124;-0.0696674401111791
17.128;-0.0414437990459177
17.132;0.142327362317524
17.136;0.038004419225125
17.14;0.0277326101173118
17.144;-0.0317914015615203
17.148;0.0138895354398802
17.152;0.0395234974387569
17.156;-0.111577114663848
17.16;-0.0393168667991202
17.164;-0.0274726235055082
17.168;0.0661610872924918
17.172;-0.11002613130178
17.176;0.0158170295549506
17.18;0.0418512768144694
17.184;0.0142233565564245
17.188;0.0395807441435839
17.192;0.045309339068016
17.196;0.0071568633693454
17.2;-0.0713147153983758
17.204;0.0135058868657962
17.208;0.0468140118816933
17.212;-0.00652732040044127
17.216;0.0500126480898901
17.22;0.0241920029037007
17.224;-0.0356390380895258
17.228;-0.0313439936457635
17.232;0.04341750590441
17.236;-0.0581103029631049
17.24;-0.0444556963183835
17.244;-0.103954742938551
17.248;-0.0118134512591916
17.252;-0.0520976294837161
17.256;-0.012265272743078
17.26;-0.0895116052688915
17.264;0.0318603902193125
17.268;-0.0559389491505243
17.272;0.00940459025029459
17.276;-0.00549508801549523
17.28;-0.00168838693163097
17.284;-1.79230351471981E-05
17.288;0.0628110382963818
17.292;-0.0362494186104503
17.296;0.0205908868858599
17.3;0.021855716593555
17.304;0.111867146162203
17.308;0.0952349400121436
17.312;0.286921694820695
17.316;0.294024226862421
17.32;0.417849141426134
17.324;0.500940492539559
17.328;0.609563633587266
17.332;0.816077937599372
17.336;0.831723157533135
17.34;0.954197228881459
17.344;1.04945400040631
17.348;0.938090958268009
17.352;1.05017499348963
17.356;0.93280101180026
17.36;0.807922597337852
17.364;0.725910260905725
17.368;0.671688248239134
17.372;0.464477325231949
17.376;0.379033022587314
17.38;0.311915823111499
17.384;0.185101226916937
17.388;0.13578533918303
17.392;0.0748919974622103
17.396;0.128325469028461
17.4;0.0456041423094599
17.404;0.0225943491300319
17.408;0.0315576308837329
17.412;-0.0267339028394145
17.416;0.0462066374404779
17.42;0.0352367281781577
17.424;-0.0230325317350893
17.428;0.0220598964584988
17.432;0.0500617333148344
17.436;0.0242468908396884
17.44;0.0592718870925719
17.444;-0.0379657655009582
17.448;-0.00746299462059543
17.452;-0.0665157330810522
17.456;-0.0449759726869495
17.46;0.0971031953186912
17.464;0.000207661722225669
17.468;-0.0506493385700428
17.472;0.0123662546036116
17.476;-0.0195443029613493
17.48;-0.0313542586132687
17.484;-0.012233588760968
17.488;0.00557775039227404
17.492;0.0393024803032002
17.496;-0.053060095644349
17.5;0.0526186645689527
17.504;0.0470845731571914
17.508;-0.0312049895751084
17.512;0.0122175147275966
17.516;-0.0227296189522371
17.52;-0.0770286804422565
17.524;-0.045603998123823
17.528;0.0570328384617531
17.532;0.0508104008395043
17.536;-0.036019245048009
17.54;0.00226490641551321
17.544;-0.0118783117895251
17.548;-0.00822227835463069
17.552;0.0238711597837015
17.556;-0.0549136417657122
17.56;0.0242167640644435
17.564;0.0824197864424225
17.568;0.00853147858009373
17.572;-0.0424719906529011
17.576;-0.104018464257446
17.58;-0.0239702008461008
17.584;0.00144023387151432
17.588;0.0510772944922646
17.592;0.0255151950496734
17.596;0.101393472144422
17.6;-0.0686987753854035
17.604;0.00146690337148627
17.608;0.00825594132078271
17.612;0.0178267641038288
17.616;-0.0157155415830611
17.62;0.0162789902450811
17.624;0.0419395373233638
17.628;0.0184662057062292
17.632;0.0120001248140496
17.636;-0.0386394089287621
17.64;0.0299952078953022
17.644;0.0317629514264928
17.648;-0.0164851607492191
17.652;-0.00361303473244071
17.656;0.0514253218272517
17.66;0.0406903894422148
17.664;-0.0187982934308921
17.668;0.0591521257256723
17.672;-0.030508024968821
17.676;-0.00545812829931836
17.68;-0.00471965699103595
17.684;-0.0580546936371188
17.688;-0.000312583580419745
17.692;-0.026496946707506
17.696;0.0205047871653821
17.7;-0.0642024927999639
17.704;0.127397701003973
17.708;-0.0205466402495591
17.712;-0.0325674172482226
17.716;-0.0339166768207176
17.72;0.0787001967286451
17.724;-0.081138254549566
17.728;-0.0540089513335949
17.732;-0.00965783027696669
17.736;-0.0727461090461578
17.74;0.0331076509417224
17.744;-0.00407274433568792
17.748;-0.0364168360162389
17.752;0.0904612606569507
17.756;-0.117091800743182
17.76;-0.059087259071419
17.764;-0.00633020143331821
17.768;0.0308046412765705
17.772;-0.00339185649676648
17.776;-0.0152708126114759
17.78;0.0465001729164818
17.784;0.00703427366741762
17.788;-0.0333659969455671
17.792;-0.0581316889015494
17.796;0.026924238600849
17.8;-0.0976571861574199
17.804;-0.0201909023225733
17.808;0.00836222832718073
17.812;0.0604651041676389
17.816;-0.0498722354529974
17.82;-0.0479496556454848
17.824;-0.0164828904691515
17.828;-0.0245977100644567
17.832;0.134088154615297
17.836;0.00396033487733166
17.84;-0.114868081609822
17.844;-0.0502722719322418
17.848;-0.0276020520355056
17.852;-0.0391122027139702
17.856;0.0724393883978485
17.86;-0.0565005463908836
17.864;-0.00745452511389967
17.868;0.0463052000257348
17.872;0.103301105557826
17.876;0.0154979290224166
17.88;0.117847287481931
17.884;-0.0192345148594105
17.888;0.00256596662729196
17.892;0.034355258697268
17.896;-0.0392874044371083
17.9;-0.0676858554544766
17.904;-0.0643018496232786
17.908;-0.0492547894809112
17.912;0.0200274745924026
17.916;0.00759986541773555
17.92;-0.106630576191461
17.924;-0.108985758196835
17.928;-0.0681606247868443
17.932;0.00410682668775489
17.936;0.0314826303317163
17.94;0.0359831467407244
17.944;0.0135584988937679
17.948;-0.00538666846362082
17.952;-0.024288987564294
17.956;-0.0155421342829949
17.96;-0.0229312422970097
17.964;-0.0417867742849528
17.968;-0.0446012430681792
17.972;-0.00980812521454192
17.976;0.0330584633591698
17.98;-0.041040497033925
17.984;0.0233279990404246
17.988;-0.0699288175777703
17.992;0.0264885419214895
17.996;-0.0319705059955555
18;-0.00350873046461154
18.004;0.0238985719626936
18.008;-0.0277199050605168
18.012;0.0402241653377022
18.016;0.00754310541664288
18.02;0.0620115384239149
18.024;-0.0240075323849238
18.028;-0.073563909073822
18.032;-0.00999629652580609
18.036;0.046946749608891
18.04;-0.0678523697410829
18.044;-0.014919504939528
18.048;-0.130441271284071
18.052;0.00986961937623661
18.056;-0.0806319003422092
18.06;-0.045047967318787
18.064;0.0435054973874442
18.068;-0.0472528968747555
18.072;0.161851389714236
18.076;0.064009732822352
18.08;0.0386678000511886
18.084;0.0461303080963625
18.088;-0.0286133213993417
18.092;-0.0646957497858476
18.096;-0.0379000973298079
18.1;-0.00826671008293841
18.104;0.00168614500920943
18.108;0.0132402293484455
18.112;0.0822087979808527
18.116;-0.02324271984199
18.12;0.125701146617846
18.124;0.0460473006466945
18.128;-0.0315081650113504
18.132;0.0614760591871138
18.136;-0.0241279016332104
18.14;-0.0288262361049193
18.144;0.115071358285373
18.148;0.0150519169789937
18.152;0.00923560099616537
18.156;0.0229453149032423
18.16;-0.00347165037256824
18.164;0.0160085720165156
18.168;0.0622474997448877
18.172;-0.0224616969988427
18.176;-0.0372271353260379
18.18;-0.000704121657420967
18.184;0.0613347267104485
18.188;-0.0063660360830284
18.192;0.00126452828863729
18.196;-0.13270018884177
18.2;-0.00538280073726148
18.204;0.0914316126393685
18.208;-0.0375834098007242
18.212;-0.0841014839930414
18.216;0.0581972738604778
18.22;-0.0442524858972969
18.224;0.0648452032147069
18.228;0.00928365998877617
18.232;-0.0486675379932674
18.236;-0.0312522900278863
18.24;0.14414609206504
18.244;0.00398606414213352
18.248;0.00113511278816271
18.252;0.00921811337533117
18.256;0.081644404111718
18.26;-0.0235619167560946
18.264;-0.0765508908136661
18.268;-0.00652258218778357
18.272;-0.0136535624182429
18.276;-0.00444932931878131
18.28;0.0232438648398082
18.284;0.0097230874181034
18.288;0.0594589991266238
18.292;-0.0226757315132369
18.296;0.0814731563384021
18.3;0.0975736693574643
18.304;0.106716113830517
18.308;0.180529202952064
18.312;0.218694221055868
18.316;0.285587791556034
18.32;0.432453638363072
18.324;0.550056881888119
18.328;0.577515319689043
18.332;0.783525166408332
18.336;0.874354281432629
18.34;0.921531989997185
18.344;0.893328848544869
18.348;1.05670688150293
18.352;0.961541369009723
18.356;0.820038401399589
18.36;0.865731086271537
18.364;0.697842220650155
18.368;0.673190897603976
18.372;0.551549609034294
18.376;0.363695099739913
18.38;0.245232010109096
18.384;0.230434548680754
18.388;0.104750826218263
18.392;0.00155681658799745
18.396;0.0406341264849669
18.4;0.00754677168160276
18.404;0.0773897394695683
18.408;0.0695956154031907
18.412;0.0167946450536365
18.416;0.0826827613320295
18.42;0.027327633435994
18.424;0.0186900253049582
18.428;0.0197126588581121
18.432;-0.023743377991492
18.436;0.0799992275773621
18.44;-0.0186135384516605
18.444;-0.0424949039374831
18.448;0.0580229282503979
18.452;0.0618990251369289
18.456;-0.00404045990466556
18.46;0.0525368480314941
18.464;-0.00170344229015003
18.468;-0.00251878236162264
18.472;-0.00984275484481625
18.476;0.00611549886303503
18.48;0.0309020238645608
18.484;-0.0367087515251363
18.488;0.0860233277798354
18.492;-0.0214577234292368
18.496;-0.0353980401330901
18.5;0.00843042175095312
18.504;-0.0581502085891802
18.508;-0.00901111766758459
18.512;-0.0570057173647246
18.516;0.0540466651831568
18.52;-0.0156911299449153
18.524;-0.0232862968149957
18.528;-0.0918976179593188
18.532;0.0716438201148194
18.536;-0.0438731000837556
18.54;-0.0556736639175775
18.544;0.00791171320000621
18.548;0.00933901004952045
18.552;0.00770026886165109
18.556;-0.00418543076979621
18.56;-0.0220036832410892
18.564;0.0335020878622686
18.568;-0.0265393295522477
18.572;0.0523181784281142
18.576;-0.0103208846345279
18.58;-0.0446813869557254
18.584;-0.033169930309262
18.588;0.0354142196737016
18.592;-0.0368166651423664
18.596;-0.07412430042735
18.6;-0.0469734962926688
18.604;-0.0311533726398398
18.608;0.136539787541949
18.612;0.0264778403410677
18.616;0.0335214558424776
18.62;-0.0158858002019481
18.624;0.0164926940023417
18.628;0.0469640315338562
18.632;0.0374195925378282
18.636;-0.0257407326299601
18.64;0.036863358685973
18.644;0.00305305117281669
18.648;0.0101491247389577
18.652;0.0344133904285228
18.656;0.0669342398104544
18.66;0.0118853955600129
18.664;-0.0508772099979263
18.668;0.0505087411017798
18.672;-0.00643879332627744
18.676;0.0152695687596189
18.68;0.0644915831826204
18.684;-0.00672798737954325
18.688;0.0360101058541221
18.692;-0.0539467869819842
18.696;-0.0297611306638368
18.7;0.0911767149538393
18.704;-0.00437013651596956
18.708;0.0592107458830716
18.712;0.029539875243872
18.716;0.0298549941038498
18.72;-0.00481636685091962
18.724;-0.0252001139517961
18.728;0.0280482863453732
18.732;0.0652397736537528
18.736;0.0967853447600926
18.74;-0.0657038532750085
18.744;0.00140994651502589
18.748;0.0508505374574073
18.752;0.0328034570620682
18.756;-0.0173885313782309
18.76;0.0307223368993139
18.764;0.00700013711609753
18.768;0.0134528328086263
18.772;0.00332150940243379
18.776;0.00134739389192999
18.78;0.0262096961265168
18.784;0.0641193676102188
18.788;0.106098661149846
18.792;-0.0789295213939297
18.796;0.0876358708078245
18.8;0.0520383206715295
18.804;0.0591469700539801
18.808;0.0232875687187636
18.812;-0.0712118853984204
18.816;-0.0176709130435861
18.82;-0.125475994580645
18.824;-0.0318209089459431
18.828;0.0310787271445903
18.832;0.0128771092185151
18.836;0.0744283602922276
18.84;-0.0165864709055527
18.844;0.0544440531608673
18.848;-0.0404340257598321
18.852;0.0700734200348166
18.856;-0.00138705393757856
18.86;-0.0242230217148237
18.864;0.0414189681745078
18.868;-0.0213159907521046
18.872;0.0210888475511076
18.876;-0.0287246494192646
18.88;-0.0906236825254566
18.884;0.0422015995393541
18.888;0.0534032097467351
18.892;0.0436366446638338
18.896;0.0350140033730491
18.9;0.034233808845089
18.904;0.00970378160913692
18.908;0.026784457471297
18.912;0.0334067716850771
18.916;-0.00103568794842926
18.92;0.0304964155535812
18.924;-0.0517496688866131
18.928;0.00536792628095344
18.932;0.0334684896703302
18.936;0.0571767764133467
18.94;-0.0516760364653043
18.944;-0.0483144189288559
18.948;-0.00468942665998033
18.952;0.0570383128599911
18.956;0.0650004701925438
18.96;0.0140951879266545
18.964;0.065575292814613
18.968;-0.00623278702262502
18.972;-0.0120135598668333
18.976;0.0247727045376568
18.98;0.0374528685683357
18.984;-0.0090315803311237
18.988;-0.05539275769023
18.992;-0.0305822826673291
18.996;0.0387191231142185
19;0.0208930626189573
19.004;-0.0523934337564857
19.008;-0.00750814301498261
19.012;0.0643477860972183
19.016;-0.0695543187652323
19.02;-0.0623453441055763
19.024;-0.13229329157206
19.028;-0.0565722432508953
19.032;-0.00636122582473422
19.036;0.0713747279594835
19.04;0.00885730271791574
19.044;0.0635406405911093
19.048;-0.0317551966432778
19.052;-0.0016785460191571
19.056;0.000801971862472522
19.06;-0.00885890134075595
19.064;-0.00301552834102782
19.068;0.016504125057706
19.072;0.00191249274245332
19.076;0.0426762725484865
19.08;0.0711406315454894
19.084;-0.0414394494827057
19.088;-0.0444276299620905
19.092;-0.0114655976072264
19.096;0.100322764897469
19.1;0.0317080916916587
19.104;-0.0890975529512425
19.108;0.0805710696934197
19.112;-0.0346208118692032
19.116;-0.0860784123715041
19.12;0.0259819735427005
19.124;0.00757048034797402
19.128;-0.0274503989920152
19.132;-0.0624642858361267
19.136;-0.0218566688391904
19.14;-0.100053926591828
19.144;-0.00621456081540128
19.148;0.00402438122278163
19.152;-0.0449481025832019
19.156;-0.0377778094525816
19.16;-0.0523980929255442
19.164;-0.0966315890539512
19.168;0.0541042622174225
19.172;-0.0127675327820899
19.176;0.0376032925988775
19.18;0.0275140424341884
19.184;-0.00590932202826285
19.188;0.0129298468061209
19.192;0.112594890386158
19.196;0.131510629928542
19.2;0.26533373510438
19.204;0.274790649332495
19.208;0.365375343602116
19.212;0.550648227641115
19.216;0.637324622381657
19.22;0.75265816767051
19.224;0.897078088480863
19.228;0.891940693288221
19.232;0.900958327426879
19.236;1.06892721073943
19.24;0.989320650764314
19.244;0.926233811608296
19.248;0.771209614006039
19.252;0.748402887432948
19.256;0.689053127103616
19.26;0.581207008663631
19.264;0.368972479499296
19.268;0.244590735449729
19.272;0.227810413845688
19.276;0.148746949951896
19.28;0.149962948240196
19.284;0.0971474967262455
19.288;-0.0144748733583279
19.292;0.0623401114631636
19.296;0.012961116397543
19.3;0.0894545985028206
19.304;-0.0363765346538936
19.308;-0.0609015797796473
19.312;0.0221335147841253
19.316;-0.0141792039465318
19.32;-0.00910098050525368
19.324;-0.000625763638626784
19.328;-0.0158346918892035
19.332;-0.0446824449507618
19.336;0.0755659890918826
19.34;0.00279766133638401
19.344;-0.0987598141552147
19.348;-0.0437716632888144
19.352;0.0589239691424409
19.356;-0.0533239102204285
19.36;0.0343966258496932
19.364;-0.0582416151994422
19.368;0.0277912501710603
19.372;0.0321027792615716
19.376;0.0205981251888957
19.38;-0.0368454844354534
19.384;0.0398053362561648
19.388;0.0496830237798979
19.392;0.0366285836483068
19.396;-0.0387656237246253
19.4;-0.041398549838378
19.404;0.0480996346901273
19.408;0.0486393091570439
19.412;-0.0169155046345606
19.416;-0.0390769039291127
19.42;-0.0784584055009095
19.424;0.0273079009033764
19.428;0.0579591463745159
19.432;-0.0329021956151385
19.436;0.0234410014839464
19.44;-0.0291303176171606
19.444;-0.00730151600330429
19.448;0.0468302378266551
19.452;-0.00858937815857527
19.456;0.0558522511399633
19.46;-0.0656105543797894
19.464;-0.0452772502802295
19.468;0.045433155738225
19.472;-0.0525175732442714
19.476;0.0680001001045219
19.48;-0.0139537543724648
19.484;0.12354113040379
19.488;0.132976406174644
19.492;0.0402243286939135
19.496;0.00362342981099604
19.5;0.00407051990976892
19.504;-0.0153978688535091
19.508;-0.0507320271671903
19.512;0.124699067187649
19.516;-0.104296519555647
19.52;-0.0479807765720806
19.524;0.0581464554125532
19.528;-0.00739727584641997
19.532;0.00354626514683545
19.536;-0.0438296191212077
19.54;-0.0852766391652328
19.544;0.10458585568288
19.548;-0.0155461261593502
19.552;0.0121482235876091
19.556;0.0634656200981894
19.56;-0.0136569942987304
19.564;-0.048052318300359
19.568;0.0215410742644546
19.572;0.0570214465122139
19.576;-0.0664795482044694
19.58;0.0150365401989767
19.584;0.0124118825974265
19.588;0.0195256640002161
19.592;0.114431784637884
19.596;0.0614153060182012
19.6;-0.0404687636136808
19.604;-0.0315708574851293
19.608;-0.0251275282961814
19.612;-0.0619164560714462
19.616;-0.0480396698166338
19.62;0.00644231915942952
19.624;0.00785265094157217
19.628;0.0276469614921439
19.632;0.0137945870529747
19.636;0.0543739633620573
19.64;-0.0225193285393112
19.644;-0.0843326378033787
19.648;-0.0482378597596279
19.652;-0.0679736221821315
19.656;0.0396587783926197
19.66;0.0356949265611668
19.664;-0.0205117954679683
19.668;-0.014615566072424
19.672;0.0223455833846161
19.676;0.029508477670997
19.68;-0.0705315838376423
19.684;0.0493474111688662
19.688;0.0443928292439368
19.692;0.0192548197745577
19.696;0.03308838691723
19.7;-0.0457376197872803
19.704;0.153005148704162
19.708;0.0726323775246485
19.712;-0.0343204639878276
19.716;-0.00823852256551717
19.72;-0.0513173137724826
19.724;-0.0366128199155215
19.728;0.0514362386592135
19.732;-0.0945474568100014
19.736;-0.013589102922532
19.74;-0.0770580155239201
19.744;-0.0491554533820161
19.748;-0.000601292189809984
19.752;0.0147811868976333
19.756;-0.0837055353840987
19.76;0.0506519716424405
19.764;-0.0483053520878795
19.768;0.0202169334692778
19.772;0.00275135882682579
19.776;-0.0249208828908024
19.78;0.00238477223979481
19.784;-0.127169100544015
19.788;0.0613734782430142
19.792;0.0509017393964497
19.796;0.0373915490731659
19.8;0.0580186079727333
19.804;-0.0322906806008289
19.808;-0.0250165629697428
19.812;0.0230608861337972
19.816;-0.143346111557807
19.82;-0.0181195578053614
19.824;-0.0122688136969386
19.828;0.0584911151103609
19.832;-0.147743420972041
19.836;-0.0288826988717344
19.84;-0.128455644168888
19.844;0.0478975061815566
19.848;0.0684976433894879
19.852;-0.00816308708850434
19.856;-0.0401171280787216
19.86;0.039381596133707
19.864;-0.0130768491840819
19.868;0.0133389460250907
19.872;-0.0800229815902349
19.876;-0.0562492306673232
19.88;0.0382379666478373
19.884;0.0564463909269876
19.888;-0.0155281810408233
19.892;-0.010814062532698
19.896;-0.0968799270925896
19.9;-0.0388124008583127
19.904;-0.0165413576624931
19.908;0.0704895362696982
19.912;-0.0228635763939818
19.916;-0.00940839790627953
19.92;0.0154912601871705
19.924;0.061999997756299
19.928;-0.0197556590452058
19.932;0.0504508704179659
19.936;-0.0792788795183994
19.94;-0.0820101047533327
19.944;-0.0294618749703919
19.948;-0.00208372980925722
19.952;0.0590215603172356
19.956;0.0433382353578113
19.96;0.00428707489252612
19.964;0.0751452789697321
19.968;-0.0178045274096156
19.972;0.0467328580032509
19.976;0.0222045541210125
19.98;-0.00740574752718575
19.984;-0.0438750070120275
19.988;0.00917486609126303
19.992;-0.0405207216745471
19.996;-0.0618733488152274
20;-0.0397815183798539
20.004;0.026025814048488
20.008;0.037740430985928
20.012;-0.106102780427254
20.016;0.055796153563898
20.02;-0.0276919838017941
20.024;0.00337424837914278
20.028;-0.0482598214963443
20.032;-0.0216095855453421
20.036;0.0785310944874989
20.04;-0.068860966325149
20.044;0.149960567399511
20.048;-0.0338316260515936
20.052;-0.111843491261164
20.056;0.0869682210269204
20.06;-0.0255598857247347
20.064;-0.0580097557880485
20.068;-0.0376969073643881
20.072;0.0500563586133185
20.076;-0.023949280100713
20.08;0.0692344592681281
20.084;0.0860680888681484
20.088;0.0827422818224351
20.092;0.0279204061191252
20.096;0.133165948349125
20.1;0.267289750361278
20.104;0.24816886395161
20.108;0.353256580504606
20.112;0.473727400975051
20.116;0.618439739403135
20.12;0.636003461905645
20.124;0.864001904270087
20.128;0.990635718272513
20.132;0.933228348119133
20.136;1.05509067511893
20.14;0.922440639974413
20.144;0.981076205598608
20.148;0.816389388487754
20.152;0.674007133053962
20.156;0.662313786753088
20.16;0.566890582682152
20.164;0.310308510089913
20.168;0.245679441830255
20.172;0.283528865937344
20.176;0.148359588506039
20.18;0.0966699953476733
20.184;0.068688941614703
20.188;0.1044851545409
20.192;-0.0593072450199037
20.196;0.0676550680050077
20.2;0.00644836752245158
20.204;0.161818098669444
20.208;0.0473796404933942
20.212;-0.0789691628147615
20.216;0.0153648154223947
20.22;-0.00370873660170561
20.224;0.0256082712787363
20.228;-0.00244880269284563
20.232;-0.0125508601800652
20.236;-0.0461773053558067
20.24;-0.0221879038044309
20.244;-0.00396200726210973
20.248;0.079549959334498
20.252;0.0855962094359719
20.256;-0.0737794332854272
20.26;-0.111929944235071
20.264;-0.0697784456501895
20.268;-0.000914650565541124
20.272;0.0390563465650478
20.276;0.0767771107621978
20.28;0.0423511179659789
20.284;0.0768358567165118
20.288;0.00212290099755811
20.292;-0.0533239889495827
20.296;0.0694634807744148
20.3;0.0617726956139919
20.304;-0.00864933518836347
20.308;-0.0589502727427207
20.312;-0.0419823438936515
20.316;0.0364789540663317
20.32;0.0551322098411452
20.324;0.00374012736061832
20.328;-0.066603399335618
20.332;0.0197816123230028
20.336;-0.00305093163622996
20.34;0.0892576610993915
20.344;0.0150462982329656
20.348;0.0212667311281819
20.352;0.0191513323962487
20.356;-0.0220999666889406
20.36;0.0193346937172191
20.364;0.0417145703767855
20.368;0.00962042237684199
20.372;-0.0487358270959271
20.376;-0.0120626320354759
20.38;0.0419403662523734
20.384;-0.0125808905925959
20.388;-0.0952578235606437
20.392;0.0197616939807216
20.396;-0.0131300592656207
20.4;0.0743068842371937
20.404;0.0888622879183527
20.408;-0.0473742328286826
20.412;-0.0392662358384765
20.416;-0.00288962278951526
20.42;-0.0251740613493434
20.424;-0.0573992196684198
20.428;0.0052381354371564
20.432;-0.0204801339655719
20.436;0.0293654932621004
20.44;0.0456207535678794
20.444;-0.00784482036669308
20.448;0.043228376531396
20.452;0.0111978548443179
20.456;0.0212490598677382
20.46;0.0517146466902297
20.464;0.00324273686122695
20.468;0.0696702445705615
20.472;0.00267764357477621
20.476;0.0353989517025561
20.48;-0.0586256870455871
20.484;0.0750473179532365
20.488;-0.0112480507165358
20.492;-0.000438551633890182
20.496;-0.0195615865073956
20.5;-0.0882473622628346
20.504;0.0139792744924523
20.508;0.0399602455143511
20.512;-0.0285606713419813
20.516;-0.0368315820498582
20.52;0.0349120055092254
20.524;0.0660869675536542
20.528;0.0166812738021191
20.532;-0.0122279930481562
20.536;-0.0428154319274384
20.54;0.0430557296224571
20.544;-0.0299149773158758
20.548;0.0268055612627139
20.552;0.101772990958844
20.556;0.0666862448343632
20.56;0.148938336802504
20.564;0.201128511651781
20.568;0.327831346246279
20.572;0.327407538995094
20.576;0.455574803148601
20.58;0.684177518431015
20.584;0.7069012848512
20.588;0.878960747936383
20.592;1.04725018033753
20.596;0.925360268518705
20.6;1.01432389702421
20.604;0.931208643499901
20.608;0.932529594954937
20.612;0.778936681042695
20.616;0.83387079162716
20.62;0.677208558824579
20.624;0.499867593137739
20.628;0.47614996065579
20.632;0.228349622194066
20.636;0.229476955172132
20.64;0.137085684747946
20.644;0.117364403687995
20.648;0.0572268941307131
20.652;-0.0218147733140146
20.656;0.0267586487280303
20.66;-0.0331973309305017
20.664;0.0290809273894356
20.668;0.0583317049171992
20.672;0.0227991257519542
20.676;0.0942790660564124
20.68;-0.0250205749019102
20.684;0.023530259660541
20.688;-0.0197271059692087
20.692;0.0717129117343961
20.696;0.0129002679154029
20.7;0.0738158420811678
20.704;-0.0494671393319811
20.708;-0.0422129580638174
20.712;0.0337045773698434
20.716;0.0756149261282284
20.72;0.0676628121552591
20.724;-0.0182666386343059
20.728;0.112665908137741
20.732;-0.0321134478924376
20.736;-0.0523051842722201
20.74;0.000896969673593954
20.744;0.0481815218479641
20.748;-0.0655523501268936
20.752;0.0441642692697861
20.756;-0.0534759692500602
20.76;0.0356439004833953
20.764;0.015542727224887
20.768;0.0323468438350478
20.772;-0.0476038964579251
20.776;0.0413777930225487
20.78;0.0743051362825915
20.784;-0.0241647763271668
20.788;-0.0265819451205766
20.792;-0.0451227745318624
20.796;0.0407075217503685
20.8;-0.0739603616235832
20.804;-0.0256784728461076
20.808;-0.0364993112084869
20.812;-0.0203819133102962
20.816;-0.00556228954390467
20.82;0.0206726140853875
20.824;-0.0205128445694886
20.828;0.110492503838052
20.832;0.0244057605962126
20.836;-0.126548659245953
20.84;0.0708946357240737
20.844;0.00828496009202261
20.848;0.0454090013174054
20.852;-0.0200949301970991
20.856;0.101006793266684
20.86;-0.0177467581089446
20.864;0.0362431401133965
20.868;0.0317899550955752
20.872;-0.028780101812809
20.876;0.0319765336309674
20.88;0.0151492601567477
20.884;-0.048387293337238
20.888;0.0273806784582211
20.892;-0.0889189342061957
20.896;-0.0145568001364781
20.9;0.0858162055975406
20.904;0.053588050969628
20.908;-0.04094881343538
20.912;0.0282710527216656
20.916;-0.0439260925448311
20.92;-0.023346531072514
20.924;-0.0015137629621472
20.928;-0.0505935806532142
20.932;-0.00863808986628469
20.936;-0.0461913913238594
20.94;0.0434845693565358
20.944;-0.0505829743777782
20.948;0.129070028002238
20.952;-0.0422797661829547
20.956;0.0227580152212954
20.96;0.0769145068477382
20.964;-0.0452991537460007
20.968;0.102923460865776
20.972;-0.0244118359445799
20.976;0.0130191743871951
20.98;0.0982610230588278
20.984;-0.0511007331510782
20.988;0.0182512454213429
20.992;0.0452161787321611
20.996;0.0461358188625893
21;0.013977408917527
21.004;0.0189913388537853
21.008;0.0295377041432936
21.012;0.0591403461797247
21.016;0.00436481385683791
21.02;0.0591548883180308
21.024;-0.0206847115768715
21.028;0.00303278836658645
21.032;0.00701973325630547
21.036;0.00933077654863911
21.04;-0.0785219377662893
21.044;-0.0373620529384349
21.048;0.0464232069236173
21.052;-0.0192333337651733
21.056;-0.0688225262413971
21.06;-0.00383609998576734
21.064;-0.0331038087350838
21.068;0.0223767518723127
21.072;0.00172593821217596
21.076;0.100082497136106
21.08;-0.021171626238698
21.084;0.013046694314716
21.088;-0.000573739293251441
21.092;0.147389047319652
21.096;0.107481902588165
21.1;0.214338329124884
21.104;0.286041112677575
21.108;0.366906007474986
21.112;0.425112583670781
21.116;0.56371579889348
21.12;0.768657982581477
21.124;0.878199808510696
21.128;0.978429273814824
21.132;0.993722686914546
21.136;0.982532199275819
21.14;0.96101222110176
21.144;1.04757513123724
21.148;0.809473174189823
21.152;0.738315145967047
21.156;0.628269083669267
21.16;0.469449239132424
21.164;0.379221765191667
21.168;0.320998806373976
21.172;0.117461367456665
21.176;0.249264184071886
21.18;0.061379596825074
21.184;-0.0303318401769128
21.188;0.0707867498782756
21.192;0.112307881919498
21.196;0.0929279168674313
21.2;0.0246766502588971
21.204;0.0174771512869684
21.208;-0.0515337675589587
21.212;0.0153350567572333
21.216;0.0160524689557213
21.22;0.0591183807585348
21.224;0.0803235100394535
21.228;0.0567086763193889
21.232;0.0509347884664043
21.236;-0.00241841150846219
21.24;-0.123079476804178
21.244;0.0214185011463291
21.248;0.0302125670240881
21.252;-0.012874318785356
21.256;-0.0666271606059856
21.26;0.015675896674086
21.264;0.0124040456287025
21.268;-0.0207154055376841
21.272;0.0936272474901147
21.276;0.029821922406198
21.28;-0.0254726984503729
21.284;0.00848955146890413
21.288;0.112696589063825
21.292;0.0797811643172747
21.296;-0.121085488706207
21.3;-0.0218510852885305
21.304;0.0114717628036582
21.308;-0.0385625326030959
21.312;-0.0491362477486165
21.316;-0.0463077710315391
21.32;0.104830498908918
21.324;-0.0266711560694388
21.328;-0.0160423760700395
21.332;-0.0228982946068834
21.336;0.064225544390289
21.34;-0.0824956486225986
21.344;0.0613721507243876
21.348;0.0247939226703003
21.352;-0.0257550390458624
21.356;-0.0982271601170937
21.36;-0.0417036259252371
21.364;-0.0364573099931704
21.368;-0.0395179023879389
21.372;-0.0685527277288045
21.376;0.0397468719984047
21.38;-0.0156765800160408
21.384;0.0268318247159544
21.388;0.031601945800801
21.392;-0.00755631515935103
21.396;-0.0667870568389762
21.4;0.048360112077737
21.404;-0.00384893522057996
21.408;0.0968620496727863
21.412;-0.0199004454765552
21.416;-0.0511332063801455
21.42;0.0049039866801192
21.424;0.0033523645894381
21.428;0.0404653607379408
21.432;-0.0216032975614491
21.436;0.0683646086541198
21.44;-0.0546571494102245
21.444;0.104377560379213
21.448;0.0777338408546539
21.452;0.0697199630590544
21.456;-0.0833992396125981
21.46;-0.0170635822867601
21.464;-0.0120743099969581
21.468;0.0151533777937549
21.472;-0.040155945476803
21.476;0.0348389547874511
21.48;-0.0470420603082292
21.484;-0.0100949250246785
21.488;0.0748925914384197
21.492;-0.000433705579736721
21.496;-0.0428479948433124
21.5;-0.0501293201051971
21.504;0.0631300015150135
21.508;-0.01908044041813
21.512;0.147857589847261
21.516;0.10808746678555
21.52;0.0312603790412582
21.524;0.0769229421435284
21.528;0.00307748378572123
21.532;-0.00367214850753218
21.536;0.0248136099033276
21.54;-0.00894358030041805
21.544;0.0125782354908057
21.548;-0.00230282214404211
21.552;0.0789458232478855
21.556;-0.0215952252548018
21.56;-0.0711410021958162
21.564;0.0520947836898465
21.568;0.0290546599161445
21.572;-0.034469100876095
21.576;-0.0394166847660102
21.58;-0.0120992922597417
21.584;-0.0440721870184584
21.588;-0.0374287536576615
21.592;0.00754290777973735
21.596;-0.0102586733833865
21.6;0.0121517911407898
21.604;-0.124232890942097
21.608;0.0111709561163106
21.612;0.0583364418167101
21.616;-0.0121144369627655
21.62;0.0278796324746193
21.624;0.0481551635677176
21.628;-0.0454881549986842
21.632;-0.0193084341656611
21.636;-0.023968179078538
21.64;-0.0128464507953513
21.644;-0.035747856312076
21.648;-0.109448617919059
21.652;-0.0987045471615619
21.656;-0.0333115171526297
21.66;-0.0484535852505877
21.664;0.0580063584050443
21.668;-0.131555794952283
21.672;-0.0336253210465633
21.676;-0.0810273281120487
21.68;0.0317216664098743
21.684;-0.0429904668854692
21.688;-0.0322462184089949
21.692;-0.0659358987167633
21.696;-0.0840671164553292
21.7;0.103734780156937
21.704;0.00914223231353069
21.708;-0.0233565069554039
21.712;0.0290273839816736
21.716;0.0720800785470393
21.72;-0.0669215377867005
21.724;0.0200140497392871
21.728;0.0388367284433501
21.732;0.0305846755220184
21.736;0.0588738405700645
21.74;-0.046153931670236
21.744;-0.0321705495153227
21.748;-0.0523116132124254
21.752;0.0471102876402436
21.756;-0.0372829188093305
21.76;-0.0277084405354798
21.764;0.0135089199303023
21.768;-0.0662596414992865
21.772;-0.0651874034642771
21.776;-0.0133161421401285
21.78;-0.0221426625457059
21.784;-0.0317228951161537
21.788;0.0638108771022093
21.792;-0.00987228125470892
21.796;-0.0238385436674982
21.8;0.0219573019261426
21.804;0.0356902446511225
21.808;-0.0228198709214306
21.812;-0.0272252654454821
21.816;0.110293221938104
21.82;-0.017637734373156
21.824;0.0432373159659398
21.828;0.00637836311496887
21.832;0.014149221616345
21.836;0.0532848438418563
21.84;-0.015505090014589
21.844;0.00353661372317814
21.848;-0.042151579166251
21.852;0.0175612340121314
21.856;-0.00471987682902962
21.86;-0.00328226488774045
21.864;0.00418860710980658
21.868;0.0193428336536725
21.872;-0.00357239045567651
21.876;-0.00428560179651413
21.88;0.0135297185266918
21.884;-0.00359034272033133
21.888;-0.00591665799051276
21.892;-0.0339949311276057
21.896;-0.0774497650804279
21.9;0.0304049272190438
21.904;-0.0246436974855525
21.908;-0.037679189768041
21.912;-0.00861855791379266
21.916;0.0423869190404992
21.92;-0.0181281373958676
21.924;0.00905742306962602
21.928;-0.00810656049246153
21.932;-0.0732843285492177
21.936;0.0705707393857459
21.94;-0.0244206527905568
21.944;0.0515363243644152
21.948;0.109395607219998
21.952;0.0566757106695025
21.956;-0.104220265173766
21.96;0.0966957343491411
21.964;-0.0186967507551672
21.968;-0.0599069817371372
21.972;-0.0027049372137169
21.976;0.0406977300161955
21.98;-0.0355562615466456
21.984;0.023451089681418
21.988;0.060979998424043
21.992;0.0408305468199858
21.996;-0.074935498715484
22;-0.0625972633879655
22.004;-0.0683022224579741
22.008;-0.138663691237102
22.012;0.00454567310443769
22.016;-0.0466889869414649
22.02;0.0399044716506239
22.024;-0.0273390303066345
22.028;0.00611619728229202
22.032;0.0454391413616901
22.036;-0.00537172046084871
22.04;0.0297605127542555
22.044;0.0792019398474847
22.048;-0.00387648884275887
22.052;0.172071154085406
22.056;0.174364026610846
22.06;0.344184945750181
22.064;0.301960679182889
22.068;0.470668997011964
22.072;0.646445302629348
22.076;0.73566351318439
22.08;0.842808715687401
22.084;0.939997691658059
22.088;0.959951265643529
22.092;0.918405898376806
22.096;0.995559973698308
22.1;0.967425366103687
22.104;0.830332450008866
22.108;0.750021976781774
22.112;0.711849584596156
22.116;0.536628714919464
22.12;0.451777330922045
22.124;0.287104465041731
22.128;0.222953342274001
22.132;0.124742921959995
22.136;0.0713734563674584
22.14;0.0823758279141852
22.144;0.00748628008351975
22.148;0.0212949982640578
22.152;-0.0227326791352838
22.156;0.00579075346480004
22.16;0.127335317487267
22.164;-0.0240359101362236
22.168;0.00625765011994615
22.172;0.0686697929034567
22.176;-0.0135540840484227
22.18;-0.0545295956156209
22.184;-0.0476467522910853
22.188;0.0221314870671655
22.192;0.0551425210884569
22.196;0.00752509557816044
22.2;-0.0211468753124824
22.204;0.100113734267794
22.208;0.0186463834998124
22.212;-0.00259238400621538
22.216;0.00240235002224776
22.22;0.0101092663508354
22.224;0.00418874520462292
22.228;0.0794101842030488
22.232;0.0513193920292896
22.236;0.0911835822000477
22.24;-0.0273866392730845
22.244;0.0699465952993604
22.248;-0.0209205504724263
22.252;-0.0341578408773992
22.256;0.0171582046647882
22.26;0.00877955982689615
22.264;0.0774784072461515
22.268;0.0433325543897008
22.272;-0.0118096656279309
22.276;0.0625992848093943
22.28;0.0223252363023885
22.284;0.0233118719685503
22.288;0.0518656295345274
22.292;-0.0219182833236244
22.296;-0.0764337398921688
22.3;-0.0864123175814435
22.304;0.0359869442035435
22.308;-0.112898498512303
22.312;-0.0131122234641087
22.316;0.00655372454715121
22.32;0.0187868206777637
22.324;-0.0254407094297674
22.328;-0.0998265411683359
22.332;-0.00487235605086203
22.336;-0.0532864454814922
22.34;-0.0265866666176831
22.344;0.105043034022555
22.348;-0.108809380129899
22.352;0.0692624064808606
22.356;-0.012999839494062
22.36;-0.004359082734632
22.364;0.0148234279677876
22.368;-0.0577831199336618
22.372;0.0338007893877926
22.376;0.0213734223601771
22.38;0.159266535560993
22.384;0.056438465840043
22.388;-0.0468977969259202
22.392;0.00307466824411737
22.396;0.0662039479010907
22.4;0.0328866035521452
22.404;-0.0238793138646275
22.408;-0.0627591667164994
22.412;0.0271860970487467
22.416;-0.0739964421888585
22.42;-0.0593808650782345
22.424;-0.015167333164883
22.428;-0.00438488685148954
22.432;0.059236758504171
22.436;0.095663762032888
22.44;0.0611305873682258
22.444;-0.0951461159343121
22.448;0.0289820262150277
22.452;0.00292073960709096
22.456;-0.00102122021716808
22.46;0.0105129520732092
22.464;0.00772720184390925
22.468;-0.0282559297627879
22.472;0.0443474343280609
22.476;-0.0174057883064176
22.48;0.0195381303076913
22.484;0.00488087913496089
22.488;0.00696392307790859
22.492;0.00763382247063686
22.496;-0.0415859074628833
22.5;-0.0149259598225623
22.504;-0.0585343938247387
22.508;0.0261786574414102
22.512;-0.0917360637552405
22.516;0.00441472581931217
22.52;0.0816621550945828
22.524;0.000339118753258552
22.528;-0.0269617753060334
22.532;-0.0240564032640058
22.536;0.0732493614655189
22.54;-0.0562652545975589
22.544;0.00930609879125323
22.548;0.0136471712545306
22.552;0.0644692987983546
22.556;0.0135651674419485
22.56;0.0857857693489702
22.564;0.0234934995463951
22.568;-0.0154748979127848
22.572;-0.0155420468902033
22.576;0.0231759786475424
22.58;-0.00147505099881162
22.584;0.0264618352638698
22.588;-0.0161617264564918
22.592;-0.0775716122503324
22.596;-0.0281452342230358
22.6;0.0221402612951946
22.604;0.0815416701342301
22.608;-0.0271450691381633
22.612;-0.091135351617565
22.616;0.0423787421916203
22.62;0.0350658433872774
22.624;0.00736186178750774
22.628;-0.0875668727149146
22.632;0.102244793193061
22.636;0.100231192228133
22.64;-0.0322063573726549
22.644;0.0394130006885201
22.648;0.0720170882939221
22.652;-0.0921970664299237
22.656;0.0506618392657734
22.66;0.0407670572480945
22.664;0.0226867399061817
22.668;-0.00708195968543016
22.672;0.00928060373413138
22.676;0.0536879908624651
22.68;-0.0131135058615946
22.684;-0.0724566708869681
22.688;0.0244717963212912
22.692;-0.0298555987021637
22.696;-0.0313627707568737
22.7;0.0138118419525634
22.704;-0.051139336037289
22.708;0.026476821075466
22.712;-0.0571042711576102
22.716;0.00531864029630666
22.72;-0.0961319021104079
22.724;-0.0770771568122937
22.728;0.0161439879877897
22.732;-0.0306870006528144
22.736;0.0455477185428391
22.74;0.0825784395951987
22.744;-0.0390549974050206
22.748;0.0317539043469772
22.752;0.00319679780305261
22.756;-0.0172571196117564
22.76;0.0318028365786653
22.764;-0.0342713448287562
22.768;0.0580366580175011
22.772;0.00409153643125353
22.776;-0.00771618365936704
22.78;-0.018652565868801
22.784;-0.0631353795229008
22.788;-0.100406860916352
22.792;0.0185882922081251
22.796;0.00463536383766824
22.8;-0.0174325276273055
22.804;-0.100610977937988
22.808;-0.0903970352457525
22.812;-0.00562381371536475
22.816;-0.0698892441414752
22.82;0.0317194814111762
22.824;0.106809838674431
22.828;0.0224889373728428
22.832;0.0930079191419855
22.836;0.0458082798580265
22.84;-0.0311467626574879
22.844;-0.00717607231661325
22.848;0.0525425622823071
22.852;0.0400792140208996
22.856;0.0333466937110541
22.86;0.026600678371934
22.864;0.0788717517191323
22.868;0.107328098684236
22.872;0.174931690263349
22.876;0.158025703016672
22.88;0.264508800798413
22.884;0.296075583616316
22.888;0.48024780065275
22.892;0.569665638984814
22.896;0.77773265156351
22.9;0.778275890362393
22.904;0.928353458861367
22.908;0.996863484550363
22.912;0.996443262395942
22.916;1.0962463603776
22.92;0.91762608505055
22.924;0.833063297873989
22.928;0.749609488243167
22.932;0.624844525427951
22.936;0.496306013878505
22.94;0.393809025385606
22.944;0.292175298267075
22.948;0.112376367279833
22.952;0.0732766826369935
22.956;0.0566571305519736
22.96;0.0717369302419356
22.964;0.0325032709155411
22.968;0.0809921526857187
22.972;0.00451894668085277
22.976;-0.0219560413101051
22.98;-0.0250946699624543
22.984;-0.053361879003832
22.988;0.0132815342655841
22.992;-0.0684890026037144
22.996;-0.0221139196974826
23;-0.0470391820646395
23.004;-0.0351686986002414
23.008;-0.0367868355352051
23.012;0.00408640124403756
23.016;0.00115781048976202
23.02;-0.0678059072809495
23.024;0.104751101238068
23.028;0.00803974137484837
23.032;-0.0511230008544294
23.036;-0.0172717736132662
23.04;-0.00099251112469373
23.044;0.0258951811711889
23.048;0.0127013017652889
23.052;0.101819846930156
23.056;-0.083257952577401
23.06;-0.0565866720513941
23.064;-0.0233966153060075
23.068;0.140995366637692
23.072;0.0826651798159774
23.076;-0.0770019953037597
23.08;-0.0407603705300719
23.084;-0.0551756929332807
23.088;-0.0147995541626501
23.092;0.00962410957854883
23.096;0.0186905220778587
23.1;0.0484211136354674
23.104;-0.0377431334709452
23.108;-0.0116221943300001
23.112;-0.0321594303907384
23.116;-0.046917651546714
23.12;0.0672040143834731
23.124;-0.0224707050160004
23.128;0.0504259161336686
23.132;-0.00797519103356586
23.136;-0.00388403798335471
23.14;0.0108306824625295
23.144;-0.00270231426448627
23.148;0.0843772264590476
23.152;-0.0136632845915117
23.156;0.0155789227899246
23.16;-0.035554223253611
23.164;-0.052057827715702
23.168;-0.016547737193641
23.172;-0.0293472248826669
23.176;0.0198372704285284
23.18;-0.00309394444029682
23.184;0.0277395715499526
23.188;-0.00934800385362051
23.192;0.0530658847164442
23.196;-0.092868338522787
23.2;0.0731739051281078
23.204;-0.0390138486990789
23.208;-0.0333503454856846
23.212;-0.0449303797004338
23.216;0.0861651200833769
23.22;-0.110926069724274
23.224;0.00690574071585829
23.228;0.0218303963110436
23.232;0.0498688964449812
23.236;0.0119441424882156
23.24;0.00206821508758987
23.244;-0.0176066773580937
23.248;0.00716570954421756
23.252;-0.0172138549352817
23.256;0.0519665813367921
23.26;0.0828972235163621
23.264;-0.0764939965503816
23.268;-0.0147631824282291
23.272;0.0745787310657457
23.276;0.000524317894895705
23.28;-0.0673818747375361
23.284;0.0181939594268429
23.288;0.0369884405083962
23.292;-0.0165188151165508
23.296;-0.0112725981330223
23.3;-0.0578463840219841
23.304;0.0559336801590759
23.308;0.0332955144254425
23.312;-0.053893604293048
23.316;-0.0732771198269189
23.32;-0.0156043866230892
23.324;0.0140717894139463
23.328;0.0323930622112716
23.332;-0.0703104192133935
23.336;0.0122244353325326
23.34;-0.0523144958162581
23.344;-0.0104944095894887
23.348;0.018437188514411
23.352;0.00628340785197855
23.356;-0.0237990254918298
23.36;0.0438275829691852
23.364;0.0398488644088286
23.368;-0.00321313599249235
23.372;-0.00192410270602106
23.376;0.0231204774659163
23.38;0.02388063515658
23.384;0.0593212098058417
23.388;0.117020831848953
23.392;-0.106388356589433
23.396;0.00802458719307329
23.4;0.00356577088522879
23.404;0.0783157762184832
23.408;0.0915885190650153
23.412;0.0341666537436729
23.416;-0.0452725727959306
23.42;0.0427042776484685
23.424;0.0350112422181482
23.428;0.077084501877411
23.432;0.0518661834385488
23.436;-0.00387056355256714
23.44;-0.0500011448287991
23.444;0.0133877373562738
23.448;-0.048778855801316
23.452;0.0391108466991744
23.456;0.0302962537311547
23.46;0.0357741590544948
23.464;-0.0209889912667475
23.468;-0.0110216040291116
23.472;0.0559644874434978
23.476;-0.0229720915029581
23.48;-0.108938026837295
23.484;0.0642057893323408
23.488;-0.0650997174560263
23.492;-0.000307800958675215
23.496;0.0321446633780732
23.5;0.0332903714601147
23.504;0.0438221224626948
23.508;-0.0498106841256006
23.512;-0.119278341571964
23.516;-0.00100526222561398
23.52;-0.0675175685761944
23.524;0.0256722012561054
23.528;0.0661536315377718
23.532;-0.0955941508036062
23.536;-0.0277353742443579
23.54;0.10420131575945
23.544;0.0628336428640793
23.548;-0.00963457581417521
23.552;-0.0147564617521569
23.556;0.074928132565848
23.56;-0.0329180015631487
23.564;-0.106507469921113
23.568;0.0101730516900044
23.572;0.0437874436438779
23.576;-0.0139395005333661
23.58;-0.0295837302866726
23.584;0.0851855720260227
23.588;0.0120367531196329
23.592;0.0197044112788767
23.596;0.0647723660332825
23.6;-0.0692066269632034
23.604;-0.0424655530601298
23.608;0.017980853575316
23.612;-0.0219471254232701
23.616;0.0420997898095514
23.62;0.150015109042728
23.624;0.136157585300379
23.628;0.193623271846384
23.632;0.248462466628942
23.636;0.431202660009131
23.64;0.500167886111734
23.644;0.605154598475879
23.648;0.690051322401767
23.652;0.843893022711548
23.656;0.869176573249673
23.66;0.955046977046628
23.664;0.997787002004762
23.668;0.927470639208547
23.672;0.935388586564045
23.676;0.749444164860027
23.68;0.709868416331886
23.684;0.635077908358979
23.688;0.457638949768766
23.692;0.381137230407
23.696;0.250657465579287
23.7;0.163605988227159
23.704;0.0960378585380264
23.708;0.113882402793839
23.712;0.02485506184477
23.716;-0.0277276238657094
23.72;0.0180850459657663
23.724;-0.042747386805285
23.728;0.0568646449957602
23.732;-0.0315754120680824
23.736;-0.0564245030255923
23.74;0.0114865735943284
23.744;-0.0671520411824731
23.748;-0.0726446468529108
23.752;0.0211051474460537
23.756;0.0153154207493874
23.76;0.0314240518830033
23.764;-0.0333467611889883
23.768;-0.0547034333493636
23.772;0.101834505665963
23.776;-0.0252278250166963
23.78;-0.0615694428694495
23.784;0.0246966041317325
23.788;-0.0539570695547487
23.792;0.00140521156810691
23.796;0.0403124293149418
23.8;-0.0252181441613587
23.804;0.0834563571815874
23.808;-0.0481538696666022
23.812;-0.00165100182832685
23.816;-0.0329754089359699
23.82;0.0854485791466341
23.824;-0.0376358202859351
23.828;0.0222504902564291
23.832;-0.0733065115997072
23.836;-0.0611191885315706
23.84;-0.00828427136980128
23.844;0.027097177074647
23.848;0.0612821464138644
23.852;0.0396859568309737
23.856;-0.00183386533167571
23.86;0.0351036497053557
23.864;-0.138997970350123
23.868;-0.0558405187546877
23.872;0.00187303664260306
23.876;-0.0472376451252627
23.88;0.0219440602732959
23.884;-0.050307847860464
23.888;0.0650195862473002
23.892;-0.0393887376996098
23.896;0.0275424710066354
23.9;0.00546096903828969
23.904;0.0339159347432934
23.908;-0.00201762159459636
23.912;0.04021918697672
23.916;-0.0286264747740035
23.92;-0.00779741653794039
23.924;-0.156243192905464
23.928;-0.0215408254800851
23.932;-0.00348269873580699
23.936;0.000162968859360479
23.94;-0.0382017145378503
23.944;-0.0119239994537091
23.948;0.045806646179036
23.952;-0.0118037769088108
23.956;0.0086468703961631
23.96;-0.0469942662964817
23.964;-0.0418817529009904
23.968;0.00238009060315896
23.972;0.00942604457191629
23.976;0.0456385896316443
23.98;0.0103475579749529
23.984;-0.0198874069823764
23.988;-0.0124573202781782
23.992;-0.00541756719008326
23.996;0.0292995696509809
24;-0.0196358179475363
24.004;-0.0756908609128485
24.008;-0.0387964996724088
24.012;0.019975215440456
24.016;0.0184200711906809
24.02;-0.0454758263512606
24.024;-0.0492461612142087
24.028;0.0114236650818762
24.032;-0.02827640681722
24.036;0.0555678579253339
24.04;0.0437387883445261
24.044;0.0508123234084563
24.048;-0.0667986790765654
24.052;0.00094437773588928
24.056;-0.0297503553643203
24.06;-0.00775182468331489
24.064;-0.0279424815989194
24.068;-0.0823084848155876
24.072;-0.0496972296529979
24.076;0.0361534016272017
24.08;0.000509013978664913
24.084;-0.0477704027868841
24.088;-0.0317392727822263
24.092;0.0993362432072283
24.096;0.016640907854324
24.1;-0.0238835080267685
24.104;-0.0110144221786723
24.108;-0.055585118190362
24.112;-0.0213260164157263
24.116;0.0209812862731837
24.12;-0.0308793702800915
24.124;-0.0502229425247254
24.128;-0.0341658698457079
24.132;-0.0373944205392076
24.136;-0.017701725032139
24.14;-0.103792805634555
24.144;-0.0704802165053914
24.148;-0.0326339496610459
24.152;0.0167394197454791
24.156;-0.0102769989662614
24.16;-0.0845855709467434
24.164;0.0368489451344433
24.168;0.0600370167319745
24.172;-0.0363853177775786
24.176;0.0234816284399858
24.18;-0.0958624975579948
24.184;0.0276215945802438
24.188;0.0348738975489161
24.192;-0.00473836999974798
24.196;-0.0567084413563168
24.2;0.00553910996807428
24.204;0.043858047032981
24.208;0.103804212467741
24.212;-0.0279673893352355
24.216;-0.0293944608344733
24.22;0.021929303458882
24.224;-0.02076231264929
24.228;-0.0245471241698051
24.232;-0.0787753682618083
24.236;0.0740224061591922
24.24;0.0644395823742071
24.244;0.0792780702790837
24.248;-0.0281705926957767
24.252;-0.0285098451279443
24.256;-0.0614608396129674
24.26;-0.00853475335748315
24.264;-0.00292364127598387
24.268;0.042299965047156
24.272;0.0615319733385266
24.276;-0.042513505195528
24.28;-0.0234710644963205
24.284;0.0834089716159523
24.288;0.0459436169143226
24.292;-0.0351940567723015
24.296;0.0563411306347321
24.3;0.00600711871884822
24.304;-0.0353857136967086
24.308;0.012680349722491
24.312;0.0692010326810511
24.316;0.0203518025221631
24.32;-0.00154529749664147
24.324;0.0251470259825393
24.328;0.0183770509611788
24.332;-0.0559629233846259
24.336;0.034312956185077
24.34;0.00714435525708971
24.344;-0.0587646138147826
24.348;0.0854920548666126
24.352;0.00634325537122244
24.356;-0.0485378750548439
24.36;0.0213986091869662
24.364;-0.0720669717179059
24.368;0.0354108603591596
24.372;0.0628088546052
24.376;-0.0331230342728716
24.38;-0.056160580166832
24.384;-0.0457880442502812
24.388;-0.0904891124301969
24.392;0.00362567864699491
24.396;0.0398315617903057
24.4;0.0108637527942529
24.404;-0.052956029734721
24.408;-0.0345817209689978
24.412;-0.010015416121395
24.416;-0.0764572167722696
24.42;0.0261388572327994
24.424;0.0184287608642603
24.428;0.0496056103482848
24.432;-0.0299855251263266
24.436;-0.0361013152951632
24.44;0.044785746040209
24.444;-0.0204851184977186
24.448;0.0503269923172775
24.452;-0.0118192958875706
24.456;0.122812090088221
24.46;0.159617582020237
24.464;0.233644225147089
24.468;0.396082959846243
24.472;0.493558617128052
24.476;0.585189046869372
24.48;0.757743699618612
24.484;0.821374613237596
24.488;0.92439550402122
24.492;0.945114404033197
24.496;0.903410320577412
24.5;1.01226060353396
24.504;0.886870326017779
24.508;0.739916889740184
24.512;0.698688076075637
24.516;0.601485769953282
24.52;0.460798294287771
24.524;0.379473785721344
24.528;0.271410373329886
24.532;0.269575592399025
24.536;0.111819876092621
24.54;0.128087081795327
24.544;0.11692579154753
24.548;0.0567749740289993
24.552;-0.00998979491330716
24.556;0.054576357846232
24.56;-0.0370671449913061
24.564;0.0437425321508683
24.568;-0.0383443882601304
24.572;0.0712324543610183
24.576;0.0747237037024111
24.58;0.00113579615265061
24.584;-0.0148694614018624
24.588;0.0478888731221439
24.592;-0.0515759897650948
24.596;-0.0323987533873124
24.6;-0.0155992152201895
24.604;-0.0260142603395155
24.608;0.0272979803302701
24.612;0.0377159093889239
24.616;0.0795907753300293
24.62;0.0530588039626302
24.624;0.113498360859353
24.628;-0.0257873123424889
24.632;-0.00190895633500121
24.636;0.0178805600700669
24.64;0.00783719325034196
24.644;0.011937812631534
24.648;-0.0466887289893874
24.652;-0.0690272808233066
24.656;0.0374662015611115
24.66;-0.0633098547693945
24.664;-0.0378142624623342
24.668;0.00835434527239339
24.672;0.00573551968567766
24.676;-0.0457489683763541
24.68;0.00778268308852138
24.684;-0.0230081353837248
24.688;-0.0213269528417561
24.692;0.0570787573574447
24.696;0.0119532759005689
24.7;-0.033447028662965
24.704;0.0320054282259012
24.708;-0.000600828083333374
24.712;-0.0357694080033183
24.716;0.0161252405724472
24.72;-0.00505384211769028
24.724;-0.0442919659252878
24.728;-0.0483568858973528
24.732;-0.0156826263791502
24.736;-0.00153561331994422
24.74;-0.0155017308912825
24.744;-0.0295506789443829
24.748;0.0673646042892861
24.752;0.0342735858373208
24.756;-0.0155207194507563
24.76;-0.00524225983828646
24.764;-0.0123391049036693
24.768;0.0428224506023166
24.772;-0.125040763873575
24.776;0.0363287317683295
24.78;0.081891238852279
24.784;0.0606997269235181
24.788;-0.0568503977184143
24.792;-0.0841192270797711
24.796;0.0741551312692252
24.8;0.0173480154635444
24.804;-0.00718056484811909
24.808;0.0383901735119365
24.812;0.0421592332487014
24.816;0.0845999709698727
24.82;0.0664208640919934
24.824;0.0202465996977687
24.828;-0.0188770491447322
24.832;0.0620952943294114
24.836;-0.0752137824812905
24.84;-0.0498322433602909
24.844;0.108279031513359
24.848;-0.0711087045000717
24.852;0.000671779751768483
24.856;0.016990750151887
24.86;0.0145384999002889
24.864;0.0116600088177566
24.868;-0.0299518405396055
24.872;-0.0626707792324666
24.876;-0.0564161497180397
24.88;-0.0159730581020151
24.884;0.030928187947236
24.888;-0.0297735741770716
24.892;-0.0174776202120219
24.896;-0.0629064842887529
24.9;-0.0161799763247244
24.904;0.00352072509818804
24.908;-0.0507931825229527
24.912;0.0549726999177351
24.916;-0.0216466572485095
24.92;-0.108758928574673
24.924;0.0405519077933267
24.928;-0.0407169039314141
24.932;0.030219488549083
24.936;0.0535121345231541
24.94;0.0782103067633773
24.944;0.101777197234515
24.948;0.00764171137063161
24.952;-0.040067786462714
24.956;-0.0472123684614881
24.96;-0.0210472332824635
24.964;0.12492807836239
24.968;-0.00963667934975094
24.972;-0.0310737551562429
24.976;0.0696935070877097
24.98;0.0384229438256826
24.984;0.00623130698841422
24.988;0.00162235268808612
24.992;0.0423310547497762
24.996;-0.0177436513132905
25;0.0236361546501391
25.004;0.0202236571681219
25.008;-0.0487104127047406
25.012;-0.0117842168172362
25.016;0.0160460682237262
25.02;0.013438013421982
25.024;5.8119604428781E-05
25.028;0.0488289419379715
25.032;-0.145561149376918
25.036;-0.00649266128668055
25.04;-0.0433390372181795
25.044;-0.045809964952568
25.048;0.040261428080858
25.052;0.0702216981653765
25.056;0.00592055734507481
25.06;0.00143815773418093
25.064;0.0900188580294405
25.068;0.0157649344439976
25.072;0.0129823325971
25.076;0.0303618949494949
25.08;0.0917439348600422
25.084;0.0964474517571101
25.088;-0.0387901341701071
25.092;0.0534214845256261
25.096;-0.0366080124954823
25.1;0.0316786269277191
25.104;-0.0230230355749844
25.108;-0.0184304650160504
25.112;-0.0684433923075872
25.116;-0.00599474409091139
25.12;-0.00743982208996434
25.124;-0.0632076002974459
25.128;-0.0201368238938056
25.132;0.0142019921618431
25.136;-0.125576029692358
25.14;0.161900631627242
25.144;0.0419659112476995
25.148;0.03915872883203
25.152;-0.109717515864536
25.156;0.0470139175797841
25.16;0.067939154007602
25.164;0.0322952364710625
25.168;0.0390128789963431
25.172;-0.00734398649503674
25.176;-0.0511174676952562
25.18;-0.0883680413131441
25.184;-0.060956599992833
25.188;0.00212657587516353
25.192;-0.142616290545338
25.196;-0.176375976528279
25.2;-0.258516885930714
25.204;-0.154967482776873
25.208;-0.372165774818643
25.212;-0.450504363698568
25.216;-0.417232675870968
25.22;-0.61699766284926
25.224;-0.628582359882232
25.228;-0.872630715968694
25.232;-1.04648328649605
25.236;-1.06824573917784
25.24;-1.25141697029266
25.244;-1.31086138620131
25.248;-1.45513048749899
25.252;-1.40435036164121
25.256;-1.52543123186323
25.26;-1.50529621096691
25.264;-1.48184600395905
25.268;-1.46442518609571
25.272;-1.42998143829546
25.276;-1.28460503865082
25.28;-1.14227034154585
25.284;-1.14456516114083
25.288;-0.964674358886798
25.292;-0.783641993220095
25.296;-0.724696374220683
25.3;-0.655282425465227
25.304;-0.479952825041787
25.308;-0.465496115187054
25.312;-0.341216289279813
25.316;-0.201425996630516
25.32;-0.183747742544962
25.324;-0.0931283405761176
25.328;-0.0789179362347182
25.332;-0.160154121207522
25.336;-0.0535035996613748
25.34;-0.0508329334000547
25.344;-0.00941764494970559
25.348;-0.0208237340858957
25.352;-0.0306307209208481
25.356;-0.0180828284485473
25.36;0.020485396369884
25.364;0.00686754656514775
25.368;0.0816648679331256
25.372;-0.0599581561127998
25.376;-0.118352710115506
25.38;0.0195837536434031
25.384;-0.123989693949264
25.388;0.0171189650057234
25.392;-0.112192839660997
25.396;0.00515320787290423
25.4;-0.00920197413803463
25.404;0.0593916344681188
25.408;0.0485093873619113
25.412;0.070244230058285
25.416;0.0213626641205458
25.42;0.00565997162206744
25.424;0.0157615921366818
25.428;0.0395620863679453
25.432;0.0235394484055272
25.436;-0.024973124835625
25.44;-0.0355487562241361
25.444;0.0811693830011405
25.448;0.0290894361683556
25.452;0.0584370289910185
25.456;0.010254102810936
25.46;0.0663996357974681
25.464;-0.0211713568641527
25.468;0.0506617685807989
25.472;-0.0139834623918778
25.476;-0.0199022015740496
25.48;-0.0755972179652003
25.484;0.0248584628590639
25.488;0.0646080350959263
25.492;0.0377801235025863
25.496;0.0350802433436458
25.5;-0.0515533620318614
25.504;-0.0158022841317553
25.508;-0.0797625176101914
25.512;-0.0216203869472716
25.516;0.0136951825474257
25.52;0.0366447340717533
25.524;0.0597878134991269
25.528;0.0673536374787216
25.532;-0.0978343754966697
25.536;-0.0194398510950659
25.54;-0.109298733997479
25.544;-0.0408273777734641
25.548;-0.0293913962031549
25.552;-0.0259255577292936
25.556;-0.0380281349138315
25.56;-0.0131872354692854
25.564;-0.0699983149589243
25.568;0.0481461275455964
25.572;-0.0559225545736999
25.576;0.0112466972750912
25.58;0.0497183885482565
25.584;-0.0559594995559077
25.588;0.0623973626594171
25.592;-0.0418785060956583
25.596;-0.140588755627132
25.6;-0.0707119092916805
25.604;-0.0404936172062472
25.608;-0.0381423843307593
25.612;0.0539485083240649
25.616;-0.0960049226606122
25.62;-0.0396776750646066
25.624;0.0347013464419658
25.628;0.0282080248929896
25.632;-0.0168165631926643
25.636;0.016031680591313
25.64;0.0885471272228023
25.644;-0.0302480550859661
25.648;0.013133123157868
25.652;0.0676156172967778
25.656;-0.0338166051109529
25.66;-0.0425897283063092
25.664;0.0420162244557171
25.668;0.127379823895313
25.672;0.0614318453363811
25.676;-0.0945999388655847
25.68;-0.0235326551479689
25.684;-0.0260523378483447
25.688;0.0074662006047873
25.692;-0.000260413337973289
25.696;0.0474443624601016
25.7;-0.0169637180913372
25.704;0.0271878904392333
25.708;0.0244098305442363
25.712;0.0157079921450146
25.716;-0.0546609605562409
25.72;0.0151780862903691
25.724;0.045984880073466
25.728;-0.0274636166897129
25.732;-0.0324837789992112
25.736;0.029917520848147
25.74;0.0111730186622491
25.744;-0.0455901985932991
25.748;-0.102236537146492
25.752;-0.0844180761749391
25.756;-0.0327225389815847
25.76;-0.100766292304671
25.764;-0.000292835103040799
25.768;0.0189363763991123
25.772;-0.00280240343456095
25.776;-0.00429873824921642
25.78;-0.00498139929310658
25.784;-0.0514940818260126
25.788;-0.0371432134372931
25.792;0.0169133406082681
25.796;0.0687139038154596
25.8;-0.00587961576636462
25.804;-0.0207562596531586
25.808;-0.022285502398716
25.812;0.0656185454610163
25.816;-0.0907661168995467
25.82;-0.0396585795785085
25.824;-0.0409684999889026
25.828;0.135926239434054
25.832;-0.00419064406337148
25.836;0.047430251430888
25.84;0.0933155648565503
25.844;0.163374985168854
25.848;0.174526971419436
25.852;0.210380830163394
25.856;0.376411721876945
25.86;0.451260938074881
25.864;0.553622522852444
25.868;0.74293469853848
25.872;0.814658635313278
25.876;0.932149945775091
25.88;0.938312672687671
25.884;0.998763529970176
25.888;1.01001346936491
25.892;0.83690457429981
25.896;0.743418544248488
25.9;0.67668779873068
25.904;0.630712878836987
25.908;0.492501749438218
25.912;0.338895562872739
25.916;0.310842550969882
25.92;0.190956700958644
25.924;0.149095201444579
25.928;0.136246671480636
25.932;0.105043037359314
25.936;-0.0457476610621358
25.94;-0.0116758205581386
25.944;-0.0121262276923008
25.948;-0.0401770107395415
25.952;0.0319562483704308
25.956;-0.0553307024892218
25.96;0.00451333695825477
25.964;0.0525780590401731
25.968;-0.0331069526053692
25.972;0.051129359041883
25.976;0.0497266241490958
25.98;-0.017675075794147
25.984;-0.0285856361260427
25.988;-0.0361198706756578
25.992;-0.0431079503068949
25.996;0.0065164153280493
26;-0.0143076948264416
26.004;-0.0319993577815052
26.008;0.0184870986198042
26.012;-0.0142706143882428
26.016;-0.0239534755084622
26.02;0.0285976687511956
26.024;-0.00129822601112966
26.028;0.00498655078927503
26.032;-0.0126767414706476
26.036;-0.0278645798712091
26.04;0.0806904832076341
26.044;0.0471805572172017
26.048;-0.0167114920116501
26.052;-0.110413952172831
26.056;0.0476802097947195
26.06;-0.0609351179232652
26.064;-0.0799382353424231
26.068;0.0915916273134923
26.072;-0.0420218608190997
26.076;-0.0408324149387714
26.08;-0.0746470028469322
26.084;0.0336927559473789
26.088;0.0520286760095012
26.092;-0.00654974952002995
26.096;0.123511795946988
26.1;0.0494948924130799
26.104;0.0262004570567307
26.108;-0.0377456507818611
26.112;-0.0799470801029072
26.116;0.0189693215223473
26.12;0.0310779108534118
26.124;0.0563707655714444
26.128;0.020869969992861
26.132;0.00782186203223894
26.136;0.0207471439946376
26.14;-0.0591664194527952
26.144;0.0143377830403651
26.148;0.0198383648830736
26.152;0.0629747677540027
26.156;0.00572185824492346
26.16;0.0262988926879742
26.164;-0.0337315137770383
26.168;-0.0494149251056408
26.172;-0.0222999652523715
26.176;0.00411636452417067
26.18;0.055330034575426
26.184;0.03864980376468
26.188;0.0355827082385273
26.192;-0.0223143401816875
26.196;0.0458756314118936
26.2;-0.0646771508425099
26.204;0.016136981046166
26.208;-0.0527286530936278
26.212;0.00110039014880135
26.216;-0.052204767052388
26.22;-0.029911682761735
26.224;-0.0334958122929778
26.228;0.0046564127824054
26.232;-0.0571832824909956
26.236;-0.0123089568671322
26.24;0.00959048498451854
26.244;-0.00988972163674023
26.248;-0.0609673084987343
26.252;-0.0368908138608104
26.256;0.0297770473616753
26.26;0.0260200205291143
26.264;-0.0684005491926428
26.268;0.0389351717520539
26.272;0.0333024095156577
26.276;0.0210122432075887
26.28;0.0678236957490719
26.284;0.0465956806786486
26.288;0.0526172812288826
26.292;-0.0673098502239914
26.296;-0.0295520320376503
26.3;-0.0511271759893414
26.304;-0.0744930963819637
26.308;0.0448103445791732
26.312;0.0176904898255416
26.316;0.00433552294802625
26.32;-0.0457478302970012
26.324;0.0448608439431228
26.328;-0.0413388652391684
26.332;0.0328062977673802
26.336;0.0825727080178944
26.34;0.00205537317969482
26.344;-0.0300980978179602
26.348;-0.0545505427769891
26.352;0.0418301224744909
26.356;0.0417885472420003
26.36;-0.0292155445265624
26.364;0.114779333922009
26.368;0.00156569202398136
26.372;-0.103840945348433
26.376;0.0175009147751169
26.38;0.0652621198319773
26.384;-0.00799384866374115
26.388;0.0595925897273613
26.392;0.0549146893648694
26.396;0.0686303012079407
26.4;0.0039578466402168
26.404;0.0355892863977157
26.408;0.014170916024002
26.412;-0.0247797519996327
26.416;-0.0457707554523222
26.42;0.00941180140778319
26.424;-0.00730967148494185
26.428;-0.0400994361058901
26.432;-0.0258184072130522
26.436;-0.0563832768964666
26.44;0.0266015155457385
26.444;0.0706950100712019
26.448;0.061836617069912
26.452;-0.0145164340390659
26.456;-0.00683077833188439
26.46;0.00415354437892203
26.464;-0.0137832921764526
26.468;-0.0186443642355507
26.472;-0.101100249896594
26.476;-0.0158277448718107
26.48;0.0184762121513521
26.484;0.00611843780723572
26.488;-0.00230739342239543
26.492;-0.0470229790507459
26.496;-0.0915366444993131
26.5;-0.0569657449424654
26.504;-0.01355194332329
26.508;0.0133431100865844
26.512;0.0580087258201701
26.516;0.0630420547569721
26.52;-0.0399584775043396
26.524;-0.019401561877358
26.528;-0.0200303641492465
26.532;0.0474108620062357
26.536;-0.0252554682943641
26.54;0.0078976546815245
26.544;0.00579462604047309
26.548;0.0648196034086275
26.552;0.0234386980044602
26.556;-0.0471131233546796
26.56;0.0344286564306573
26.564;-0.00289254347023695
26.568;0.0695687826181593
26.572;0.167771044065308
26.576;0.19885720129457
26.58;0.265173748778769
26.584;0.345597790483063
26.588;0.467364380407297
26.592;0.611086236347844
26.596;0.708642214147271
26.6;0.811783416392637
26.604;1.02518689767675
26.608;0.940463338172154
26.612;1.06090275876429
26.616;1.0402132520677
26.62;0.874571430960089
26.624;0.793586326065223
26.628;0.67279533020461
26.632;0.578017968747087
26.636;0.475229163456669
26.64;0.379847506353279
26.644;0.296893213460041
26.648;0.238640811196432
26.652;0.18774178814852
26.656;0.197282026467484
26.66;-0.0124659326888657
26.664;0.059598642141477
26.668;0.0345603392600073
26.672;0.0202457927296919
26.676;0.0415033573173914
26.68;0.0169262397121193
26.684;0.028473604074962
26.688;-0.0534131450665592
26.692;0.00510374439195251
26.696;-0.0679873219395124
26.7;0.02604648062505
26.704;0.0699789632153535
26.708;-0.0195455274702782
26.712;-0.0770359268762541
26.716;0.0244979820444621
26.72;0.0298893142523633
26.724;0.0692830337380263
26.728;-0.039154878084344
26.732;-0.0197760443145174
26.736;0.0258109507317483
26.74;-0.00592066557467352
26.744;0.0779553174384838
26.748;0.0392672000927955
26.752;0.0663585858859901
26.756;-0.0415151038801828
26.76;0.00666019480539949
26.764;0.0484095760327511
26.768;0.0334147047241595
26.772;0.0691141360021023
26.776;-0.0867875652095766
26.78;-0.00639790906160715
26.784;0.0396037265995144
26.788;-0.00653128142448384
26.792;0.0392490875020577
26.796;0.0169868297063507
26.8;0.0151620637403694
26.804;-0.0638088993007588
26.808;-0.0381914376979988
26.812;-0.0964405945065058
26.816;-0.0343167390379253
26.82;-0.0612464401674463
26.824;0.0286290360683425
26.828;0.0140808478739924
26.832;0.103174077609513
26.836;-0.0781010662945657
26.84;0.036133172282665
26.844;-0.00572068849531065
26.848;0.107197838291847
26.852;-0.000768070006994336
26.856;-0.0258605355437842
26.86;-0.015525852925058
26.864;-0.0295588351635638
26.868;-0.0308339019776046
26.872;0.113535124559789
26.876;0.00245520152270606
26.88;0.0019957352321288
26.884;0.078016994618465
26.888;0.0383516668336644
26.892;-0.048045090947387
26.896;-0.010935497102555
26.9;0.0122241795407317
26.904;-0.0129017246673535
26.908;-0.0964499705079271
26.912;0.0252667946898153
26.916;-0.0762460852289795
26.92;0.0391990856846228
26.924;0.0122152329819061
26.928;0.0104328392020408
26.932;0.0458159325478794
26.936;0.0552553870394533
26.94;-0.0273255398906199
26.944;0.114855806701203
26.948;0.0578264191910549
26.952;-0.0766647996923966
26.956;-0.00194291078733759
26.96;-0.0365462331617097
26.964;-0.0410613022530184
26.968;0.0264795904922445
26.972;-0.032826163769738
26.976;-0.0348774157372349
26.98;-0.0180565074370328
26.984;0.0185021886451754
26.988;0.0224329580560284
26.992;0.0305625262531723
26.996;0.0881034445551393
27;-0.0441858240224997
27.004;-0.0134537612084641
27.008;0.127546218125342
27.012;0.00540038364499741
27.016;-0.0546005499534249
27.02;0.0128620943005934
27.024;0.024162886949429
27.028;-0.00367853496869707
27.032;0.0168277588207334
27.036;0.0161192557655736
27.04;-0.000217246973655336
27.044;-0.0209421434121123
27.048;-0.067055236987684
27.052;-0.0412112018990115
27.056;0.0293635300012482
27.06;0.00161664410776878
27.064;-0.0599028462252178
27.068;0.0414865867433535
27.072;-0.0351723047571845
27.076;-0.0327528921061533
27.08;0.0535352355182323
27.084;-0.050608915202486
27.088;-0.0514633291815142
27.092;0.0812486610951268
27.096;0.0159048659269337
27.1;0.0860683601578783
27.104;-0.0282360745382398
27.108;0.0160767693808795
27.112;0.0192953854096329
27.116;0.0424153606851089
27.12;-0.0115672011605208
27.124;0.0676688633384031
27.128;0.0200654707616132
27.132;0.0439536282250539
27.136;0.0201516220310239
27.14;-0.124317364182796
27.144;-0.0119616089800894
27.148;0.00509266711167661
27.152;0.0110818951556242
27.156;0.0361353766699636
27.16;-0.0380254269775392
27.164;-0.0837783058176523
27.168;0.0699559532176782
27.172;-0.0949494206479112
27.176;0.0686124780957185
27.18;0.0180351701391125
27.184;0.064235349444532
27.188;-0.0227750708940321
27.192;0.0275947492677542
27.196;0.106851165525242
27.2;0.0706367343122216
27.204;0.0386575617904446
27.208;0.0668031632781238
27.212;-0.0573242053085776
27.216;0.0241546979685543
27.22;0.000709829404961852
27.224;0.00982143913026706
27.228;-0.0122215649029683
27.232;0.0134815647199174
27.236;-0.0247604303756317
27.24;0.0159316477769527
27.244;-0.0212750470409312
27.248;-0.00508008175189283
27.252;-0.0698762583301853
27.256;-0.0249455779497014
27.26;-0.0168467047758536
27.264;0.0178550034337932
27.268;0.0333279576627015
27.272;-0.0627934053520058
27.276;-0.0499770628111629
27.28;0.0516948274676309
27.284;0.016002259059499
27.288;-0.0222790864186244
27.292;0.0135995407266696
27.296;-0.0114105956268567
27.3;0.0220425024619282
27.304;0.0779295219425731
27.308;0.0566359710352685
27.312;0.110628799461209
27.316;0.0512493748691934
27.32;0.0167738192063177
27.324;0.0311275037092631
27.328;0.0122614512030798
27.332;0.169445695112162
27.336;0.121486782453421
27.34;0.191335345529394
27.344;0.159271875902666
27.348;0.243205244264743
27.352;0.357589123225144
27.356;0.480915073614291
27.36;0.658061860999702
27.364;0.798883560720642
27.368;0.818838629455771
27.372;0.965171128813523
27.376;0.930487531111337
27.38;1.04421480285126
27.384;0.978510499278515
27.388;0.860148924134388
27.392;0.961827641344979
27.396;0.754570690748634
27.4;0.643987804157386
27.404;0.449324217828331
27.408;0.421994377215838
27.412;0.259896451786769
27.416;0.300375249035658
27.42;0.122267419130111
27.424;0.0652698011714746
27.428;0.0869118644114505
27.432;0.0674124019538477
27.436;0.0243496810006617
27.44;-0.0411040234827851
27.444;0.00022730326135686
27.448;0.0293473553438157
27.452;0.0347272364781595
27.456;-0.135177718934778
27.46;0.00328810033115238
27.464;0.00892986831310481
27.468;0.0220403316899716
27.472;-0.0145307663116475
27.476;-0.0397007695165248
27.48;-0.00168213348026053
27.484;0.0585182121743123
27.488;0.035200418022176
27.492;-0.0528486982173949
27.496;0.0244052881424624
27.5;-0.0965936672892427
27.504;-0.0385191599392906
27.508;-0.0359032190016642
27.512;0.00195903191563083
27.516;0.0669459758609488
27.52;-0.0441264669118294
27.524;0.065316452749812
27.528;-0.0303478873587926
27.532;0.0374500673481376
27.536;-0.0101554562072011
27.54;-0.0240929655011621
27.544;0.0119218655911765
27.548;-0.0656595432607322
27.552;-0.0653881330355102
27.556;0.00564241481119388
27.56;0.00522539533972827
27.564;0.0712756335636074
27.568;-0.0420495903096378
27.572;-0.00412443239824219
27.576;-0.0165118708955752
27.58;0.0186317746818151
27.584;-0.0256762069668692
27.588;0.107029560533304
27.592;0.0760649965570643
27.596;0.0997375001922252
27.6;-0.0998132110931903
27.604;0.018511990865697
27.608;0.00321804063828902
27.612;-0.0184095342478752
27.616;0.110894114340544
27.62;-0.00653342431294267
27.624;0.0640645722682058
27.628;0.0488285083488165
27.632;0.013255334182312
27.636;-0.0251809590256271
27.64;0.00495090418991554
27.644;0.0580997113926925
27.648;-0.0669387434091381
27.652;-0.0899683097292697
27.656;-0.0244795464702093
27.66;0.0278274314936678
27.664;-0.0232494923162633
27.668;-0.0113390043519177
27.672;0.0677693191885274
27.676;0.0746696831453488
27.68;-0.0502275219948648
27.684;0.0378677780534388
27.688;0.0622961255952418
27.692;0.0264123558792999
27.696;-0.0537811433322819
27.7;0.0339601827902869
27.704;-0.0644868546064113
27.708;0.0651531360308377
27.712;0.00497124573886835
27.716;0.0229415205025152
27.72;0.0288922463811118
27.724;-0.104747767630775
27.728;0.0394068241447757
27.732;0.0254925864916588
27.736;0.049856038363471
27.74;-0.0525703981103795
27.744;0.0481705083658313
27.748;0.00798281257336749
27.752;0.0589636034705361
27.756;-0.0360766181081218
27.76;-0.0792782911638263
27.764;0.100985533552485
27.768;0.0352029325367115
27.772;0.0577684093099616
27.776;0.0159337542687094
27.78;-0.015764043808141
27.784;0.0326775352745905
27.788;0.0555461650502501
27.792;-0.020005158193959
27.796;0.00720685448251737
27.8;-0.0128956213550944
27.804;0.0742001139944366
27.808;-0.0519623192515182
27.812;-0.0612676855135467
27.816;0.0645436163985691
27.82;-0.0988924400376496
27.824;0.00610349133207762
27.828;0.0286413027695691
27.832;0.076529751596569
27.836;-0.0400305591535991
27.84;-0.0428767696041472
27.844;-0.0491743153879512
27.848;-0.120110430980661
27.852;-0.0157921615678458
27.856;0.0721383892810342
27.86;-0.022811612997071
27.864;0.0684384619108713
27.868;0.0225956263653681
27.872;0.0122423539552847
27.876;0.0988191401967674
27.88;0.051730215179349
27.884;0.0203369125509274
27.888;0.0197377475033881
27.892;0.0206082873994946
27.896;-0.0171616709995077
27.9;-0.0723341391473188
27.904;0.0485802176620787
27.908;0.00186822304192367
27.912;-0.0116191767485248
27.916;0.0305150312084967
27.92;0.0486971240711781
27.924;0.0948755103815443
27.928;-0.0168559678097238
27.932;0.0360353266025415
27.936;-0.0130000893007991
27.94;-0.00156006775143525
27.944;-0.0750310861637031
27.948;0.0300154465153182
27.952;-0.045278410662155
27.956;0.0532411024180643
27.96;0.0418991347604562
27.964;-0.0152606936832718
27.968;0.0288851673845055
27.972;0.00320861228872405
27.976;-0.0060637682982338
27.98;0.0286366732601506
27.984;0.000466120050261358
27.988;-0.0810511160950066
27.992;-0.0184469675499927
27.996;0.0459960413823015
28;-0.0572740433302488
28.004;-0.0397784192115494
28.008;-0.0358858080934945
28.012;-0.0863657292451382
28.016;-0.0129405727313564
28.02;-0.0237442268371534
28.024;-0.0473800918403397
28.028;-0.196707818584172
28.032;-0.0181036549823571
28.036;0.041286651121074
28.04;0.107273555971243
28.044;0.0519714337676255
28.048;0.00414650536601843
28.052;0.0700723662316313
28.056;0.0580470931800763
28.06;0.00223516173653873
28.064;0.073924302501462
28.068;0.0425041888636531
28.072;-0.00680655855814183
28.076;-0.0078060811324549
28.08;-0.0187434645416751
28.084;0.0393220155832669
28.088;0.124342999834281
28.092;-0.0385875618352047
28.096;0.0559114255201686
28.1;0.138715850322813
28.104;0.132224399796316
28.108;0.140118431317846
28.112;0.21076728548595
28.116;0.340008325968603
28.12;0.513099368683349
28.124;0.590673102033387
28.128;0.711198529816465
28.132;0.83054588387017
28.136;0.906922539397241
28.14;0.995830839530265
28.144;1.00732799346759
28.148;1.01018333973201
28.152;0.868965961095684
28.156;0.853640964141214
28.16;0.723625372587867
28.164;0.654014486418415
28.168;0.571471707795639
28.172;0.473872674110675
28.176;0.272413575680685
28.18;0.164001486849026
28.184;0.184975475643034
28.188;0.0897012425579586
28.192;0.0942122162559226
28.196;-0.0225006843703008
28.2;-0.00025478559600681
28.204;-0.0368974879398887
28.208;0.00425346593958662
28.212;0.00288915871349822
28.216;0.10955517238001
28.22;0.000992663000436757
28.224;-0.039784863558283
28.228;-0.0649484613489382
28.232;-0.0493253581623098
28.236;0.0325074398519723
28.24;-0.0234666186174006
28.244;0.0126951007054979
28.248;0.0554361086016831
28.252;0.0268383316331589
28.256;0.0476078059753198
28.26;0.0378531919436819
28.264;-0.083029049688199
28.268;-0.0437825241320954
28.272;0.0332124401348188
28.276;0.131796307227909
28.28;0.0035808267140671
28.284;0.0820129623558455
28.288;-0.0508529130982364
28.292;-0.00290354731092952
28.296;-0.0369384404657332
28.3;-0.0455866278932283
28.304;-0.0391057599782738
28.308;-0.068800690043066
28.312;0.0291852303765976
28.316;-0.0411906340686544
28.32;-0.0441350518090568
28.324;0.0263341872321534
28.328;0.0600133068187622
28.332;0.0363392899349379
28.336;-0.0463247995803445
28.34;0.00176425432154528
28.344;0.00691936872163823
28.348;0.0288688314268131
28.352;0.025341309399488
28.356;-0.0520234594555001
28.36;0.0390306508514276
28.364;0.0485499227836037
28.368;0.0363998585745982
28.372;-0.00159780687392942
28.376;0.0212394656618214
28.38;0.0901475206955277
28.384;-0.0227790274382466
28.388;-0.0738897947965512
28.392;0.0778175006852395
28.396;-0.0383844016508132
28.4;0.055129718088845
28.404;-0.0828240422383297
28.408;-0.0492684386810698
28.412;0.0325531536913161
28.416;0.0211570152140022
28.42;-0.0135294732309306
28.424;0.059291892426052
28.428;0.0233110217207495
28.432;-0.0291122827468527
28.436;-0.00588161322515849
28.44;-0.0535645056061939
28.444;0.0714484788062609
28.448;0.0415621142592894
28.452;-0.00943571752498581
28.456;-0.0528244290252111
28.46;-0.0210814663843326
28.464;-0.0875903046094494
28.468;0.0855179299744214
28.472;-0.025943189371215
28.476;0.0388112251838383
28.48;0.0803349918278428
28.484;-0.0639723342114918
28.488;0.0247032398988241
28.492;0.0504404006144622
28.496;0.0242422550498194
28.5;-0.087301193441803
28.504;0.0773251043793584
28.508;-0.0546816789183217
28.512;0.0725329406670342
28.516;0.0362918315181891
28.52;-0.0738706160743074
28.524;-0.0299627757480387
28.528;0.0521797579494201
28.532;0.0807821872290427
28.536;0.0362375108865094
28.54;-0.0952046280415417
28.544;-0.0338489230026839
28.548;0.0289313099937057
28.552;0.0152533284737645
28.556;-0.0299986633368907
28.56;0.0584297806912787
28.564;0.00663071442027466
28.568;0.0426359754749144
28.572;0.0316630986054359
28.576;0.0516826835163514
28.58;0.0568509625449688
28.584;0.00834109770382405
28.588;0.0690428549190314
28.592;0.0605971931996621
28.596;0.00881711339186208
28.6;-0.000427526207478069
28.604;-0.064704841028839
28.608;-0.0391286644402978
28.612;0.0177463026314226
28.616;-0.0498689598420005
28.62;0.0483044676311035
28.624;0.0776078265655565
28.628;0.034948970400512
28.632;-0.00992095199253669
28.636;0.0157381475794502
28.64;0.0199715742031778
28.644;-0.0052459445045723
28.648;-0.0152669681723
28.652;0.00688778073004519
28.656;0.00664654160149917
28.66;-0.020592491793296
28.664;-0.03184818265628
28.668;0.0102870904554524
28.672;-0.027039584513647
28.676;0.0283116277682855
28.68;-0.0237013088337481
28.684;-0.00181116903857655
28.688;0.0734560683200406
28.692;-0.00702371969418518
28.696;-0.0916635894161642
28.7;-0.00219096506345056
28.704;-0.00621294099186546
28.708;-0.0610222307513008
28.712;0.00382976814095347
28.716;-0.0440904713752362
28.72;-0.0148021026900584
28.724;0.0747875340690681
28.728;-0.00167096998264702
28.732;0.0190647551470645
28.736;0.0758668789502436
28.74;-0.00363698552686856
28.744;-0.0762004203130356
28.748;0.0355396289971116
28.752;-0.0487697804869609
28.756;-0.0121342668443781
28.76;0.0292513264276353
28.764;-0.0830609902271212
28.768;-0.019892378640473
28.772;0.00198537136914634
28.776;0.0282140773109122
28.78;-0.0133283105578034
28.784;-0.017807298542094
28.788;-0.0586787002753838
28.792;-0.00388639664673487
28.796;0.0181387693210169
28.8;0.0596616024500314
28.804;-0.0294757369717011
28.808;-0.0258642106124095
28.812;0.0397944131430806
28.816;-0.113559512093949
28.82;0.0445786877642737
28.824;-0.0411070328135529
28.828;0.0622265515208126
28.832;-0.00845249501881978
28.836;-0.00733296648548804
28.84;-0.0364626462566421
28.844;0.0996680361858151
28.848;0.0561628948572538
28.852;0.212313070194447
28.856;0.206961114819799
28.86;0.412500878028478
28.864;0.447121760520645
28.868;0.693759298193696
28.872;0.69346455576781
28.876;0.848600406649811
28.88;0.916862773647157
28.884;1.05941198242851
28.888;0.955049292290424
28.892;1.0173998878736
28.896;0.94144276713904
28.9;0.804875742603663
28.904;0.648487053342079
28.908;0.605968538938019
28.912;0.391009522675725
28.916;0.422940825991825
28.92;0.35820188279642
28.924;0.189653668244758
28.928;0.159926162670016
28.932;0.171687139038236
28.936;0.137113988468689
28.94;0.135885677236137
28.944;-0.0642432703220422
28.948;-0.00634248263735684
28.952;0.0561500866677558
28.956;-0.0216121420572022
28.96;0.0655393133933243
28.964;0.0243113335298225
28.968;0.00594657306560651
28.972;0.0639373627745448
28.976;0.0793327640200899
28.98;0.0738242818152059
28.984;-0.0180010163987736
28.988;0.0877011477597569
28.992;-0.119057510038678
28.996;0.0638423026344225
29;-0.0266452109269295
29.004;0.0300849032471128
29.008;0.0451756978502762
29.012;0.0332301305663897
29.016;-0.00681731531464248
29.02;-0.0701179099398141
29.024;0.0117275355748058
29.028;-0.0842147507984532
29.032;-0.0602382191373827
29.036;-0.00685807320922773
29.04;0.0214861623593215
29.044;0.000213051176548272
29.048;0.0258022691519844
29.052;0.0521122729372565
29.056;0.00806688885076044
29.06;-0.0128199475927721
29.064;0.0373612269103243
29.068;0.00883303863609297
29.072;0.00700042684840935
29.076;-0.0352042902053793
29.08;-0.11461529012149
29.084;-0.0700698476918192
29.088;-0.00368695903675349
29.092;3.93872212711345E-05
29.096;0.0823799616893103
29.1;0.0379244020921615
29.104;0.0325431842923982
29.108;0.0342396990604615
29.112;-0.0670768947246496
29.116;0.0174533656663682
29.12;0.0506034782335574
29.124;-0.0456496902307311
29.128;0.0688806536204862
29.132;0.0587896808574922
29.136;-0.0520882441395934
29.14;-0.0601058062158267
29.144;0.0150495083737739
29.148;0.0436144718144098
29.152;-0.0442016771950148
29.156;0.0188269942634942
29.16;0.0072301958681685
29.164;-0.00169957765861739
29.168;0.00446054972423008
29.172;0.119210478431522
29.176;-0.0775071461916194
29.18;0.0487368764858023
29.184;0.0407157339856586
29.188;0.0604076916856881
29.192;0.0910645122603312
29.196;-0.000358259526930961
29.2;-0.110439052486493
29.204;0.0437071669155896
29.208;-0.00960590408050032
29.212;-0.020672733657768
29.216;-0.0573988915147431
29.22;-0.0228456475813094
29.224;-0.0687071655633724
29.228;-0.0666677210669324
29.232;-0.0511411761173933
29.236;0.118181613236779
29.24;0.00576660433934735
29.244;0.0303544004026722
29.248;-0.0570690749686046
29.252;-0.0257414951222522
29.256;-0.0202999027721632
29.26;0.035850719152627
29.264;-0.081614885479514
29.268;-0.0836687710866358
29.272;0.0326598523697549
29.276;0.0671478161032563
29.28;0.117881409296449
29.284;0.0254170462626257
29.288;0.0180212055069312
29.292;0.0591930136471652
29.296;0.00557248131017429
29.3;-0.0253119986548986
29.304;0.0319460737098549
29.308;0.0457133931272584
29.312;0.0332310839021704
29.316;-0.00525689567735048
29.32;-0.0285700832868777
29.324;-0.0535434872940638
29.328;-0.0630473990426423
29.332;0.0649071035931954
29.336;-0.000702081783899592
29.34;-0.00677610134415154
29.344;-0.0715448690147933
29.348;0.00147554047490837
29.352;-0.0824980542069356
29.356;0.00223747439371405
29.36;0.0462283382600087
29.364;0.0427753395674338
29.368;0.0372358051893038
29.372;-0.00668509029602393
29.376;0.0229688299554407
29.38;-0.0494451387224568
29.384;0.0880533864106909
29.388;-0.0595977116131164
29.392;0.031481570469615
29.396;0.048463560840569
29.4;-0.0488756709975102
29.404;-0.0891974737210275
29.408;0.0263135569879704
29.412;-0.0270521099485995
29.416;-0.0685892837678594
29.42;0.0359701295414689
29.424;-0.0324076107039872
29.428;0.00872212683861221
29.432;0.0595776975734752
29.436;0.051480574066698
29.44;0.0659145111876282
29.444;-0.0210989703828637
29.448;0.0191190580777978
29.452;0.0203944387591425
29.456;-0.0601002565432882
29.46;-0.0472134684039396
29.464;-0.0733614218471777
29.468;-0.0512937170827679
29.472;0.0762598632854615
29.476;0.0148682837652586
29.48;0.0175619485536415
29.484;-0.00463062424823673
29.488;0.120820756743321
29.492;-0.0336812169761392
29.496;0.02319201063079
29.5;-0.0831202058275917
29.504;-0.0324166035431888
29.508;0.0374863749987035
29.512;-0.0404545557832026
29.516;-0.00324181549776259
29.52;-0.0515971008594908
29.524;0.0167033227183309
29.528;0.0420196090635445
29.532;0.0181306267888342
29.536;0.0650350519328451
29.54;-0.0342819199628354
29.544;-0.0328468730533544
29.548;0.0118373480973989
29.552;0.0497915767116481
29.556;0.0342329824042466
29.56;-0.0279814494099104
29.564;-0.000579342133422538
29.568;-0.0268714284644467
29.572;-0.00321652717049869
29.576;-0.00171401412367817
29.58;-0.0199630912504169
29.584;0.00604187695861479
29.588;-0.0201282778166968
29.592;-0.093705635765151
29.596;-0.0355881366252243
29.6;0.0995337342968209
29.604;-0.00882758720324824
29.608;-0.0521409267181042
29.612;0.0526010718992806
29.616;0.0250004715102699
29.62;0.0425820428277583
29.624;0.00331100846986599
29.628;-0.00590845669977196
29.632;-0.00437908446315444
29.636;0.0230875858613737
29.64;0.0955307929822265
29.644;0.0646581986334363
29.648;-0.0395925937552279
29.652;-0.0305228280816602
29.656;0.027734311175655
29.66;-0.0675818581849722
29.664;0.0476922157902353
29.668;0.124931762772457
29.672;0.128349311003585
29.676;0.101509938326601
29.68;0.106401699893811
29.684;0.204378814204811
29.688;0.490982573100599
29.692;0.514610497405312
29.696;0.606015954805998
29.7;0.743435538741106
29.704;0.846882649932462
29.708;0.920673926723784
29.712;1.02390530244201
29.716;1.00346347605402
29.72;0.951475498092422
29.724;0.948556452921256
29.728;0.84765503415662
29.732;0.751097846638192
29.736;0.609018377793068
29.74;0.376845952871873
29.744;0.383297025526432
29.748;0.347734345532995
29.752;0.193399037946464
29.756;0.160766645910879
29.76;0.0114797338015167
29.764;0.0873715143836218
29.768;0.0555831514808896
29.772;0.0324189849066763
29.776;-0.0435139008474813
29.78;-0.0145566442123697
29.784;0.0130036056695217
29.788;0.0700711887033842
29.792;-0.0771282552700396
29.796;0.0528735310878975
29.8;-0.00715307414595407
29.804;-0.0687225397005728
29.808;-0.0242323168651968
29.812;0.0727610856780523
29.816;-0.0324435033441255
29.82;0.0650520193530466
29.824;-0.106200216523759
29.828;-0.117531187520561
29.832;0.0695477013090055
29.836;-0.0472356695666345
29.84;0.039655108391285
29.844;0.126993617768798
29.848;0.0277797527344025
29.852;0.0355017961661583
29.856;0.0221806547537059
29.86;-0.0176732107402149
29.864;0.0322083849749809
29.868;-0.00620452414090975
29.872;0.0158032159394995
29.876;-0.0683352659660911
29.88;0.0249993479558806
29.884;-0.0249339591172394
29.888;0.0348870848243085
29.892;-0.0143736726793475
29.896;0.0109738806419289
29.9;0.0309451338302533
29.904;0.0383246175137089
29.908;-0.0521245713732864
29.912;-0.0322820814558007
29.916;-0.0560579218693599
29.92;0.016893128413083
29.924;-0.0301425157192425
29.928;-0.0049854784676401
29.932;-0.00201457997811349
29.936;0.102601161839084
29.94;-0.0590032165120549
29.944;-0.00264165131776209
29.948;-0.0385256218969637
29.952;-0.0147258671879862
29.956;0.0429279177079006
29.96;0.116828636982223
29.964;-0.0350606180431129
29.968;0.0137118072217125
29.972;-0.0897116655703827
29.976;0.0150337819892947
29.98;-0.0337383903541815
29.984;-0.0158563771459276
29.988;-0.10078458272614
29.992;-0.0442308756723377
29.996;-0.0448012695339491
